t, 1_1_angle, 1_1_speed, 2_1_angle, 2_1_speed, 3_1_angle, 3_1_speed
  0.0000, 0.359506, 1.000000, 0.953097, 1.000000, 0.614821, 1.000000
  0.0100, 0.359506, 1.000000, 0.953097, 1.000000, 0.614821, 1.000000
  0.0200, 0.359506, 1.000000, 0.953097, 1.000000, 0.614821, 1.000000
  0.0300, 0.359506, 1.000000, 0.953097, 1.000000, 0.614821, 1.000000
  0.0400, 0.359506, 1.000000, 0.953097, 1.000000, 0.614821, 1.000000
  0.0500, 0.359506, 1.000000, 0.953097, 1.000000, 0.614821, 1.000000
  0.0600, 0.359506, 1.000000, 0.953097, 1.000000, 0.614821, 1.000000
  0.0700, 0.359506, 1.000000, 0.953097, 1.000000, 0.614821, 1.000000
  0.0800, 0.359506, 1.000000, 0.953097, 1.000000, 0.614821, 1.000000
  0.0900, 0.359506, 1.000000, 0.953097, 1.000000, 0.614821, 1.000000
  0.1000, 0.359506, 1.000000, 0.953097, 1.000000, 0.614821, 1.000000
  0.1100, 0.359506, 1.000000, 0.953097, 1.000000, 0.614821, 1.000000
  0.1200, 0.359506, 1.000000, 0.953097, 1.000000, 0.614821, 1.000000
  0.1300, 0.359506, 1.000000, 0.953097, 1.000000, 0.614821, 1.000000
  0.1400, 0.359506, 1.000000, 0.953097, 1.000000, 0.614821, 1.000000
  0.1500, 0.359506, 1.000000, 0.953097, 1.000000, 0.614821, 1.000000
  0.1600, 0.359506, 1.000000, 0.953097, 1.000000, 0.614821, 1.000000
  0.1700, 0.359506, 1.000000, 0.953097, 1.000000, 0.614821, 1.000000
  0.1800, 0.359506, 1.000000, 0.953097, 1.000000, 0.614821, 1.000000
  0.1900, 0.359506, 1.000000, 0.953097, 1.000000, 0.614821, 1.000000
  0.2000, 0.359506, 1.000000, 0.953097, 1.000000, 0.614821, 1.000000
  0.2100, 0.359506, 1.000000, 0.953097, 1.000000, 0.614821, 1.000000
  0.2200, 0.359506, 1.000000, 0.953097, 1.000000, 0.614821, 1.000000
  0.2300, 0.359506, 1.000000, 0.953097, 1.000000, 0.614821, 1.000000
  0.2400, 0.359506, 1.000000, 0.953097, 1.000000, 0.614821, 1.000000
  0.2500, 0.359506, 1.000000, 0.953097, 1.000000, 0.614821, 1.000000
  0.2600, 0.359506, 1.000000, 0.953097, 1.000000, 0.614821, 1.000000
  0.2700, 0.359506, 1.000000, 0.953097, 1.000000, 0.614821, 1.000000
  0.2800, 0.359506, 1.000000, 0.953097, 1.000000, 0.614821, 1.000000
  0.2900, 0.359506, 1.000000, 0.953097, 1.000000, 0.614821, 1.000000
  0.3000, 0.359506, 1.000000, 0.953097, 1.000000, 0.614821, 1.000000
  0.3100, 0.359506, 1.000000, 0.953097, 1.000000, 0.614821, 1.000000
  0.3200, 0.359506, 1.000000, 0.953097, 1.000000, 0.614821, 1.000000
  0.3300, 0.359506, 1.000000, 0.953097, 1.000000, 0.614821, 1.000000
  0.3400, 0.359506, 1.000000, 0.953097, 1.000000, 0.614821, 1.000000
  0.3500, 0.359506, 1.000000, 0.953097, 1.000000, 0.614821, 1.000000
  0.3600, 0.359506, 1.000000, 0.953097, 1.000000, 0.614821, 1.000000
  0.3700, 0.359506, 1.000000, 0.953097, 1.000000, 0.614821, 1.000000
  0.3800, 0.359506, 1.000000, 0.953097, 1.000000, 0.614821, 1.000000
  0.3900, 0.359506, 1.000000, 0.953097, 1.000000, 0.614821, 1.000000
  0.4000, 0.359506, 1.000000, 0.953097, 1.000000, 0.614821, 1.000000
  0.4100, 0.359506, 1.000000, 0.953097, 1.000000, 0.614821, 1.000000
  0.4200, 0.359506, 1.000000, 0.953097, 1.000000, 0.614821, 1.000000
  0.4300, 0.359506, 1.000000, 0.953097, 1.000000, 0.614821, 1.000000
  0.4400, 0.359506, 1.000000, 0.953097, 1.000000, 0.614821, 1.000000
  0.4500, 0.359506, 1.000000, 0.953097, 1.000000, 0.614821, 1.000000
  0.4600, 0.359506, 1.000000, 0.953097, 1.000000, 0.614821, 1.000000
  0.4700, 0.359506, 1.000000, 0.953097, 1.000000, 0.614821, 1.000000
  0.4800, 0.359506, 1.000000, 0.953097, 1.000000, 0.614821, 1.000000
  0.4900, 0.359506, 1.000000, 0.953097, 1.000000, 0.614821, 1.000000
  0.5000, 0.359506, 1.000000, 0.953097, 1.000000, 0.614821, 1.000000
  0.5100, 0.359506, 1.000000, 0.953097, 1.000000, 0.614821, 1.000000
  0.5200, 0.359506, 1.000000, 0.953097, 1.000000, 0.614821, 1.000000
  0.5300, 0.359506, 1.000000, 0.953097, 1.000000, 0.614821, 1.000000
  0.5400, 0.359506, 1.000000, 0.953097, 1.000000, 0.614821, 1.000000
  0.5500, 0.359506, 1.000000, 0.953097, 1.000000, 0.614821, 1.000000
  0.5600, 0.359506, 1.000000, 0.953097, 1.000000, 0.614821, 1.000000
  0.5700, 0.359506, 1.000000, 0.953097, 1.000000, 0.614821, 1.000000
  0.5800, 0.359506, 1.000000, 0.953097, 1.000000, 0.614821, 1.000000
  0.5900, 0.359506, 1.000000, 0.953097, 1.000000, 0.614821, 1.000000
  0.6000, 0.359506, 1.000000, 0.953097, 1.000000, 0.614821, 1.000000
  0.6100, 0.359506, 1.000000, 0.953097, 1.000000, 0.614821, 1.000000
  0.6200, 0.359506, 1.000000, 0.953097, 1.000000, 0.614821, 1.000000
  0.6300, 0.359506, 1.000000, 0.953097, 1.000000, 0.614821, 1.000000
  0.6400, 0.359506, 1.000000, 0.953097, 1.000000, 0.614821, 1.000000
  0.6500, 0.359506, 1.000000, 0.953097, 1.000000, 0.614821, 1.000000
  0.6600, 0.359506, 1.000000, 0.953097, 1.000000, 0.614821, 1.000000
  0.6700, 0.359506, 1.000000, 0.953097, 1.000000, 0.614821, 1.000000
  0.6800, 0.359506, 1.000000, 0.953097, 1.000000, 0.614821, 1.000000
  0.6900, 0.359506, 1.000000, 0.953097, 1.000000, 0.614821, 1.000000
  0.7000, 0.359506, 1.000000, 0.953097, 1.000000, 0.614821, 1.000000
  0.7100, 0.359506, 1.000000, 0.953097, 1.000000, 0.614821, 1.000000
  0.7200, 0.359506, 1.000000, 0.953097, 1.000000, 0.614821, 1.000000
  0.7300, 0.359506, 1.000000, 0.953097, 1.000000, 0.614821, 1.000000
  0.7400, 0.359506, 1.000000, 0.953097, 1.000000, 0.614821, 1.000000
  0.7500, 0.359506, 1.000000, 0.953097, 1.000000, 0.614821, 1.000000
  0.7600, 0.359506, 1.000000, 0.953097, 1.000000, 0.614821, 1.000000
  0.7700, 0.359506, 1.000000, 0.953097, 1.000000, 0.614821, 1.000000
  0.7800, 0.359506, 1.000000, 0.953097, 1.000000, 0.614821, 1.000000
  0.7900, 0.359506, 1.000000, 0.953097, 1.000000, 0.614821, 1.000000
  0.8000, 0.359506, 1.000000, 0.953097, 1.000000, 0.614821, 1.000000
  0.8100, 0.359506, 1.000000, 0.953097, 1.000000, 0.614821, 1.000000
  0.8200, 0.359506, 1.000000, 0.953097, 1.000000, 0.614821, 1.000000
  0.8300, 0.359506, 1.000000, 0.953097, 1.000000, 0.614821, 1.000000
  0.8400, 0.359506, 1.000000, 0.953097, 1.000000, 0.614821, 1.000000
  0.8500, 0.359506, 1.000000, 0.953097, 1.000000, 0.614821, 1.000000
  0.8600, 0.359506, 1.000000, 0.953097, 1.000000, 0.614821, 1.000000
  0.8700, 0.359506, 1.000000, 0.953097, 1.000000, 0.614821, 1.000000
  0.8800, 0.359506, 1.000000, 0.953097, 1.000000, 0.614821, 1.000000
  0.8900, 0.359506, 1.000000, 0.953097, 1.000000, 0.614821, 1.000000
  0.9000, 0.359506, 1.000000, 0.953097, 1.000000, 0.614821, 1.000000
  0.9100, 0.359506, 1.000000, 0.953097, 1.000000, 0.614821, 1.000000
  0.9200, 0.359506, 1.000000, 0.953097, 1.000000, 0.614821, 1.000000
  0.9300, 0.359506, 1.000000, 0.953097, 1.000000, 0.614821, 1.000000
  0.9400, 0.359506, 1.000000, 0.953097, 1.000000, 0.614821, 1.000000
  0.9500, 0.359506, 1.000000, 0.953097, 1.000000, 0.614821, 1.000000
  0.9600, 0.359506, 1.000000, 0.953097, 1.000000, 0.614821, 1.000000
  0.9700, 0.359506, 1.000000, 0.953097, 1.000000, 0.614821, 1.000000
  0.9800, 0.359506, 1.000000, 0.953097, 1.000000, 0.614821, 1.000000
  0.9900, 0.359506, 1.000000, 0.953097, 1.000000, 0.614821, 1.000000
  1.0000, 0.359506, 1.000000, 0.953097, 1.000000, 0.614821, 1.000000
  1.0100, 0.359506, 1.000000, 0.953097, 1.000000, 0.614821, 1.000000
  1.0200, 0.359506, 1.000000, 0.953097, 1.000000, 0.614821, 1.000000
  1.0300, 0.359506, 1.000000, 0.953097, 1.000000, 0.614821, 1.000000
  1.0400, 0.359506, 1.000000, 0.953097, 1.000000, 0.614821, 1.000000
  1.0500, 0.359506, 1.000000, 0.953097, 1.000000, 0.614821, 1.000000
  1.0600, 0.359506, 1.000000, 0.953097, 1.000000, 0.614821, 1.000000
  1.0700, 0.359506, 1.000000, 0.953097, 1.000000, 0.614821, 1.000000
  1.0800, 0.359506, 1.000000, 0.953097, 1.000000, 0.614821, 1.000000
  1.0900, 0.359506, 1.000000, 0.953097, 1.000000, 0.614821, 1.000000
  1.1000, 0.359506, 1.000000, 0.953097, 1.000000, 0.614821, 1.000000
  1.1100, 0.359506, 1.000000, 0.953097, 1.000000, 0.614821, 1.000000
  1.1200, 0.359506, 1.000000, 0.953097, 1.000000, 0.614821, 1.000000
  1.1300, 0.359506, 1.000000, 0.953097, 1.000000, 0.614821, 1.000000
  1.1400, 0.359506, 1.000000, 0.953097, 1.000000, 0.614821, 1.000000
  1.1500, 0.359506, 1.000000, 0.953097, 1.000000, 0.614821, 1.000000
  1.1600, 0.359506, 1.000000, 0.953097, 1.000000, 0.614821, 1.000000
  1.1700, 0.359506, 1.000000, 0.953097, 1.000000, 0.614821, 1.000000
  1.1800, 0.359506, 1.000000, 0.953097, 1.000000, 0.614821, 1.000000
  1.1900, 0.359506, 1.000000, 0.953097, 1.000000, 0.614821, 1.000000
  1.2000, 0.359506, 1.000000, 0.953097, 1.000000, 0.614821, 1.000000
  1.2100, 0.359506, 1.000000, 0.953097, 1.000000, 0.614821, 1.000000
  1.2200, 0.359506, 1.000000, 0.953097, 1.000000, 0.614821, 1.000000
  1.2300, 0.359506, 1.000000, 0.953097, 1.000000, 0.614821, 1.000000
  1.2400, 0.359506, 1.000000, 0.953097, 1.000000, 0.614821, 1.000000
  1.2500, 0.359506, 1.000000, 0.953097, 1.000000, 0.614821, 1.000000
  1.2600, 0.359506, 1.000000, 0.953097, 1.000000, 0.614821, 1.000000
  1.2700, 0.359506, 1.000000, 0.953097, 1.000000, 0.614821, 1.000000
  1.2800, 0.359506, 1.000000, 0.953097, 1.000000, 0.614821, 1.000000
  1.2900, 0.359506, 1.000000, 0.953097, 1.000000, 0.614821, 1.000000
  1.3000, 0.359506, 1.000000, 0.953097, 1.000000, 0.614821, 1.000000
  1.3100, 0.359506, 1.000000, 0.953097, 1.000000, 0.614821, 1.000000
  1.3200, 0.359506, 1.000000, 0.953097, 1.000000, 0.614821, 1.000000
  1.3300, 0.359506, 1.000000, 0.953097, 1.000000, 0.614821, 1.000000
  1.3400, 0.359506, 1.000000, 0.953097, 1.000000, 0.614821, 1.000000
  1.3500, 0.359506, 1.000000, 0.953097, 1.000000, 0.614821, 1.000000
  1.3600, 0.359506, 1.000000, 0.953097, 1.000000, 0.614821, 1.000000
  1.3700, 0.359506, 1.000000, 0.953097, 1.000000, 0.614821, 1.000000
  1.3800, 0.359506, 1.000000, 0.953097, 1.000000, 0.614821, 1.000000
  1.3900, 0.359506, 1.000000, 0.953097, 1.000000, 0.614821, 1.000000
  1.4000, 0.359506, 1.000000, 0.953097, 1.000000, 0.614821, 1.000000
  1.4100, 0.359506, 1.000000, 0.953097, 1.000000, 0.614821, 1.000000
  1.4200, 0.359506, 1.000000, 0.953097, 1.000000, 0.614821, 1.000000
  1.4300, 0.359506, 1.000000, 0.953097, 1.000000, 0.614821, 1.000000
  1.4400, 0.359506, 1.000000, 0.953097, 1.000000, 0.614821, 1.000000
  1.4500, 0.359506, 1.000000, 0.953097, 1.000000, 0.614821, 1.000000
  1.4600, 0.359506, 1.000000, 0.953097, 1.000000, 0.614821, 1.000000
  1.4700, 0.359506, 1.000000, 0.953097, 1.000000, 0.614821, 1.000000
  1.4800, 0.359506, 1.000000, 0.953097, 1.000000, 0.614821, 1.000000
  1.4900, 0.359506, 1.000000, 0.953097, 1.000000, 0.614821, 1.000000
  1.5000, 0.359506, 1.000000, 0.953097, 1.000000, 0.614821, 1.000000
  1.5100, 0.359506, 1.000000, 0.953097, 1.000000, 0.614821, 1.000000
  1.5200, 0.359506, 1.000000, 0.953097, 1.000000, 0.614821, 1.000000
  1.5300, 0.359506, 1.000000, 0.953097, 1.000000, 0.614821, 1.000000
  1.5400, 0.359506, 1.000000, 0.953097, 1.000000, 0.614821, 1.000000
  1.5500, 0.359506, 1.000000, 0.953097, 1.000000, 0.614821, 1.000000
  1.5600, 0.359506, 1.000000, 0.953097, 1.000000, 0.614821, 1.000000
  1.5700, 0.359506, 1.000000, 0.953097, 1.000000, 0.614821, 1.000000
  1.5800, 0.359506, 1.000000, 0.953097, 1.000000, 0.614821, 1.000000
  1.5900, 0.359506, 1.000000, 0.953097, 1.000000, 0.614821, 1.000000
  1.6000, 0.359506, 1.000000, 0.953097, 1.000000, 0.614821, 1.000000
  1.6100, 0.359506, 1.000000, 0.953097, 1.000000, 0.614821, 1.000000
  1.6200, 0.359506, 1.000000, 0.953097, 1.000000, 0.614821, 1.000000
  1.6300, 0.359506, 1.000000, 0.953097, 1.000000, 0.614821, 1.000000
  1.6400, 0.359506, 1.000000, 0.953097, 1.000000, 0.614821, 1.000000
  1.6500, 0.359506, 1.000000, 0.953097, 1.000000, 0.614821, 1.000000
  1.6600, 0.359506, 1.000000, 0.953097, 1.000000, 0.614821, 1.000000
  1.6700, 0.359506, 1.000000, 0.953097, 1.000000, 0.614821, 1.000000
  1.6800, 0.359506, 1.000000, 0.953097, 1.000000, 0.614821, 1.000000
  1.6900, 0.359506, 1.000000, 0.953097, 1.000000, 0.614821, 1.000000
  1.7000, 0.359506, 1.000000, 0.953097, 1.000000, 0.614821, 1.000000
  1.7100, 0.359506, 1.000000, 0.953097, 1.000000, 0.614821, 1.000000
  1.7200, 0.359506, 1.000000, 0.953097, 1.000000, 0.614821, 1.000000
  1.7300, 0.359506, 1.000000, 0.953097, 1.000000, 0.614821, 1.000000
  1.7400, 0.359506, 1.000000, 0.953097, 1.000000, 0.614821, 1.000000
  1.7500, 0.359506, 1.000000, 0.953097, 1.000000, 0.614821, 1.000000
  1.7600, 0.359506, 1.000000, 0.953097, 1.000000, 0.614821, 1.000000
  1.7700, 0.359506, 1.000000, 0.953097, 1.000000, 0.614821, 1.000000
  1.7800, 0.359506, 1.000000, 0.953097, 1.000000, 0.614821, 1.000000
  1.7900, 0.359506, 1.000000, 0.953097, 1.000000, 0.614821, 1.000000
  1.8000, 0.359506, 1.000000, 0.953097, 1.000000, 0.614821, 1.000000
  1.8100, 0.359506, 1.000000, 0.953097, 1.000000, 0.614821, 1.000000
  1.8200, 0.359506, 1.000000, 0.953097, 1.000000, 0.614821, 1.000000
  1.8300, 0.359506, 1.000000, 0.953097, 1.000000, 0.614821, 1.000000
  1.8400, 0.359506, 1.000000, 0.953097, 1.000000, 0.614821, 1.000000
  1.8500, 0.359506, 1.000000, 0.953097, 1.000000, 0.614821, 1.000000
  1.8600, 0.359506, 1.000000, 0.953097, 1.000000, 0.614821, 1.000000
  1.8700, 0.359506, 1.000000, 0.953097, 1.000000, 0.614821, 1.000000
  1.8800, 0.359506, 1.000000, 0.953097, 1.000000, 0.614821, 1.000000
  1.8900, 0.359506, 1.000000, 0.953097, 1.000000, 0.614821, 1.000000
  1.9000, 0.359506, 1.000000, 0.953097, 1.000000, 0.614821, 1.000000
  1.9100, 0.359506, 1.000000, 0.953097, 1.000000, 0.614821, 1.000000
  1.9200, 0.359506, 1.000000, 0.953097, 1.000000, 0.614821, 1.000000
  1.9300, 0.359506, 1.000000, 0.953097, 1.000000, 0.614821, 1.000000
  1.9400, 0.359506, 1.000000, 0.953097, 1.000000, 0.614821, 1.000000
  1.9500, 0.359506, 1.000000, 0.953097, 1.000000, 0.614821, 1.000000
  1.9600, 0.359506, 1.000000, 0.953097, 1.000000, 0.614821, 1.000000
  1.9700, 0.359506, 1.000000, 0.953097, 1.000000, 0.614821, 1.000000
  1.9800, 0.359506, 1.000000, 0.953097, 1.000000, 0.614821, 1.000000
  1.9900, 0.359506, 1.000000, 0.953097, 1.000000, 0.614821, 1.000000
  2.0000, 0.359622, 1.000122, 0.953634, 1.000569, 0.615487, 1.000705
  2.0100, 0.360542, 1.000366, 0.957922, 1.001705, 0.620802, 1.002113
  2.0200, 0.362381, 1.000609, 0.966484, 1.002836, 0.631415, 1.003516
  2.0300, 0.365135, 1.000852, 0.979304, 1.003964, 0.647311, 1.004915
  2.0400, 0.368804, 1.001094, 0.996364, 1.005086, 0.668473, 1.006310
  2.0500, 0.372952, 1.001108, 1.015506, 1.005069, 0.692168, 1.006258
  2.0600, 0.377163, 1.001128, 1.034583, 1.005052, 0.715643, 1.006193
  2.0700, 0.381460, 1.001154, 1.053594, 1.005034, 0.738856, 1.006119
  2.0800, 0.385866, 1.001186, 1.072541, 1.005017, 0.761767, 1.006034
  2.0900, 0.390405, 1.001224, 1.091422, 1.005000, 0.784340, 1.005939
  2.1000, 0.395099, 1.001268, 1.110240, 1.004983, 0.806541, 1.005836
  2.1100, 0.399969, 1.001317, 1.128993, 1.004966, 0.828336, 1.005725
  2.1200, 0.405037, 1.001373, 1.147684, 1.004950, 0.849699, 1.005606
  2.1300, 0.410325, 1.001434, 1.166313, 1.004933, 0.870602, 1.005481
  2.1400, 0.415852, 1.001500, 1.184880, 1.004917, 0.891021, 1.005350
  2.1500, 0.421637, 1.001571, 1.203387, 1.004901, 0.910938, 1.005214
  2.1600, 0.427699, 1.001647, 1.221834, 1.004885, 0.930334, 1.005074
  2.1700, 0.434056, 1.001727, 1.240221, 1.004869, 0.949195, 1.004931
  2.1800, 0.440725, 1.001812, 1.258548, 1.004854, 0.967509, 1.004785
  2.1900, 0.447721, 1.001901, 1.276816, 1.004838, 0.985267, 1.004636
  2.2000, 0.455061, 1.001994, 1.295025, 1.004822, 1.002465, 1.004487
  2.2100, 0.462757, 1.002090, 1.313173, 1.004806, 1.019099, 1.004337
  2.2200, 0.470823, 1.002190, 1.331260, 1.004790, 1.035168, 1.004188
  2.2300, 0.479272, 1.002293, 1.349285, 1.004773, 1.050676, 1.004040
  2.2400, 0.488113, 1.002399, 1.367246, 1.004756, 1.065627, 1.003893
  2.2500, 0.497359, 1.002507, 1.385141, 1.004738, 1.080029, 1.003748
  2.2600, 0.507016, 1.002617, 1.402969, 1.004720, 1.093893, 1.003607
  2.2700, 0.517095, 1.002730, 1.420726, 1.004701, 1.107230, 1.003469
  2.2800, 0.527600, 1.002844, 1.438410, 1.004681, 1.120056, 1.003336
  2.2900, 0.538540, 1.002960, 1.456017, 1.004660, 1.132387, 1.003207
  2.3000, 0.549917, 1.003077, 1.473544, 1.004638, 1.144242, 1.003084
  2.3100, 0.561737, 1.003194, 1.490986, 1.004615, 1.155644, 1.002966
  2.3200, 0.574002, 1.003313, 1.508339, 1.004591, 1.166614, 1.002855
  2.3300, 0.586713, 1.003431, 1.525599, 1.004565, 1.177178, 1.002751
  2.3400, 0.599872, 1.003550, 1.542761, 1.004539, 1.187361, 1.002654
  2.3500, 0.613479, 1.003669, 1.559819, 1.004510, 1.197193, 1.002564
  2.3600, 0.627532, 1.003787, 1.576767, 1.004481, 1.206702, 1.002483
  2.3700, 0.642029, 1.003904, 1.593602, 1.004450, 1.215919, 1.002409
  2.3800, 0.656968, 1.004021, 1.610316, 1.004417, 1.224877, 1.002345
  2.3900, 0.672344, 1.004136, 1.626903, 1.004383, 1.233608, 1.002289
  2.4000, 0.688153, 1.004250, 1.643358, 1.004347, 1.242146, 1.002243
  2.4100, 0.704389, 1.004363, 1.659675, 1.004309, 1.250527, 1.002206
  2.4200, 0.721045, 1.004473, 1.675847, 1.004270, 1.258786, 1.002178
  2.4300, 0.738115, 1.004582, 1.691868, 1.004229, 1.266958, 1.002160
  2.4400, 0.755591, 1.004688, 1.707732, 1.004187, 1.275081, 1.002152
  2.4500, 0.773463, 1.004793, 1.723433, 1.004143, 1.283190, 1.002153
  2.4600, 0.791723, 1.004894, 1.738965, 1.004097, 1.291322, 1.002164
  2.4700, 0.810360, 1.004993, 1.754322, 1.004050, 1.299514, 1.002184
  2.4800, 0.829365, 1.005089, 1.769498, 1.004001, 1.307801, 1.002214
  2.4900, 0.848725, 1.005182, 1.784489, 1.003951, 1.316219, 1.002254
  2.5000, 0.868430, 1.005271, 1.799288, 1.003900, 1.324803, 1.002302
  2.5100, 0.888467, 1.005358, 1.813892, 1.003847, 1.333587, 1.002360
  2.5200, 0.908823, 1.005441, 1.828295, 1.003793, 1.342603, 1.002426
  2.5300, 0.929485, 1.005520, 1.842492, 1.003738, 1.351883, 1.002500
  2.5400, 0.950440, 1.005596, 1.856481, 1.003683, 1.361458, 1.002582
  2.5500, 0.971674, 1.005668, 1.870257, 1.003626, 1.371356, 1.002671
  2.5600, 0.993173, 1.005736, 1.883817, 1.003568, 1.381605, 1.002767
  2.5700, 1.014922, 1.005801, 1.897160, 1.003510, 1.392228, 1.002870
  2.5800, 1.036907, 1.005861, 1.910281, 1.003451, 1.403248, 1.002978
  2.5900, 1.059113, 1.005918, 1.923181, 1.003392, 1.414687, 1.003092
  2.6000, 1.081524, 1.005971, 1.935858, 1.003333, 1.426563, 1.003210
  2.6100, 1.104127, 1.006019, 1.948310, 1.003274, 1.438891, 1.003331
  2.6200, 1.126904, 1.006064, 1.960539, 1.003214, 1.451684, 1.003456
  2.6300, 1.149841, 1.006104, 1.972545, 1.003155, 1.464953, 1.003584
  2.6400, 1.172922, 1.006140, 1.984330, 1.003097, 1.478706, 1.003713
  2.6500, 1.196132, 1.006172, 1.995895, 1.003039, 1.492946, 1.003842
  2.6600, 1.219455, 1.006200, 2.007244, 1.002982, 1.507676, 1.003972
  2.6700, 1.242875, 1.006224, 2.018379, 1.002926, 1.522895, 1.004101
  2.6800, 1.266377, 1.006243, 2.029306, 1.002871, 1.538598, 1.004229
  2.6900, 1.289946, 1.006259, 2.040030, 1.002818, 1.554778, 1.004354
  2.7000, 1.313565, 1.006270, 2.050555, 1.002767, 1.571425, 1.004476
  2.7100, 1.337221, 1.006278, 2.060890, 1.002717, 1.588525, 1.004595
  2.7200, 1.360896, 1.006281, 2.071042, 1.002669, 1.606064, 1.004709
  2.7300, 1.384577, 1.006281, 2.081020, 1.002624, 1.624022, 1.004817
  2.7400, 1.408248, 1.006276, 2.090832, 1.002582, 1.642378, 1.004920
  2.7500, 1.431894, 1.006268, 2.100490, 1.002542, 1.661108, 1.005015
  2.7600, 1.455502, 1.006256, 2.110004, 1.002506, 1.680186, 1.005104
  2.7700, 1.479056, 1.006239, 2.119386, 1.002473, 1.699584, 1.005185
  2.7800, 1.502543, 1.006220, 2.128650, 1.002443, 1.719270, 1.005257
  2.7900, 1.525948, 1.006196, 2.137809, 1.002417, 1.739213, 1.005321
  2.8000, 1.549258, 1.006169, 2.146878, 1.002395, 1.759379, 1.005375
  2.8100, 1.572459, 1.006139, 2.155871, 1.002377, 1.779733, 1.005420
  2.8200, 1.595538, 1.006105, 2.164806, 1.002364, 1.800237, 1.005455
  2.8300, 1.618483, 1.006067, 2.173699, 1.002355, 1.820855, 1.005480
  2.8400, 1.641280, 1.006026, 2.182566, 1.002351, 1.841548, 1.005495
  2.8500, 1.663917, 1.005982, 2.191427, 1.002351, 1.862278, 1.005500
  2.8600, 1.686383, 1.005935, 2.200298, 1.002357, 1.883005, 1.005494
  2.8700, 1.708666, 1.005885, 2.209199, 1.002367, 1.903692, 1.005478
  2.8800, 1.730754, 1.005832, 2.218149, 1.002382, 1.924299, 1.005452
  2.8900, 1.752636, 1.005776, 2.227167, 1.002403, 1.944790, 1.005416
  2.9000, 1.774302, 1.005717, 2.236272, 1.002429, 1.965126, 1.005370
  2.9100, 1.795742, 1.005656, 2.245482, 1.002459, 1.985272, 1.005315
  2.9200, 1.816945, 1.005592, 2.254818, 1.002495, 2.005193, 1.005251
  2.9300, 1.837903, 1.005526, 2.264298, 1.002536, 2.024855, 1.005178
  2.9400, 1.858606, 1.005457, 2.273940, 1.002581, 2.044227, 1.005097
  2.9500, 1.879044, 1.005386, 2.283763, 1.002631, 2.063280, 1.005009
  2.9600, 1.899211, 1.005313, 2.293782, 1.002686, 2.081985, 1.004913
  2.9700, 1.919098, 1.005237, 2.304016, 1.002745, 2.100317, 1.004811
  2.9800, 1.938697, 1.005160, 2.314480, 1.002808, 2.118252, 1.004703
  2.9900, 1.958002, 1.005081, 2.325188, 1.002874, 2.135769, 1.004590
  3.0000, 1.977005, 1.005000, 2.336154, 1.002945, 2.152852, 1.004472
  3.0100, 1.995700, 1.004918, 2.347392, 1.003018, 2.169483, 1.004350
  3.0200, 2.014082, 1.004834, 2.358912, 1.003094, 2.185650, 1.004226
  3.0300, 2.032145, 1.004749, 2.370725, 1.003173, 2.201344, 1.004099
  3.0400, 2.049884, 1.004662, 2.382840, 1.003254, 2.216556, 1.003971
  3.0500, 2.067295, 1.004574, 2.395263, 1.003337, 2.231284, 1.003842
  3.0600, 2.084372, 1.004486, 2.408002, 1.003421, 2.245525, 1.003713
  3.0700, 2.101114, 1.004396, 2.421061, 1.003507, 2.259281, 1.003585
  3.0800, 2.117516, 1.004305, 2.434442, 1.003592, 2.272557, 1.003459
  3.0900, 2.133576, 1.004214, 2.448147, 1.003678, 2.285360, 1.003334
  3.1000, 2.149291, 1.004123, 2.462176, 1.003764, 2.297700, 1.003213
  3.1100, 2.164661, 1.004031, 2.476528, 1.003849, 2.309591, 1.003096
  3.1200, 2.179682, 1.003938, 2.491200, 1.003934, 2.321048, 1.002983
  3.1300, 2.194355, 1.003846, 2.506186, 1.004017, 2.332090, 1.002876
  3.1400, 2.208679, 1.003753, 2.521482, 1.004098, 2.342738, 1.002774
  3.1500, 2.222655, 1.003661, 2.537080, 1.004177, 2.353014, 1.002679
  3.1600, 2.236282, 1.003569, 2.552971, 1.004253, 2.362945, 1.002591
  3.1700, 2.249562, 1.003477, 2.569145, 1.004327, 2.372558, 1.002511
  3.1800, 2.262498, 1.003386, 2.585593, 1.004398, 2.381882, 1.002438
  3.1900, 2.275090, 1.003295, 2.602300, 1.004465, 2.390950, 1.002375
  3.2000, 2.287341, 1.003205, 2.619256, 1.004529, 2.399794, 1.002320
  3.2100, 2.299256, 1.003116, 2.636445, 1.004589, 2.408449, 1.002274
  3.2200, 2.310837, 1.003028, 2.653853, 1.004645, 2.416950, 1.002238
  3.2300, 2.322088, 1.002941, 2.671466, 1.004697, 2.425333, 1.002212
  3.2400, 2.333015, 1.002856, 2.689266, 1.004745, 2.433636, 1.002196
  3.2500, 2.343623, 1.002772, 2.707237, 1.004788, 2.441897, 1.002189
  3.2600, 2.353918, 1.002690, 2.725364, 1.004827, 2.450154, 1.002193
  3.2700, 2.363905, 1.002609, 2.743629, 1.004861, 2.458444, 1.002207
  3.2800, 2.373593, 1.002531, 2.762014, 1.004891, 2.466805, 1.002231
  3.2900, 2.382988, 1.002454, 2.780503, 1.004916, 2.475275, 1.002265
  3.3000, 2.392098, 1.002380, 2.799079, 1.004937, 2.483889, 1.002308
  3.3100, 2.400931, 1.002307, 2.817724, 1.004953, 2.492684, 1.002360
  3.3200, 2.409498, 1.002238, 2.836421, 1.004965, 2.501693, 1.002421
  3.3300, 2.417806, 1.002171, 2.855155, 1.004972, 2.510949, 1.002491
  3.3400, 2.425866, 1.002106, 2.873908, 1.004976, 2.520483, 1.002569
  3.3500, 2.433689, 1.002045, 2.892666, 1.004975, 2.530324, 1.002654
  3.3600, 2.441285, 1.001986, 2.911413, 1.004970, 2.540499, 1.002746
  3.3700, 2.448666, 1.001930, 2.930134, 1.004961, 2.551032, 1.002844
  3.3800, 2.455843, 1.001878, 2.948815, 1.004949, 2.561946, 1.002948
  3.3900, 2.462829, 1.001829, 2.967442, 1.004933, 2.573260, 1.003056
  3.4000, 2.469635, 1.001783, 2.986004, 1.004914, 2.584991, 1.003169
  3.4100, 2.476276, 1.001741, 3.004487, 1.004891, 2.597153, 1.003284
  3.4200, 2.482765, 1.001702, 3.022880, 1.004866, 2.609758, 1.003403
  3.4300, 2.489115, 1.001667, 3.041173, 1.004838, 2.622812, 1.003523
  3.4400, 2.495339, 1.001636, 3.059356, 1.004808, 2.636322, 1.003644
  3.4500, 2.501454, 1.001609, 3.077420, 1.004775, 2.650290, 1.003766
  3.4600, 2.507473, 1.001585, 3.095356, 1.004740, 2.664714, 1.003886
  3.4700, 2.513411, 1.001566, 3.113157, 1.004703, 2.679591, 1.004006
  3.4800, 2.519283, 1.001550, 3.130816, 1.004665, 2.694914, 1.004123
  3.4900, 2.525104, 1.001539, 3.148327, 1.004625, 2.710673, 1.004237
  3.5000, 2.530890, 1.001532, 3.165685, 1.004584, 2.726857, 1.004348
  3.5100, 2.536657, 1.001529, 3.182886, 1.004541, 2.743450, 1.004454
  3.5200, 2.542420, 1.001530, 3.199926, 1.004498, 2.760435, 1.004555
  3.5300, 2.548196, 1.001535, 3.216801, 1.004454, 2.777792, 1.004651
  3.5400, 2.553999, 1.001545, 3.233510, 1.004410, 2.795499, 1.004741
  3.5500, 2.559845, 1.001558, 3.250051, 1.004365, 2.813532, 1.004824
  3.5600, 2.565751, 1.001576, 3.266423, 1.004320, 2.831866, 1.004900
  3.5700, 2.571733, 1.001598, 3.282626, 1.004276, 2.850472, 1.004969
  3.5800, 2.577805, 1.001624, 3.298660, 1.004231, 2.869323, 1.005030
  3.5900, 2.583983, 1.001654, 3.314526, 1.004186, 2.888387, 1.005082
  3.6000, 2.590283, 1.001689, 3.330226, 1.004143, 2.907634, 1.005126
  3.6100, 2.596720, 1.001727, 3.345761, 1.004099, 2.927031, 1.005162
  3.6200, 2.603308, 1.001769, 3.361133, 1.004056, 2.946547, 1.005189
  3.6300, 2.610062, 1.001815, 3.376347, 1.004015, 2.966148, 1.005207
  3.6400, 2.616996, 1.001865, 3.391404, 1.003974, 2.985800, 1.005216
  3.6500, 2.624124, 1.001918, 3.406308, 1.003934, 3.005470, 1.005217
  3.6600, 2.631459, 1.001974, 3.421064, 1.003895, 3.025125, 1.005208
  3.6700, 2.639014, 1.002035, 3.435675, 1.003857, 3.044732, 1.005191
  3.6800, 2.646802, 1.002098, 3.450146, 1.003820, 3.064259, 1.005166
  3.6900, 2.654834, 1.002164, 3.464482, 1.003785, 3.083673, 1.005132
  3.7000, 2.663122, 1.002233, 3.478686, 1.003751, 3.102944, 1.005090
  3.7100, 2.671676, 1.002305, 3.492765, 1.003718, 3.122043, 1.005040
  3.7200, 2.680507, 1.002380, 3.506722, 1.003687, 3.140939, 1.004983
  3.7300, 2.689625, 1.002457, 3.520562, 1.003656, 3.159605, 1.004918
  3.7400, 2.699037, 1.002537, 3.534291, 1.003627, 3.178014, 1.004847
  3.7500, 2.708751, 1.002618, 3.547913, 1.003600, 3.196143, 1.004769
  3.7600, 2.718777, 1.002701, 3.561433, 1.003573, 3.213967, 1.004685
  3.7700, 2.729119, 1.002786, 3.574854, 1.003548, 3.231464, 1.004596
  3.7800, 2.739784, 1.002872, 3.588182, 1.003523, 3.248614, 1.004501
  3.7900, 2.750777, 1.002960, 3.601419, 1.003500, 3.265398, 1.004402
  3.8000, 2.762101, 1.003048, 3.614571, 1.003478, 3.281800, 1.004299
  3.8100, 2.773762, 1.003138, 3.627640, 1.003456, 3.297806, 1.004192
  3.8200, 2.785760, 1.003228, 3.640630, 1.003435, 3.313401, 1.004081
  3.8300, 2.798099, 1.003318, 3.653543, 1.003415, 3.328575, 1.003968
  3.8400, 2.810778, 1.003409, 3.666381, 1.003396, 3.343319, 1.003853
  3.8500, 2.823798, 1.003499, 3.679148, 1.003377, 3.357625, 1.003736
  3.8600, 2.837159, 1.003589, 3.691844, 1.003358, 3.371489, 1.003618
  3.8700, 2.850859, 1.003679, 3.704470, 1.003340, 3.384907, 1.003500
  3.8800, 2.864895, 1.003768, 3.717029, 1.003322, 3.397877, 1.003381
  3.8900, 2.879265, 1.003855, 3.729519, 1.003304, 3.410402, 1.003263
  3.9000, 2.893964, 1.003942, 3.741943, 1.003286, 3.422483, 1.003146
  3.9100, 2.908987, 1.004028, 3.754298, 1.003268, 3.434126, 1.003031
  3.9200, 2.924330, 1.004111, 3.766584, 1.003250, 3.445337, 1.002917
  3.9300, 2.939985, 1.004193, 3.778802, 1.003231, 3.456125, 1.002807
  3.9400, 2.955946, 1.004273, 3.790949, 1.003212, 3.466501, 1.002699
  3.9500, 2.972204, 1.004351, 3.803023, 1.003193, 3.476477, 1.002595
  3.9600, 2.988751, 1.004427, 3.815023, 1.003173, 3.486067, 1.002494
  3.9700, 3.005579, 1.004500, 3.826947, 1.003153, 3.495289, 1.002399
  3.9800, 3.022676, 1.004570, 3.838793, 1.003131, 3.504159, 1.002308
  3.9900, 3.040033, 1.004637, 3.850557, 1.003110, 3.512698, 1.002223
  4.0000, 3.057638, 1.004702, 3.862237, 1.003087, 3.520926, 1.002144
  4.0100, 3.075479, 1.004763, 3.873831, 1.003064, 3.528868, 1.002071
  4.0200, 3.093545, 1.004821, 3.885335, 1.003039, 3.536546, 1.002004
  4.0300, 3.111823, 1.004875, 3.896746, 1.003014, 3.543986, 1.001945
  4.0400, 3.130298, 1.004926, 3.908062, 1.002989, 3.551217, 1.001893
  4.0500, 3.148959, 1.004973, 3.919280, 1.002962, 3.558264, 1.001848
  4.0600, 3.167790, 1.005016, 3.930396, 1.002935, 3.565158, 1.001811
  4.0700, 3.186778, 1.005056, 3.941409, 1.002907, 3.571928, 1.001782
  4.0800, 3.205907, 1.005091, 3.952315, 1.002879, 3.578605, 1.001762
  4.0900, 3.225163, 1.005123, 3.963112, 1.002849, 3.585221, 1.001750
  4.1000, 3.244530, 1.005151, 3.973798, 1.002820, 3.591805, 1.001746
  4.1100, 3.263993, 1.005174, 3.984371, 1.002789, 3.598392, 1.001750
  4.1200, 3.283537, 1.005193, 3.994829, 1.002759, 3.605011, 1.001763
  4.1300, 3.303146, 1.005208, 4.005172, 1.002728, 3.611695, 1.001785
  4.1400, 3.322804, 1.005220, 4.015399, 1.002697, 3.618476, 1.001814
  4.1500, 3.342496, 1.005226, 4.025508, 1.002666, 3.625384, 1.001852
  4.1600, 3.362206, 1.005229, 4.035501, 1.002635, 3.632449, 1.001898
  4.1700, 3.381919, 1.005228, 4.045377, 1.002604, 3.639701, 1.001951
  4.1800, 3.401619, 1.005222, 4.055137, 1.002574, 3.647168, 1.002012
  4.1900, 3.421291, 1.005213, 4.064784, 1.002544, 3.654877, 1.002079
  4.2000, 3.440919, 1.005199, 4.074317, 1.002514, 3.662853, 1.002154
  4.2100, 3.460489, 1.005182, 4.083741, 1.002485, 3.671121, 1.002234
  4.2200, 3.479987, 1.005161, 4.093058, 1.002457, 3.679702, 1.002320
  4.2300, 3.499397, 1.005136, 4.102271, 1.002430, 3.688616, 1.002411
  4.2400, 3.518707, 1.005107, 4.111384, 1.002405, 3.697882, 1.002506
  4.2500, 3.537901, 1.005075, 4.120403, 1.002380, 3.707516, 1.002606
  4.2600, 3.556968, 1.005039, 4.129331, 1.002357, 3.717530, 1.002708
  4.2700, 3.575893, 1.005000, 4.138176, 1.002335, 3.727937, 1.002813
  4.2800, 3.594665, 1.004958, 4.146942, 1.002316, 3.738744, 1.002920
  4.2900, 3.613271, 1.004912, 4.155636, 1.002298, 3.749957, 1.003029
  4.3000, 3.631701, 1.004864, 4.164266, 1.002281, 3.761580, 1.003138
  4.3100, 3.649942, 1.004813, 4.172840, 1.002268, 3.773614, 1.003246
  4.3200, 3.667984, 1.004759, 4.181366, 1.002256, 3.786055, 1.003354
  4.3300, 3.685818, 1.004702, 4.189851, 1.002246, 3.798899, 1.003460
  4.3400, 3.703433, 1.004643, 4.198306, 1.002240, 3.812139, 1.003564
  4.3500, 3.720820, 1.004581, 4.206740, 1.002235, 3.825765, 1.003664
  4.3600, 3.737972, 1.004517, 4.215162, 1.002234, 3.839763, 1.003761
  4.3700, 3.754880, 1.004452, 4.223583, 1.002235, 3.854120, 1.003854
  4.3800, 3.771536, 1.004384, 4.232014, 1.002239, 3.868817, 1.003942
  4.3900, 3.787934, 1.004315, 4.240465, 1.002245, 3.883835, 1.004024
  4.4000, 3.804068, 1.004244, 4.248947, 1.002255, 3.899152, 1.004100
  4.4100, 3.819932, 1.004172, 4.257472, 1.002268, 3.914744, 1.004170
  4.4200, 3.835520, 1.004098, 4.266050, 1.002284, 3.930587, 1.004233
  4.4300, 3.850829, 1.004023, 4.274694, 1.002303, 3.946653, 1.004288
  4.4400, 3.865854, 1.003947, 4.283414, 1.002324, 3.962914, 1.004336
  4.4500, 3.880591, 1.003871, 4.292223, 1.002349, 3.979340, 1.004376
  4.4600, 3.895039, 1.003794, 4.301131, 1.002377, 3.995901, 1.004408
  4.4700, 3.909194, 1.003716, 4.310150, 1.002408, 4.012565, 1.004431
  4.4800, 3.923055, 1.003638, 4.319290, 1.002442, 4.029302, 1.004446
  4.4900, 3.936621, 1.003559, 4.328563, 1.002478, 4.046077, 1.004452
  4.5000, 3.949891, 1.003481, 4.337979, 1.002518, 4.062861, 1.004450
  4.5100, 3.962864, 1.003402, 4.347548, 1.002559, 4.079619, 1.004439
  4.5200, 3.975542, 1.003324, 4.357280, 1.002604, 4.096321, 1.004420
  4.5300, 3.987924, 1.003246, 4.367183, 1.002650, 4.112935, 1.004392
  4.5400, 4.000012, 1.003168, 4.377265, 1.002699, 4.129430, 1.004357
  4.5500, 4.011809, 1.003091, 4.387536, 1.002750, 4.145776, 1.004313
  4.5600, 4.023316, 1.003014, 4.398002, 1.002803, 4.161946, 1.004263
  4.5700, 4.034535, 1.002938, 4.408668, 1.002857, 4.177911, 1.004205
  4.5800, 4.045471, 1.002863, 4.419542, 1.002912, 4.193645, 1.004141
  4.5900, 4.056126, 1.002790, 4.430627, 1.002969, 4.209124, 1.004070
  4.6000, 4.066505, 1.002717, 4.441927, 1.003026, 4.224325, 1.003993
  4.6100, 4.076612, 1.002645, 4.453445, 1.003085, 4.239227, 1.003911
  4.6200, 4.086451, 1.002575, 4.465184, 1.003143, 4.253811, 1.003825
  4.6300, 4.096027, 1.002506, 4.477143, 1.003202, 4.268060, 1.003734
  4.6400, 4.105347, 1.002439, 4.489324, 1.003260, 4.281959, 1.003639
  4.6500, 4.114415, 1.002373, 4.501725, 1.003318, 4.295496, 1.003541
  4.6600, 4.123238, 1.002308, 4.514344, 1.003376, 4.308659, 1.003441
  4.6700, 4.131822, 1.002246, 4.527178, 1.003433, 4.321441, 1.003339
  4.6800, 4.140173, 1.002185, 4.540224, 1.003488, 4.333835, 1.003236
  4.6900, 4.148299, 1.002126, 4.553475, 1.003542, 4.345839, 1.003132
  4.7000, 4.156206, 1.002069, 4.566927, 1.003594, 4.357450, 1.003028
  4.7100, 4.163902, 1.002014, 4.580573, 1.003645, 4.368670, 1.002925
  4.7200, 4.171394, 1.001961, 4.594405, 1.003693, 4.379502, 1.002822
  4.7300, 4.178690, 1.001910, 4.608414, 1.003739, 4.389952, 1.002722
  4.7400, 4.185798, 1.001861, 4.622592, 1.003782, 4.400028, 1.002624
  4.7500, 4.192725, 1.001815, 4.636928, 1.003823, 4.409739, 1.002529
  4.7600, 4.199482, 1.001770, 4.651412, 1.003860, 4.419098, 1.002437
  4.7700, 4.206074, 1.001728, 4.666032, 1.003895, 4.428118, 1.002349
  4.7800, 4.212512, 1.001688, 4.680777, 1.003927, 4.436817, 1.002266
  4.7900, 4.218804, 1.001650, 4.695635, 1.003955, 4.445211, 1.002188
  4.8000, 4.224959, 1.001615, 4.710594, 1.003980, 4.453320, 1.002115
  4.8100, 4.230984, 1.001582, 4.725639, 1.004001, 4.461165, 1.002048
  4.8200, 4.236891, 1.001552, 4.740758, 1.004019, 4.468769, 1.001987
  4.8300, 4.242686, 1.001524, 4.755938, 1.004033, 4.476156, 1.001933
  4.8400, 4.248381, 1.001498, 4.771165, 1.004044, 4.483351, 1.001885
  4.8500, 4.253983, 1.001475, 4.786426, 1.004051, 4.490379, 1.001845
  4.8600, 4.259501, 1.001454, 4.801708, 1.004055, 4.497267, 1.001811
  4.8700, 4.264947, 1.001435, 4.816996, 1.004055, 4.504044, 1.001785
  4.8800, 4.270327, 1.001420, 4.832278, 1.004052, 4.510736, 1.001767
  4.8900, 4.275653, 1.001406, 4.847540, 1.004045, 4.517373, 1.001756
  4.9000, 4.280932, 1.001395, 4.862771, 1.004035, 4.523982, 1.001752
  4.9100, 4.286175, 1.001387, 4.877957, 1.004021, 4.530592, 1.001756
  4.9200, 4.291390, 1.001381, 4.893087, 1.004005, 4.537231, 1.001768
  4.9300, 4.296588, 1.001377, 4.908148, 1.003985, 4.543928, 1.001787
  4.9400, 4.301777, 1.001376, 4.923131, 1.003963, 4.550709, 1.001812
  4.9500, 4.306966, 1.001377, 4.938024, 1.003937, 4.557600, 1.001845
  4.9600, 4.312165, 1.001381, 4.952816, 1.003910, 4.564628, 1.001885
  4.9700, 4.317383, 1.001388, 4.967500, 1.003879, 4.571817, 1.001931
  4.9800, 4.322629, 1.001396, 4.982064, 1.003847, 4.579190, 1.001982
  4.9900, 4.327912, 1.001407, 4.996501, 1.003812, 4.586770, 1.002040
  5.0000, 4.333241, 1.001421, 5.010804, 1.003775, 4.594576, 1.002103
  5.0100, 4.338624, 1.001436, 5.024963, 1.003736, 4.602629, 1.002170
  5.0200, 4.344072, 1.001454, 5.038974, 1.003696, 4.610944, 1.002242
  5.0300, 4.349592, 1.001475, 5.052830, 1.003654, 4.619538, 1.002318
  5.0400, 4.355193, 1.001497, 5.066525, 1.003611, 4.628424, 1.002397
  5.0500, 4.360883, 1.001522, 5.080054, 1.003566, 4.637613, 1.002479
  5.0600, 4.366671, 1.001549, 5.093413, 1.003521, 4.647116, 1.002563
  5.0700, 4.372565, 1.001578, 5.106599, 1.003474, 4.656940, 1.002649
  5.0800, 4.378574, 1.001610, 5.119607, 1.003427, 4.667089, 1.002736
  5.0900, 4.384704, 1.001643, 5.132436, 1.003379, 4.677568, 1.002823
  5.1000, 4.390965, 1.001679, 5.145083, 1.003330, 4.688377, 1.002911
  5.1100, 4.397362, 1.001716, 5.157547, 1.003282, 4.699515, 1.002998
  5.1200, 4.403905, 1.001755, 5.169826, 1.003233, 4.710980, 1.003084
  5.1300, 4.410600, 1.001797, 5.181920, 1.003183, 4.722766, 1.003168
  5.1400, 4.417453, 1.001840, 5.193829, 1.003134, 4.734865, 1.003250
  5.1500, 4.424473, 1.001885, 5.205553, 1.003085, 4.747270, 1.003330
  5.1600, 4.431665, 1.001931, 5.217093, 1.003037, 4.759968, 1.003406
  5.1700, 4.439035, 1.001979, 5.228449, 1.002988, 4.772948, 1.003479
  5.1800, 4.446590, 1.002029, 5.239624, 1.002940, 4.786193, 1.003547
  5.1900, 4.454336, 1.002080, 5.250620, 1.002893, 4.799689, 1.003611
  5.2000, 4.462277, 1.002133, 5.261439, 1.002846, 4.813418, 1.003671
  5.2100, 4.470419, 1.002187, 5.272083, 1.002801, 4.827359, 1.003724
  5.2200, 4.478767, 1.002242, 5.282556, 1.002756, 4.841494, 1.003773
  5.2300, 4.487325, 1.002298, 5.292860, 1.002711, 4.855800, 1.003815
  5.2400, 4.496097, 1.002356, 5.303000, 1.002668, 4.870255, 1.003852
  5.2500, 4.505087, 1.002414, 5.312979, 1.002626, 4.884836, 1.003882
  5.2600, 4.514299, 1.002473, 5.322802, 1.002585, 4.899518, 1.003905
  5.2700, 4.523734, 1.002533, 5.332473, 1.002546, 4.914276, 1.003922
  5.2800, 4.533397, 1.002593, 5.341996, 1.002507, 4.929085, 1.003933
  5.2900, 4.543288, 1.002654, 5.351376, 1.002470, 4.943920, 1.003936
  5.3000, 4.553410, 1.002716, 5.360619, 1.002434, 4.958754, 1.003932
  5.3100, 4.563764, 1.002777, 5.369729, 1.002399, 4.973563, 1.003922
  5.3200, 4.574350, 1.002839, 5.378712, 1.002366, 4.988319, 1.003905
  5.3300, 4.585169, 1.002901, 5.387573, 1.002335, 5.002998, 1.003881
  5.3400, 4.596220, 1.002962, 5.396318, 1.002305, 5.017575, 1.003850
  5.3500, 4.607503, 1.003024, 5.404951, 1.002276, 5.032024, 1.003813
  5.3600, 4.619017, 1.003085, 5.413479, 1.002249, 5.046322, 1.003770
  5.3700, 4.630760, 1.003145, 5.421908, 1.002223, 5.060445, 1.003721
  5.3800, 4.642729, 1.003205, 5.430242, 1.002199, 5.074370, 1.003666
  5.3900, 4.654922, 1.003264, 5.438487, 1.002176, 5.088077, 1.003605
  5.4000, 4.667335, 1.003322, 5.446650, 1.002155, 5.101545, 1.003539
  5.4100, 4.679965, 1.003379, 5.454734, 1.002135, 5.114755, 1.003468
  5.4200, 4.692807, 1.003434, 5.462747, 1.002116, 5.127688, 1.003392
  5.4300, 4.705857, 1.003489, 5.470692, 1.002099, 5.140327, 1.003312
  5.4400, 4.719109, 1.003541, 5.478576, 1.002083, 5.152659, 1.003229
  5.4500, 4.732556, 1.003593, 5.486402, 1.002069, 5.164668, 1.003142
  5.4600, 4.746194, 1.003642, 5.494177, 1.002056, 5.176343, 1.003052
  5.4700, 4.760014, 1.003689, 5.501904, 1.002044, 5.187674, 1.002959
  5.4800, 4.774010, 1.003735, 5.509588, 1.002033, 5.198651, 1.002864
  5.4900, 4.788173, 1.003778, 5.517234, 1.002023, 5.209267, 1.002768
  5.5000, 4.802495, 1.003819, 5.524845, 1.002015, 5.219518, 1.002670
  5.5100, 4.816967, 1.003858, 5.532425, 1.002007, 5.229400, 1.002572
  5.5200, 4.831581, 1.003894, 5.539978, 1.002000, 5.238911, 1.002474
  5.5300, 4.846326, 1.003928, 5.547508, 1.001994, 5.248052, 1.002376
  5.5400, 4.861193, 1.003959, 5.555017, 1.001989, 5.256825, 1.002279
  5.5500, 4.876170, 1.003987, 5.562509, 1.001985, 5.265235, 1.002183
  5.5600, 4.891248, 1.004012, 5.569986, 1.001982, 5.273286, 1.002089
  5.5700, 4.906416, 1.004034, 5.577450, 1.001979, 5.280987, 1.001997
  5.5800, 4.921661, 1.004053, 5.584905, 1.001976, 5.288348, 1.001908
  5.5900, 4.936973, 1.004069, 5.592352, 1.001975, 5.295380, 1.001823
  5.6000, 4.952339, 1.004082, 5.599793, 1.001973, 5.302096, 1.001741
  5.6100, 4.967747, 1.004092, 5.607230, 1.001972, 5.308512, 1.001664
  5.6200, 4.983186, 1.004098, 5.614664, 1.001972, 5.314644, 1.001591
  5.6300, 4.998643, 1.004101, 5.622097, 1.001972, 5.320510, 1.001523
  5.6400, 5.014105, 1.004101, 5.629530, 1.001972, 5.326130, 1.001460
  5.6500, 5.029560, 1.004097, 5.636964, 1.001972, 5.331525, 1.001403
  5.6600, 5.044996, 1.004091, 5.644400, 1.001973, 5.336717, 1.001353
  5.6700, 5.060399, 1.004080, 5.651839, 1.001974, 5.341730, 1.001308
  5.6800, 5.075757, 1.004067, 5.659282, 1.001975, 5.346589, 1.001271
  5.6900, 5.091058, 1.004050, 5.666730, 1.001976, 5.351319, 1.001240
  5.7000, 5.106290, 1.004030, 5.674184, 1.001978, 5.355945, 1.001216
  5.7100, 5.121440, 1.004007, 5.681643, 1.001980, 5.360496, 1.001200
  5.7200, 5.136495, 1.003980, 5.689110, 1.001982, 5.364999, 1.001191
  5.7300, 5.151445, 1.003950, 5.696584, 1.001984, 5.369481, 1.001189
  5.7400, 5.166277, 1.003918, 5.704067, 1.001986, 5.373970, 1.001194
  5.7500, 5.180981, 1.003882, 5.711559, 1.001989, 5.378493, 1.001207
  5.7600, 5.195544, 1.003843, 5.719061, 1.001991, 5.383080, 1.001228
  5.7700, 5.209957, 1.003802, 5.726575, 1.001995, 5.387756, 1.001255
  5.7800, 5.224208, 1.003758, 5.734100, 1.001998, 5.392549, 1.001289
  5.7900, 5.238288, 1.003711, 5.741639, 1.002002, 5.397484, 1.001331
  5.8000, 5.252188, 1.003662, 5.749192, 1.002006, 5.402587, 1.001378
  5.8100, 5.265896, 1.003610, 5.756761, 1.002010, 5.407881, 1.001432
  5.8200, 5.279406, 1.003556, 5.764347, 1.002015, 5.413390, 1.001492
  5.8300, 5.292709, 1.003500, 5.771952, 1.002020, 5.419135, 1.001557
  5.8400, 5.305796, 1.003442, 5.779578, 1.002026, 5.425136, 1.001628
  5.8500, 5.318661, 1.003382, 5.787226, 1.002032, 5.431412, 1.001703
  5.8600, 5.331296, 1.003321, 5.794898, 1.002039, 5.437977, 1.001782
  5.8700, 5.343696, 1.003257, 5.802596, 1.002046, 5.444848, 1.001864
  5.8800, 5.355854, 1.003192, 5.810323, 1.002054, 5.452037, 1.001950
  5.8900, 5.367765, 1.003126, 5.818081, 1.002062, 5.459555, 1.002038
  5.9000, 5.379424, 1.003059, 5.825872, 1.002071, 5.467409, 1.002129
  5.9100, 5.390828, 1.002991, 5.833698, 1.002081, 5.475606, 1.002220
  5.9200, 5.401973, 1.002921, 5.841563, 1.002092, 5.484150, 1.002313
  5.9300, 5.412855, 1.002852, 5.849469, 1.002103, 5.493042, 1.002405
  5.9400, 5.423472, 1.002781, 5.857419, 1.002115, 5.502282, 1.002497
  5.9500, 5.433823, 1.002710, 5.865416, 1.002128, 5.511866, 1.002588
  5.9600, 5.443906, 1.002639, 5.873462, 1.002141, 5.521791, 1.002677
  5.9700, 5.453720, 1.002568, 5.881560, 1.002156, 5.532047, 1.002764
  5.9800, 5.463265, 1.002496, 5.889715, 1.002171, 5.542626, 1.002848
  5.9900, 5.472542, 1.002425, 5.897927, 1.002187, 5.553517, 1.002929
  6.0000, 5.481552, 1.002354, 5.906202, 1.002203, 5.564704, 1.003006
  6.0100, 5.490295, 1.002284, 5.914541, 1.002221, 5.576174, 1.003078
  6.0200, 5.498775, 1.002214, 5.922948, 1.002239, 5.587908, 1.003146
  6.0300, 5.506993, 1.002146, 5.931425, 1.002258, 5.599888, 1.003208
  6.0400, 5.514952, 1.002077, 5.939976, 1.002278, 5.612093, 1.003265
  6.0500, 5.522657, 1.002010, 5.948604, 1.002299, 5.624502, 1.003316
  6.0600, 5.530112, 1.001945, 5.957310, 1.002320, 5.637091, 1.003361
  6.0700, 5.537320, 1.001880, 5.966098, 1.002342, 5.649837, 1.003399
  6.0800, 5.544287, 1.001817, 5.974970, 1.002365, 5.662714, 1.003431
  6.0900, 5.551019, 1.001755, 5.983929, 1.002388, 5.675697, 1.003455
  6.1000, 5.557522, 1.001695, 5.992976, 1.002412, 5.688760, 1.003473
  6.1100, 5.563801, 1.001637, 6.002114, 1.002436, 5.701876, 1.003484
  6.1200, 5.569863, 1.001580, 6.011343, 1.002461, 5.715019, 1.003487
  6.1300, 5.575716, 1.001526, 6.020667, 1.002486, 5.728162, 1.003484
  6.1400, 5.581368, 1.001473, 6.030085, 1.002511, 5.741279, 1.003473
  6.1500, 5.586825, 1.001423, 6.039598, 1.002536, 5.754342, 1.003456
  6.1600, 5.592096, 1.001374, 6.049209, 1.002562, 5.767327, 1.003431
  6.1700, 5.597189, 1.001328, 6.058915, 1.002588, 5.780208, 1.003401
  6.1800, 5.602114, 1.001285, 6.068718, 1.002613, 5.792961, 1.003364
  6.1900, 5.606878, 1.001243, 6.078618, 1.002639, 5.805563, 1.003320
  6.2000, 5.611491, 1.001205, 6.088612, 1.002664, 5.817991, 1.003272
  6.2100, 5.615963, 1.001168, 6.098702, 1.002689, 5.830224, 1.003217
  6.2200, 5.620302, 1.001134, 6.108883, 1.002713, 5.842243, 1.003158
  6.2300, 5.624518, 1.001103, 6.119156, 1.002737, 5.854029, 1.003094
  6.2400, 5.628621, 1.001074, 6.129517, 1.002760, 5.865565, 1.003025
  6.2500, 5.632620, 1.001048, 6.139965, 1.002782, 5.876836, 1.002953
  6.2600, 5.636526, 1.001025, 6.150495, 1.002804, 5.887828, 1.002877
  6.2700, 5.640348, 1.001004, 6.161104, 1.002824, 5.898528, 1.002799
  6.2800, 5.644096, 1.000985, 6.171789, 1.002844, 5.908928, 1.002718
  6.2900, 5.647780, 1.000970, 6.182546, 1.002862, 5.919018, 1.002635
  6.3000, 5.651410, 1.000957, 6.193369, 1.002879, 5.928792, 1.002550
  6.3100, 5.654995, 1.000946, 6.204254, 1.002895, 5.938244, 1.002464
  6.3200, 5.658544, 1.000938, 6.215195, 1.002909, 5.947372, 1.002378
  6.3300, 5.662069, 1.000932, 6.226187, 1.002922, 5.956176, 1.002292
  6.3400, 5.665577, 1.000929, 6.237224, 1.002933, 5.964654, 1.002206
  6.3500, 5.669078, 1.000929, 6.248299, 1.002942, 5.972811, 1.002121
  6.3600, 5.672581, 1.000930, 6.259407, 1.002950, 5.980650, 1.002038
  6.3700, 5.676096, 1.000935, 6.270540, 1.002956, 5.988177, 1.001956
  6.3800, 5.679630, 1.000941, 6.281692, 1.002960, 5.995400, 1.001877
  6.3900, 5.683193, 1.000950, 6.292855, 1.002962, 6.002328, 1.001800
  6.4000, 5.686792, 1.000960, 6.304023, 1.002962, 6.008972, 1.001726
  6.4100, 5.690436, 1.000973, 6.315187, 1.002960, 6.015345, 1.001656
  6.4200, 5.694132, 1.000988, 6.326341, 1.002956, 6.021459, 1.001589
  6.4300, 5.697889, 1.001005, 6.337476, 1.002951, 6.027331, 1.001527
  6.4400, 5.701713, 1.001024, 6.348585, 1.002943, 6.032975, 1.001469
  6.4500, 5.705611, 1.001045, 6.359661, 1.002933, 6.038410, 1.001416
  6.4600, 5.709590, 1.001067, 6.370697, 1.002921, 6.043654, 1.001368
  6.4700, 5.713657, 1.001091, 6.381683, 1.002907, 6.048726, 1.001325
  6.4800, 5.717817, 1.001117, 6.392614, 1.002891, 6.053646, 1.001287
  6.4900, 5.722077, 1.001144, 6.403482, 1.002874, 6.058435, 1.001255
  6.5000, 5.726442, 1.001172, 6.414279, 1.002854, 6.063114, 1.001229
  6.5100, 5.730918, 1.001202, 6.425000, 1.002833, 6.067704, 1.001208
  6.5200, 5.735509, 1.001234, 6.435636, 1.002809, 6.072227, 1.001193
  6.5300, 5.740220, 1.001266, 6.446181, 1.002785, 6.076707, 1.001184
  6.5400, 5.745056, 1.001300, 6.456629, 1.002758, 6.081163, 1.001181
  6.5500, 5.750020, 1.001334, 6.466974, 1.002730, 6.085620, 1.001184
  6.5600, 5.755117, 1.001370, 6.477210, 1.002700, 6.090098, 1.001193
  6.5700, 5.760350, 1.001406, 6.487332, 1.002669, 6.094619, 1.001207
  6.5800, 5.765722, 1.001444, 6.497333, 1.002637, 6.099203, 1.001227
  6.5900, 5.771237, 1.001482, 6.507210, 1.002603, 6.103872, 1.001252
  6.6000, 5.776897, 1.001521, 6.516957, 1.002568, 6.108645, 1.001282
  6.6100, 5.782704, 1.001560, 6.526570, 1.002532, 6.113541, 1.001317
  6.6200, 5.788660, 1.001600, 6.536045, 1.002495, 6.118578, 1.001356
  6.6300, 5.794769, 1.001641, 6.545378, 1.002457, 6.123772, 1.001400
  6.6400, 5.801030, 1.001681, 6.554567, 1.002418, 6.129140, 1.001448
  6.6500, 5.807446, 1.001723, 6.563607, 1.002378, 6.134696, 1.001500
  6.6600, 5.814018, 1.001764, 6.572498, 1.002338, 6.140453, 1.001555
  6.6700, 5.820747, 1.001806, 6.581235, 1.002297, 6.146424, 1.001613
  6.6800, 5.827633, 1.001848, 6.589817, 1.002256, 6.152618, 1.001674
  6.6900, 5.834677, 1.001889, 6.598244, 1.002214, 6.159045, 1.001736
  6.7000, 5.841879, 1.001931, 6.606513, 1.002172, 6.165712, 1.001801
  6.7100, 5.849240, 1.001973, 6.614623, 1.002130, 6.172625, 1.001867
  6.7200, 5.856758, 1.002015, 6.622575, 1.002088, 6.179789, 1.001934
  6.7300, 5.864434, 1.002057, 6.630367, 1.002046, 6.187205, 1.002001
  6.7400, 5.872267, 1.002098, 6.638001, 1.002004, 6.194875, 1.002068
  6.7500, 5.880255, 1.002140, 6.645477, 1.001962, 6.202798, 1.002135
  6.7600, 5.888399, 1.002181, 6.652795, 1.001921, 6.210972, 1.002201
  6.7700, 5.896696, 1.002221, 6.659958, 1.001879, 6.219393, 1.002266
  6.7800, 5.905146, 1.002261, 6.666966, 1.001839, 6.228056, 1.002329
  6.7900, 5.913746, 1.002301, 6.673821, 1.001798, 6.236952, 1.002390
  6.8000, 5.922495, 1.002340, 6.680526, 1.001759, 6.246075, 1.002449
  6.8100, 5.931390, 1.002379, 6.687083, 1.001720, 6.255413, 1.002505
  6.8200, 5.940430, 1.002417, 6.693496, 1.001682, 6.264955, 1.002557
  6.8300, 5.949611, 1.002454, 6.699767, 1.001645, 6.274689, 1.002606
  6.8400, 5.958932, 1.002490, 6.705901, 1.001609, 6.284601, 1.002651
  6.8500, 5.968388, 1.002526, 6.711900, 1.001574, 6.294676, 1.002692
  6.8600, 5.977978, 1.002561, 6.717770, 1.001540, 6.304896, 1.002729
  6.8700, 5.987697, 1.002595, 6.723515, 1.001508, 6.315247, 1.002761
  6.8800, 5.997543, 1.002628, 6.729139, 1.001476, 6.325709, 1.002788
  6.8900, 6.007511, 1.002660, 6.734648, 1.001446, 6.336263, 1.002810
  6.9000, 6.017597, 1.002691, 6.740047, 1.001418, 6.346891, 1.002827
  6.9100, 6.027798, 1.002721, 6.745341, 1.001391, 6.357573, 1.002839
  6.9200, 6.038109, 1.002749, 6.750537, 1.001366, 6.368288, 1.002845
  6.9300, 6.048526, 1.002777, 6.755641, 1.001342, 6.379017, 1.002845
  6.9400, 6.059043, 1.002803, 6.760658, 1.001320, 6.389738, 1.002841
  6.9500, 6.069655, 1.002827, 6.765596, 1.001300, 6.400430, 1.002830
  6.9600, 6.080359, 1.002851, 6.770460, 1.001281, 6.411074, 1.002815
  6.9700, 6.091147, 1.002873, 6.775258, 1.001265, 6.421648, 1.002794
  6.9800, 6.102016, 1.002893, 6.779997, 1.001250, 6.432133, 1.002767
  6.9900, 6.112958, 1.002912, 6.784684, 1.001237, 6.442509, 1.002736
  7.0000, 6.123968, 1.002929, 6.789325, 1.001226, 6.452757, 1.002700
  7.0100, 6.135039, 1.002944, 6.793928, 1.001217, 6.462859, 1.002658
  7.0200, 6.146166, 1.002958, 6.798501, 1.001209, 6.472797, 1.002613
  7.0300, 6.157343, 1.002970, 6.803049, 1.001204, 6.482554, 1.002563
  7.0400, 6.168561, 1.002981, 6.807581, 1.001201, 6.492115, 1.002509
  7.0500, 6.179815, 1.002989, 6.812103, 1.001199, 6.501464, 1.002451
  7.0600, 6.191097, 1.002996, 6.816622, 1.001199, 6.510589, 1.002389
  7.0700, 6.202401, 1.003001, 6.821146, 1.001201, 6.519477, 1.002325
  7.0800, 6.213719, 1.003003, 6.825680, 1.001205, 6.528116, 1.002258
  7.0900, 6.225044, 1.003004, 6.830233, 1.001210, 6.536497, 1.002188
  7.1000, 6.236368, 1.003003, 6.834809, 1.001218, 6.544612, 1.002116
  7.1100, 6.247684, 1.003000, 6.839415, 1.001226, 6.552453, 1.002043
  7.1200, 6.258984, 1.002995, 6.844057, 1.001237, 6.560016, 1.001969
  7.1300, 6.270260, 1.002987, 6.848741, 1.001248, 6.567297, 1.001894
  7.1400, 6.281505, 1.002978, 6.853471, 1.001262, 6.574293, 1.001818
  7.1500, 6.292711, 1.002966, 6.858254, 1.001276, 6.581003, 1.001742
  7.1600, 6.303870, 1.002953, 6.863093, 1.001292, 6.587429, 1.001667
  7.1700, 6.314974, 1.002937, 6.867993, 1.001308, 6.593573, 1.001593
  7.1800, 6.326015, 1.002920, 6.872958, 1.001326, 6.599439, 1.001520
  7.1900, 6.336986, 1.002900, 6.877992, 1.001345, 6.605033, 1.001448
  7.2000, 6.347879, 1.002878, 6.883099, 1.001364, 6.610361, 1.001379
  7.2100, 6.358685, 1.002854, 6.888280, 1.001385, 6.615433, 1.001312
  7.2200, 6.369398, 1.002829, 6.893539, 1.001405, 6.620259, 1.001248
  7.2300, 6.380010, 1.002801, 6.898877, 1.001427, 6.624849, 1.001188
  7.2400, 6.390514, 1.002771, 6.904298, 1.001449, 6.629218, 1.001131
  7.2500, 6.400901, 1.002739, 6.909801, 1.001471, 6.633378, 1.001078
  7.2600, 6.411166, 1.002706, 6.915388, 1.001493, 6.637347, 1.001029
  7.2700, 6.421302, 1.002671, 6.921060, 1.001516, 6.641139, 1.000984
  7.2800, 6.431300, 1.002634, 6.926817, 1.001538, 6.644772, 1.000945
  7.2900, 6.441156, 1.002595, 6.932660, 1.001561, 6.648266, 1.000910
  7.3000, 6.450863, 1.002554, 6.938587, 1.001583, 6.651639, 1.000881
  7.3100, 6.460414, 1.002512, 6.944598, 1.001606, 6.654910, 1.000856
  7.3200, 6.469805, 1.002469, 6.950693, 1.001628, 6.658102, 1.000838
  7.3300, 6.479029, 1.002424, 6.956870, 1.001649, 6.661234, 1.000825
  7.3400, 6.488081, 1.002378, 6.963127, 1.001670, 6.664327, 1.000818
  7.3500, 6.496957, 1.002330, 6.969464, 1.001691, 6.667405, 1.000816
  7.3600, 6.505651, 1.002282, 6.975877, 1.001711, 6.670488, 1.000821
  7.3700, 6.514161, 1.002232, 6.982366, 1.001731, 6.673597, 1.000830
  7.3800, 6.522481, 1.002182, 6.988927, 1.001750, 6.676755, 1.000846
  7.3900, 6.530609, 1.002130, 6.995558, 1.001768, 6.679981, 1.000867
  7.4000, 6.538541, 1.002078, 7.002257, 1.001786, 6.683298, 1.000894
  7.4100, 6.546275, 1.002025, 7.009020, 1.001802, 6.686725, 1.000925
  7.4200, 6.553808, 1.001971, 7.015846, 1.001819, 6.690280, 1.000962
  7.4300, 6.561138, 1.001917, 7.022731, 1.001834, 6.693983, 1.001004
  7.4400, 6.568265, 1.001863, 7.029673, 1.001848, 6.697851, 1.001050
  7.4500, 6.575186, 1.001809, 7.036668, 1.001862, 6.701901, 1.001100
  7.4600, 6.581901, 1.001754, 7.043713, 1.001875, 6.706147, 1.001154
  7.4700, 6.588410, 1.001699, 7.050805, 1.001887, 6.710604, 1.001211
  7.4800, 6.594714, 1.001645, 7.057942, 1.001899, 6.715283, 1.001272
  7.4900, 6.600812, 1.001590, 7.065120, 1.001909, 6.720197, 1.001335
  7.5000, 6.606705, 1.001536, 7.072336, 1.001919, 6.725354, 1.001401
  7.5100, 6.612396, 1.001483, 7.079588, 1.001928, 6.730763, 1.001469
  7.5200, 6.617887, 1.001430, 7.086873, 1.001936, 6.736430, 1.001538
  7.5300, 6.623178, 1.001378, 7.094188, 1.001944, 6.742359, 1.001608
  7.5400, 6.628274, 1.001326, 7.101530, 1.001951, 6.748553, 1.001679
  7.5500, 6.633177, 1.001275, 7.108897, 1.001957, 6.755015, 1.001749
  7.5600, 6.637891, 1.001226, 7.116287, 1.001963, 6.761742, 1.001820
  7.5700, 6.642420, 1.001177, 7.123697, 1.001968, 6.768733, 1.001889
  7.5800, 6.646768, 1.001130, 7.131125, 1.001972, 6.775984, 1.001957
  7.5900, 6.650940, 1.001084, 7.138568, 1.001976, 6.783489, 1.002024
  7.6000, 6.654942, 1.001039, 7.146025, 1.001980, 6.791242, 1.002088
  7.6100, 6.658777, 1.000996, 7.153495, 1.001983, 6.799233, 1.002150
  7.6200, 6.662453, 1.000955, 7.160975, 1.001985, 6.807452, 1.002209
  7.6300, 6.665976, 1.000915, 7.168464, 1.001987, 6.815888, 1.002265
  7.6400, 6.669351, 1.000876, 7.175960, 1.001989, 6.824527, 1.002317
  7.6500, 6.672586, 1.000840, 7.183462, 1.001991, 6.833356, 1.002365
  7.6600, 6.675688, 1.000806, 7.190969, 1.001992, 6.842358, 1.002409
  7.6700, 6.678664, 1.000773, 7.198479, 1.001993, 6.851518, 1.002449
  7.6800, 6.681521, 1.000743, 7.205993, 1.001993, 6.860819, 1.002484
  7.6900, 6.684268, 1.000715, 7.213509, 1.001994, 6.870242, 1.002514
  7.7000, 6.686912, 1.000689, 7.221025, 1.001994, 6.879768, 1.002539
  7.7100, 6.689461, 1.000665, 7.228543, 1.001994, 6.889379, 1.002558
  7.7200, 6.691925, 1.000643, 7.236060, 1.001994, 6.899054, 1.002573
  7.7300, 6.694311, 1.000623, 7.243577, 1.001994, 6.908773, 1.002582
  7.7400, 6.696628, 1.000606, 7.251093, 1.001993, 6.918517, 1.002586
  7.7500, 6.698884, 1.000591, 7.258607, 1.001993, 6.928265, 1.002584
  7.7600, 6.701089, 1.000579, 7.266120, 1.001993, 6.937996, 1.002577
  7.7700, 6.703252, 1.000569, 7.273631, 1.001992, 6.947691, 1.002565
  7.7800, 6.705380, 1.000561, 7.281139, 1.001991, 6.957330, 1.002547
  7.7900, 6.707484, 1.000556, 7.288644, 1.001990, 6.966894, 1.002525
  7.8000, 6.709571, 1.000552, 7.296146, 1.001989, 6.976363, 1.002498
  7.8100, 6.711651, 1.000552, 7.303644, 1.001988, 6.985721, 1.002466
  7.8200, 6.713733, 1.000553, 7.311138, 1.001987, 6.994950, 1.002429
  7.8300, 6.715825, 1.000557, 7.318628, 1.001986, 7.004032, 1.002388
  7.8400, 6.717935, 1.000563, 7.326112, 1.001985, 7.012953, 1.002343
  7.8500, 6.720072, 1.000571, 7.333591, 1.001983, 7.021697, 1.002295
  7.8600, 6.722244, 1.000582, 7.341063, 1.001981, 7.030252, 1.002243
  7.8700, 6.724460, 1.000594, 7.348527, 1.001979, 7.038604, 1.002188
  7.8800, 6.726726, 1.000609, 7.355983, 1.001976, 7.046743, 1.002130
  7.8900, 6.729052, 1.000625, 7.363430, 1.001974, 7.054658, 1.002069
  7.9000, 6.731443, 1.000644, 7.370865, 1.001971, 7.062340, 1.002006
  7.9100, 6.733907, 1.000664, 7.378288, 1.001967, 7.069783, 1.001942
  7.9200, 6.736452, 1.000686, 7.385697, 1.001963, 7.076979, 1.001876
  7.9300, 6.739082, 1.000710, 7.393091, 1.001959, 7.083924, 1.001809
  7.9400, 6.741806, 1.000735, 7.400467, 1.001954, 7.090615, 1.001741
  7.9500, 6.744629, 1.000762, 7.407824, 1.001949, 7.097048, 1.001672
  7.9600, 6.747555, 1.000791, 7.415159, 1.001943, 7.103224, 1.001604
  7.9700, 6.750592, 1.000821, 7.422471, 1.001936, 7.109143, 1.001536
  7.9800, 6.753743, 1.000852, 7.429756, 1.001929, 7.114807, 1.001469
  7.9900, 6.757013, 1.000884, 7.437012, 1.001921, 7.120219, 1.001402
  8.0000, 6.760407, 1.000917, 7.444237, 1.001912, 7.125383, 1.001338
  8.0100, 6.763928, 1.000951, 7.451427, 1.001902, 7.130305, 1.001274
  8.0200, 6.767580, 1.000986, 7.458580, 1.001892, 7.134992, 1.001213
  8.0300, 6.771365, 1.001022, 7.465692, 1.001881, 7.139452, 1.001154
  8.0400, 6.775287, 1.001059, 7.472761, 1.001869, 7.143694, 1.001097
  8.0500, 6.779348, 1.001096, 7.479782, 1.001856, 7.147729, 1.001044
  8.0600, 6.783550, 1.001133, 7.486754, 1.001842, 7.151567, 1.000993
  8.0700, 6.787895, 1.001171, 7.493671, 1.001828, 7.155221, 1.000946
  8.0800, 6.792384, 1.001210, 7.500532, 1.001812, 7.158704, 1.000902
  8.0900, 6.797017, 1.001248, 7.507332, 1.001795, 7.162029, 1.000863
  8.1000, 6.801795, 1.001287, 7.514068, 1.001778, 7.165211, 1.000827
  8.1100, 6.806719, 1.001325, 7.520737, 1.001760, 7.168266, 1.000795
  8.1200, 6.811789, 1.001364, 7.527334, 1.001740, 7.171208, 1.000767
  8.1300, 6.817003, 1.001402, 7.533857, 1.001720, 7.174054, 1.000744
  8.1400, 6.822361, 1.001440, 7.540303, 1.001699, 7.176821, 1.000725
  8.1500, 6.827862, 1.001478, 7.546668, 1.001677, 7.179524, 1.000711
  8.1600, 6.833505, 1.001515, 7.552948, 1.001655, 7.182182, 1.000701
  8.1700, 6.839287, 1.001552, 7.559142, 1.001631, 7.184812, 1.000695
  8.1800, 6.845208, 1.001588, 7.565245, 1.001607, 7.187429, 1.000694
  8.1900, 6.851263, 1.001624, 7.571255, 1.001582, 7.190052, 1.000698
  8.2000, 6.857451, 1.001659, 7.577170, 1.001556, 7.192697, 1.000706
  8.2100, 6.863770, 1.001693, 7.582986, 1.001530, 7.195381, 1.000719
  8.2200, 6.870215, 1.001726, 7.588703, 1.001503, 7.198120, 1.000735
  8.2300, 6.876785, 1.001759, 7.594316, 1.001475, 7.200929, 1.000756
  8.2400, 6.883474, 1.001790, 7.599826, 1.001447, 7.203824, 1.000781
  8.2500, 6.890281, 1.001821, 7.605229, 1.001419, 7.206819, 1.000809
  8.2600, 6.897200, 1.001850, 7.610525, 1.001390, 7.209928, 1.000841
  8.2700, 6.904228, 1.001878, 7.615712, 1.001361, 7.213163, 1.000876
  8.2800, 6.911360, 1.001905, 7.620790, 1.001332, 7.216538, 1.000915
  8.2900, 6.918593, 1.001931, 7.625757, 1.001303, 7.220063, 1.000956
  8.3000, 6.925922, 1.001956, 7.630614, 1.001274, 7.223748, 1.001000
  8.3100, 6.933342, 1.001980, 7.635360, 1.001244, 7.227602, 1.001046
  8.3200, 6.940849, 1.002002, 7.639995, 1.001215, 7.231634, 1.001094
  8.3300, 6.948438, 1.002023, 7.644521, 1.001186, 7.235850, 1.001143
  8.3400, 6.956103, 1.002043, 7.648937, 1.001157, 7.240256, 1.001194
  8.3500, 6.963841, 1.002062, 7.653245, 1.001128, 7.244855, 1.001246
  8.3600, 6.971646, 1.002079, 7.657446, 1.001100, 7.249652, 1.001299
  8.3700, 6.979513, 1.002094, 7.661541, 1.001073, 7.254648, 1.001352
  8.3800, 6.987437, 1.002109, 7.665534, 1.001046, 7.259843, 1.001404
  8.3900, 6.995413, 1.002122, 7.669426, 1.001019, 7.265236, 1.001457
  8.4000, 7.003435, 1.002134, 7.673220, 1.000994, 7.270826, 1.001509
  8.4100, 7.011499, 1.002144, 7.676919, 1.000969, 7.276610, 1.001559
  8.4200, 7.019600, 1.002153, 7.680526, 1.000945, 7.282582, 1.001609
  8.4300, 7.027731, 1.002161, 7.684044, 1.000922, 7.288737, 1.001656
  8.4400, 7.035889, 1.002167, 7.687478, 1.000900, 7.295067, 1.001702
  8.4500, 7.044068, 1.002172, 7.690832, 1.000879, 7.301566, 1.001745
  8.4600, 7.052262, 1.002175, 7.694110, 1.000860, 7.308222, 1.001786
  8.4700, 7.060467, 1.002177, 7.697317, 1.000842, 7.315028, 1.001824
  8.4800, 7.068677, 1.002178, 7.700458, 1.000825, 7.321970, 1.001859
  8.4900, 7.076888, 1.002178, 7.703538, 1.000809, 7.329038, 1.001890
  8.5000, 7.085095, 1.002176, 7.706562, 1.000795, 7.336217, 1.001918
  8.5100, 7.093292, 1.002173, 7.709537, 1.000783, 7.343496, 1.001942
  8.5200, 7.101474, 1.002168, 7.712468, 1.000772, 7.350859, 1.001963
  8.5300, 7.109638, 1.002162, 7.715361, 1.000763, 7.358291, 1.001979
  8.5400, 7.117777, 1.002155, 7.718223, 1.000756, 7.365778, 1.001992
  8.5500, 7.125888, 1.002147, 7.721059, 1.000750, 7.373304, 1.002000
  8.5600, 7.133965, 1.002138, 7.723877, 1.000746, 7.380853, 1.002004
  8.5700, 7.142004, 1.002127, 7.726684, 1.000743, 7.388409, 1.002004
  8.5800, 7.150000, 1.002115, 7.729484, 1.000743, 7.395955, 1.001999
  8.5900, 7.157949, 1.002102, 7.732287, 1.000744, 7.403477, 1.001990
  8.6000, 7.165847, 1.002088, 7.735097, 1.000747, 7.410958, 1.001977
  8.6100, 7.173688, 1.002072, 7.737922, 1.000752, 7.418382, 1.001960
  8.6200, 7.181470, 1.002056, 7.740769, 1.000759, 7.425734, 1.001939
  8.6300, 7.189187, 1.002038, 7.743644, 1.000767, 7.433000, 1.001914
  8.6400, 7.196836, 1.002019, 7.746553, 1.000777, 7.440164, 1.001886
  8.6500, 7.204412, 1.002000, 7.749503, 1.000789, 7.447213, 1.001853
  8.6600, 7.211912, 1.001979, 7.752501, 1.000802, 7.454134, 1.001818
  8.6700, 7.219332, 1.001957, 7.755551, 1.000817, 7.460914, 1.001779
  8.6800, 7.226668, 1.001934, 7.758661, 1.000833, 7.467542, 1.001737
  8.6900, 7.233917, 1.001911, 7.761835, 1.000851, 7.474008, 1.001692
  8.7000, 7.241075, 1.001886, 7.765078, 1.000870, 7.480301, 1.001646
  8.7100, 7.248138, 1.001861, 7.768396, 1.000890, 7.486413, 1.001596
  8.7200, 7.255104, 1.001834, 7.771793, 1.000912, 7.492336, 1.001546
  8.7300, 7.261969, 1.001807, 7.775274, 1.000935, 7.498064, 1.001493
  8.7400, 7.268730, 1.001779, 7.778842, 1.000958, 7.503592, 1.001439
  8.7500, 7.275384, 1.001751, 7.782501, 1.000983, 7.508915, 1.001385
  8.7600, 7.281928, 1.001721, 7.786253, 1.001008, 7.514031, 1.001329
  8.7700, 7.288360, 1.001691, 7.790103, 1.001034, 7.518937, 1.001274
  8.7800, 7.294676, 1.001660, 7.794051, 1.001061, 7.523634, 1.001218
  8.7900, 7.300876, 1.001629, 7.798099, 1.001087, 7.528121, 1.001163
  8.8000, 7.306955, 1.001597, 7.802250, 1.001115, 7.532401, 1.001108
  8.8100, 7.312913, 1.001564, 7.806504, 1.001142, 7.536477, 1.001055
  8.8200, 7.318747, 1.001531, 7.810861, 1.001170, 7.540353, 1.001002
  8.8300, 7.324455, 1.001497, 7.815322, 1.001197, 7.544035, 1.000952
  8.8400, 7.330036, 1.001463, 7.819886, 1.001224, 7.547530, 1.000903
  8.8500, 7.335488, 1.001429, 7.824552, 1.001251, 7.550844, 1.000856
  8.8600, 7.340809, 1.001394, 7.829319, 1.001278, 7.553988, 1.000812
  8.8700, 7.346000, 1.001359, 7.834185, 1.001304, 7.556970, 1.000771
  8.8800, 7.351057, 1.001324, 7.839149, 1.001329, 7.559801, 1.000732
  8.8900, 7.355982, 1.001289, 7.844207, 1.001354, 7.562494, 1.000697
  8.9000, 7.360773, 1.001253, 7.849358, 1.001378, 7.565059, 1.000665
  8.9100, 7.365430, 1.001217, 7.854597, 1.001401, 7.567511, 1.000637
  8.9200, 7.369952, 1.001182, 7.859922, 1.001423, 7.569864, 1.000612
  8.9300, 7.374340, 1.001146, 7.865328, 1.001445, 7.572130, 1.000591
  8.9400, 7.378593, 1.001111, 7.870812, 1.001465, 7.574326, 1.000575
  8.9500, 7.382713, 1.001075, 7.876370, 1.001483, 7.576467, 1.000562
  8.9600, 7.386699, 1.001040, 7.881996, 1.001501, 7.578567, 1.000553
  8.9700, 7.390553, 1.001005, 7.887687, 1.001518, 7.580643, 1.000549
  8.9800, 7.394276, 1.000970, 7.893437, 1.001533, 7.582710, 1.000549
  8.9900, 7.397869, 1.000936, 7.899241, 1.001546, 7.584784, 1.000553
  9.0000, 7.401333, 1.000902, 7.905095, 1.001559, 7.586881, 1.000561
  9.0100, 7.404670, 1.000869, 7.910993, 1.001570, 7.589017, 1.000573
  9.0200, 7.407883, 1.000836, 7.916930, 1.001580, 7.591206, 1.000589
  9.0300, 7.410973, 1.000804, 7.922901, 1.001588, 7.593463, 1.000609
  9.0400, 7.413942, 1.000772, 7.928900, 1.001595, 7.595803, 1.000633
  9.0500, 7.416794, 1.000741, 7.934923, 1.001600, 7.598239, 1.000660
  9.0600, 7.419531, 1.000711, 7.940964, 1.001604, 7.600784, 1.000691
  9.0700, 7.422157, 1.000682, 7.947017, 1.001607, 7.603452, 1.000725
  9.0800, 7.424674, 1.000654, 7.953079, 1.001608, 7.606253, 1.000762
  9.0900, 7.427086, 1.000626, 7.959143, 1.001609, 7.609197, 1.000801
  9.1000, 7.429398, 1.000600, 7.965206, 1.001608, 7.612296, 1.000843
  9.1100, 7.431612, 1.000575, 7.971263, 1.001605, 7.615557, 1.000887
  9.1200, 7.433733, 1.000551, 7.977308, 1.001602, 7.618988, 1.000933
  9.1300, 7.435765, 1.000528, 7.983339, 1.001597, 7.622595, 1.000981
  9.1400, 7.437713, 1.000506, 7.989350, 1.001592, 7.626385, 1.001030
  9.1500, 7.439582, 1.000486, 7.995338, 1.001585, 7.630360, 1.001080
  9.1600, 7.441376, 1.000467, 8.001299, 1.001577, 7.634525, 1.001130
  9.1700, 7.443101, 1.000449, 8.007229, 1.001569, 7.638880, 1.001181
  9.1800, 7.444761, 1.000432, 8.013126, 1.001559, 7.643427, 1.001231
  9.1900, 7.446363, 1.000418, 8.018986, 1.001549, 7.648164, 1.001282
  9.2000, 7.447911, 1.000404, 8.024807, 1.001538, 7.653090, 1.001331
  9.2100, 7.449412, 1.000392, 8.030585, 1.001527, 7.658202, 1.001380
  9.2200, 7.450871, 1.000382, 8.036319, 1.001515, 7.663495, 1.001428
  9.2300, 7.452294, 1.000373, 8.042007, 1.001502, 7.668964, 1.001473
  9.2400, 7.453687, 1.000366, 8.047646, 1.001489, 7.674603, 1.001517
  9.2500, 7.455055, 1.000360, 8.053236, 1.001476, 7.680403, 1.001559
  9.2600, 7.456406, 1.000357, 8.058774, 1.001462, 7.686357, 1.001599
  9.2700, 7.457745, 1.000354, 8.064259, 1.001448, 7.692455, 1.001636
  9.2800, 7.459078, 1.000354, 8.069691, 1.001434, 7.698686, 1.001669
  9.2900, 7.460412, 1.000355, 8.075070, 1.001419, 7.705039, 1.001700
  9.3000, 7.461753, 1.000357, 8.080393, 1.001405, 7.711503, 1.001728
  9.3100, 7.463107, 1.000362, 8.085662, 1.001390, 7.718064, 1.001752
  9.3200, 7.464481, 1.000367, 8.090876, 1.001376, 7.724711, 1.001773
  9.3300, 7.465880, 1.000375, 8.096036, 1.001361, 7.731428, 1.001790
  9.3400, 7.467310, 1.000384, 8.101140, 1.001347, 7.738202, 1.001803
  9.3500, 7.468778, 1.000395, 8.106191, 1.001333, 7.745019, 1.001812
  9.3600, 7.470289, 1.000407, 8.111188, 1.001318, 7.751864, 1.001818
  9.3700, 7.471850, 1.000421, 8.116132, 1.001305, 7.758723, 1.001820
  9.3800, 7.473466, 1.000436, 8.121025, 1.001291, 7.765580, 1.001817
  9.3900, 7.475142, 1.000453, 8.125866, 1.001277, 7.772420, 1.001811
  9.4000, 7.476885, 1.000472, 8.130657, 1.001264, 7.779230, 1.001801
  9.4100, 7.478699, 1.000491, 8.135399, 1.001251, 7.785994, 1.001787
  9.4200, 7.480589, 1.000512, 8.140093, 1.001239, 7.792698, 1.001769
  9.4300, 7.482560, 1.000534, 8.144740, 1.001227, 7.799329, 1.001748
  9.4400, 7.484618, 1.000558, 8.149342, 1.001215, 7.805872, 1.001723
  9.4500, 7.486766, 1.000582, 8.153900, 1.001203, 7.812316, 1.001695
  9.4600, 7.489008, 1.000608, 8.158415, 1.001192, 7.818647, 1.001663
  9.4700, 7.491349, 1.000634, 8.162887, 1.001181, 7.824854, 1.001629
  9.4800, 7.493792, 1.000662, 8.167319, 1.001170, 7.830926, 1.001592
  9.4900, 7.496341, 1.000690, 8.171712, 1.001160, 7.836852, 1.001552
  9.5000, 7.498999, 1.000720, 8.176066, 1.001150, 7.842622, 1.001509
  9.5100, 7.501768, 1.000750, 8.180382, 1.001140, 7.848229, 1.001465
  9.5200, 7.504652, 1.000780, 8.184663, 1.001131, 7.853664, 1.001418
  9.5300, 7.507652, 1.000811, 8.188907, 1.001121, 7.858919, 1.001370
  9.5400, 7.510771, 1.000843, 8.193117, 1.001112, 7.863990, 1.001320
  9.5500, 7.514010, 1.000875, 8.197292, 1.001103, 7.868871, 1.001269
  9.5600, 7.517370, 1.000908, 8.201434, 1.001094, 7.873557, 1.001217
  9.5700, 7.520853, 1.000940, 8.205542, 1.001085, 7.878047, 1.001164
  9.5800, 7.524458, 1.000973, 8.209617, 1.001077, 7.882337, 1.001111
  9.5900, 7.528187, 1.001006, 8.213660, 1.001068, 7.886427, 1.001058
  9.6000, 7.532040, 1.001038, 8.217670, 1.001059, 7.890316, 1.001005
  9.6100, 7.536016, 1.001071, 8.221647, 1.001051, 7.894006, 1.000953
  9.6200, 7.540114, 1.001103, 8.225592, 1.001042, 7.897499, 1.000901
  9.6300, 7.544333, 1.001135, 8.229503, 1.001033, 7.900798, 1.000850
  9.6400, 7.548673, 1.001167, 8.233380, 1.001024, 7.903906, 1.000800
  9.6500, 7.553132, 1.001198, 8.237224, 1.001015, 7.906828, 1.000751
  9.6600, 7.557708, 1.001229, 8.241033, 1.001006, 7.909571, 1.000704
  9.6700, 7.562398, 1.001259, 8.244806, 1.000996, 7.912141, 1.000660
  9.6800, 7.567200, 1.001289, 8.248543, 1.000986, 7.914546, 1.000617
  9.6900, 7.572112, 1.001317, 8.252243, 1.000976, 7.916794, 1.000576
  9.7000, 7.577131, 1.001345, 8.255905, 1.000966, 7.918895, 1.000539
  9.7100, 7.582252, 1.001372, 8.259528, 1.000956, 7.920857, 1.000503
  9.7200, 7.587474, 1.001398, 8.263111, 1.000945, 7.922693, 1.000471
  9.7300, 7.592791, 1.001423, 8.266653, 1.000934, 7.924413, 1.000442
  9.7400, 7.598200, 1.001447, 8.270153, 1.000923, 7.926028, 1.000416
  9.7500, 7.603697, 1.001469, 8.273609, 1.000911, 7.927552, 1.000393
  9.7600, 7.609278, 1.001491, 8.277021, 1.000899, 7.928997, 1.000374
  9.7700, 7.614937, 1.001511, 8.280387, 1.000887, 7.930375, 1.000358
  9.7800, 7.620671, 1.001530, 8.283707, 1.000874, 7.931701, 1.000346
  9.7900, 7.626473, 1.001548, 8.286979, 1.000862, 7.932988, 1.000337
  9.8000, 7.632340, 1.001564, 8.290203, 1.000849, 7.934249, 1.000333
  9.8100, 7.638266, 1.001579, 8.293378, 1.000835, 7.935498, 1.000331
  9.8200, 7.644246, 1.001593, 8.296502, 1.000822, 7.936750, 1.000334
  9.8300, 7.650275, 1.001605, 8.299575, 1.000808, 7.938017, 1.000339
  9.8400, 7.656346, 1.001616, 8.302598, 1.000795, 7.939313, 1.000349
  9.8500, 7.662455, 1.001625, 8.305568, 1.000781, 7.940651, 1.000362
  9.8600, 7.668596, 1.001633, 8.308486, 1.000767, 7.942045, 1.000378
  9.8700, 7.674764, 1.001639, 8.311353, 1.000753, 7.943506, 1.000398
  9.8800, 7.680953, 1.001644, 8.314166, 1.000739, 7.945047, 1.000421
  9.8900, 7.687157, 1.001647, 8.316928, 1.000726, 7.946679, 1.000446
  9.9000, 7.693370, 1.001649, 8.319638, 1.000712, 7.948414, 1.000475
  9.9100, 7.699588, 1.001649, 8.322297, 1.000699, 7.950260, 1.000506
  9.9200, 7.705805, 1.001648, 8.324906, 1.000685, 7.952229, 1.000539
  9.9300, 7.712015, 1.001646, 8.327465, 1.000672, 7.954328, 1.000575
  9.9400, 7.718213, 1.001642, 8.329975, 1.000660, 7.956565, 1.000612
  9.9500, 7.724394, 1.001637, 8.332438, 1.000647, 7.958947, 1.000652
  9.9600, 7.730552, 1.001630, 8.334856, 1.000635, 7.961480, 1.000693
  9.9700, 7.736683, 1.001622, 8.337229, 1.000624, 7.964170, 1.000735
  9.9800, 7.742781, 1.001613, 8.339561, 1.000613, 7.967019, 1.000777
  9.9900, 7.748842, 1.001602, 8.341852, 1.000603, 7.970032, 1.000821
 10.0000, 7.754860, 1.001590, 8.344106, 1.000593, 7.973210, 1.000865
 10.0100, 7.760832, 1.001577, 8.346324, 1.000584, 7.976554, 1.000909
 10.0200, 7.766752, 1.001563, 8.348510, 1.000576, 7.980064, 1.000953
 10.0300, 7.772617, 1.001548, 8.350666, 1.000568, 7.983738, 1.000996
 10.0400, 7.778422, 1.001532, 8.352796, 1.000562, 7.987575, 1.001039
 10.0500, 7.784164, 1.001514, 8.354903, 1.000556, 7.991571, 1.001081
 10.0600, 7.789838, 1.001496, 8.356989, 1.000551, 7.995721, 1.001121
 10.0700, 7.795441, 1.001477, 8.359059, 1.000547, 8.000021, 1.001160
 10.0800, 7.800970, 1.001456, 8.361117, 1.000544, 8.004465, 1.001197
 10.0900, 7.806421, 1.001435, 8.363165, 1.000543, 8.009045, 1.001232
 10.1000, 7.811792, 1.001414, 8.365209, 1.000542, 8.013752, 1.001265
 10.1100, 7.817078, 1.001391, 8.367252, 1.000542, 8.018580, 1.001295
 10.1200, 7.822279, 1.001368, 8.369298, 1.000544, 8.023517, 1.001323
 10.1300, 7.827391, 1.001344, 8.371351, 1.000546, 8.028555, 1.001348
 10.1400, 7.832412, 1.001320, 8.373417, 1.000550, 8.033681, 1.001371
 10.1500, 7.837340, 1.001295, 8.375498, 1.000555, 8.038886, 1.001390
 10.1600, 7.842173, 1.001269, 8.377599, 1.000561, 8.044157, 1.001406
 10.1700, 7.846910, 1.001243, 8.379725, 1.000568, 8.049481, 1.001418
 10.1800, 7.851548, 1.001217, 8.381880, 1.000576, 8.054847, 1.001428
 10.1900, 7.856087, 1.001191, 8.384069, 1.000585, 8.060242, 1.001434
 10.2000, 7.860526, 1.001164, 8.386294, 1.000596, 8.065653, 1.001436
 10.2100, 7.864863, 1.001137, 8.388561, 1.000607, 8.071067, 1.001435
 10.2200, 7.869097, 1.001110, 8.390873, 1.000620, 8.076471, 1.001431
 10.2300, 7.873229, 1.001082, 8.393235, 1.000633, 8.081853, 1.001423
 10.2400, 7.877257, 1.001055, 8.395650, 1.000648, 8.087200, 1.001412
 10.2500, 7.881182, 1.001027, 8.398122, 1.000663, 8.092499, 1.001398
 10.2600, 7.885004, 1.001000, 8.400653, 1.000680, 8.097738, 1.001381
 10.2700, 7.888722, 1.000973, 8.403248, 1.000697, 8.102906, 1.001360
 10.2800, 7.892337, 1.000945, 8.405909, 1.000715, 8.107992, 1.001337
 10.2900, 7.895849, 1.000918, 8.408638, 1.000733, 8.112985, 1.001311
 10.3000, 7.899258, 1.000891, 8.411439, 1.000753, 8.117874, 1.001282
 10.3100, 7.902566, 1.000864, 8.414314, 1.000772, 8.122651, 1.001251
 10.3200, 7.905773, 1.000837, 8.417264, 1.000793, 8.127307, 1.001218
 10.3300, 7.908881, 1.000811, 8.420291, 1.000813, 8.131834, 1.001183
 10.3400, 7.911890, 1.000785, 8.423397, 1.000834, 8.136224, 1.001146
 10.3500, 7.914801, 1.000759, 8.426582, 1.000855, 8.140471, 1.001107
 10.3600, 7.917616, 1.000734, 8.429847, 1.000877, 8.144571, 1.001067
 10.3700, 7.920336, 1.000709, 8.433192, 1.000898, 8.148517, 1.001026
 10.3800, 7.922964, 1.000685, 8.436618, 1.000919, 8.152308, 1.000984
 10.3900, 7.925499, 1.000661, 8.440124, 1.000940, 8.155939, 1.000942
 10.4000, 7.927945, 1.000637, 8.443709, 1.000961, 8.159410, 1.000899
 10.4100, 7.930303, 1.000614, 8.447372, 1.000982, 8.162719, 1.000856
 10.4200, 7.932575, 1.000591, 8.451113, 1.001002, 8.165867, 1.000814
 10.4300, 7.934764, 1.000570, 8.454929, 1.001022, 8.168854, 1.000771
 10.4400, 7.936870, 1.000548, 8.458819, 1.001041, 8.171684, 1.000730
 10.4500, 7.938897, 1.000527, 8.462779, 1.001060, 8.174358, 1.000689
 10.4600, 7.940846, 1.000507, 8.466809, 1.001078, 8.176881, 1.000650
 10.4700, 7.942720, 1.000487, 8.470904, 1.001095, 8.179258, 1.000612
 10.4800, 7.944522, 1.000469, 8.475062, 1.001111, 8.181493, 1.000575
 10.4900, 7.946254, 1.000450, 8.479279, 1.001126, 8.183595, 1.000540
 10.5000, 7.947918, 1.000433, 8.483552, 1.001140, 8.185569, 1.000507
 10.5100, 7.949518, 1.000416, 8.487876, 1.001154, 8.187423, 1.000477
 10.5200, 7.951055, 1.000400, 8.492249, 1.001166, 8.189167, 1.000449
 10.5300, 7.952532, 1.000384, 8.496665, 1.001177, 8.190809, 1.000423
 10.5400, 7.953953, 1.000370, 8.501121, 1.001187, 8.192359, 1.000400
 10.5500, 7.955320, 1.000356, 8.505612, 1.001195, 8.193828, 1.000380
 10.5600, 7.956635, 1.000343, 8.510133, 1.001203, 8.195225, 1.000362
 10.5700, 7.957903, 1.000330, 8.514679, 1.001209, 8.196563, 1.000348
 10.5800, 7.959126, 1.000319, 8.519247, 1.001214, 8.197852, 1.000337
 10.5900, 7.960306, 1.000308, 8.523830, 1.001217, 8.199103, 1.000328
 10.6000, 7.961447, 1.000298, 8.528424, 1.001220, 8.200330, 1.000323
 10.6100, 7.962553, 1.000289, 8.533025, 1.001221, 8.201543, 1.000321
 10.6200, 7.963625, 1.000280, 8.537628, 1.001221, 8.202754, 1.000322
 10.6300, 7.964668, 1.000273, 8.542227, 1.001219, 8.203975, 1.000326
 10.6400, 7.965685, 1.000266, 8.546818, 1.001216, 8.205218, 1.000334
 10.6500, 7.966678, 1.000261, 8.551397, 1.001212, 8.206494, 1.000344
 10.6600, 7.967652, 1.000256, 8.555958, 1.001207, 8.207814, 1.000357
 10.6700, 7.968609, 1.000252, 8.560498, 1.001201, 8.209189, 1.000373
 10.6800, 7.969552, 1.000249, 8.565012, 1.001193, 8.210630, 1.000392
 10.6900, 7.970486, 1.000247, 8.569496, 1.001185, 8.212146, 1.000413
 10.7000, 7.971413, 1.000245, 8.573945, 1.001175, 8.213746, 1.000437
 10.7100, 7.972337, 1.000245, 8.578356, 1.001165, 8.215441, 1.000463
 10.7200, 7.973261, 1.000246, 8.582726, 1.001153, 8.217236, 1.000491
 10.7300, 7.974189, 1.000247, 8.587050, 1.001141, 8.219141, 1.000520
 10.7400, 7.975124, 1.000249, 8.591326, 1.001127, 8.221162, 1.000552
 10.7500, 7.976070, 1.000253, 8.595550, 1.001113, 8.223305, 1.000585
 10.7600, 7.977029, 1.000257, 8.599720, 1.001099, 8.225575, 1.000619
 10.7700, 7.978006, 1.000262, 8.603832, 1.001083, 8.227976, 1.000655
 10.7800, 7.979003, 1.000268, 8.607885, 1.001067, 8.230512, 1.000691
 10.7900, 7.980024, 1.000274, 8.611876, 1.001050, 8.233186, 1.000728
 10.8000, 7.981073, 1.000282, 8.615803, 1.001033, 8.235998, 1.000765
 10.8100, 7.982153, 1.000291, 8.619664, 1.001015, 8.238950, 1.000802
 10.8200, 7.983266, 1.000300, 8.623459, 1.000997, 8.242043, 1.000839
 10.8300, 7.984417, 1.000311, 8.627185, 1.000979, 8.245274, 1.000875
 10.8400, 7.985609, 1.000322, 8.630842, 1.000961, 8.248642, 1.000911
 10.8500, 7.986844, 1.000334, 8.634428, 1.000942, 8.252143, 1.000946
 10.8600, 7.988127, 1.000347, 8.637944, 1.000923, 8.255776, 1.000980
 10.8700, 7.989459, 1.000360, 8.641388, 1.000904, 8.259534, 1.001013
 10.8800, 7.990844, 1.000375, 8.644761, 1.000885, 8.263414, 1.001044
 10.8900, 7.992285, 1.000390, 8.648063, 1.000866, 8.267408, 1.001074
 10.9000, 7.993784, 1.000406, 8.651294, 1.000848, 8.271510, 1.001102
 10.9100, 7.995345, 1.000422, 8.654454, 1.000829, 8.275712, 1.001127
 10.9200, 7.996970, 1.000440, 8.657545, 1.000811, 8.280008, 1.001151
 10.9300, 7.998661, 1.000458, 8.660566, 1.000792, 8.284387, 1.001172
 10.9400, 8.000422, 1.000476, 8.663520, 1.000775, 8.288841, 1.001190
 10.9500, 8.002253, 1.000496, 8.666407, 1.000757, 8.293360, 1.001206
 10.9600, 8.004158, 1.000515, 8.669228, 1.000740, 8.297934, 1.001220
 10.9700, 8.006139, 1.000536, 8.671986, 1.000723, 8.302554, 1.001230
 10.9800, 8.008197, 1.000556, 8.674681, 1.000707, 8.307207, 1.001238
 10.9900, 8.010333, 1.000577, 8.677316, 1.000691, 8.311883, 1.001242
 11.0000, 8.012551, 1.000599, 8.679892, 1.000676, 8.316571, 1.001244
 11.0100, 8.014851, 1.000621, 8.682412, 1.000661, 8.321260, 1.001243
 11.0200, 8.017233, 1.000643, 8.684877, 1.000647, 8.325939, 1.001239
 11.0300, 8.019701, 1.000666, 8.687289, 1.000633, 8.330597, 1.001231
 11.0400, 8.022253, 1.000689, 8.689652, 1.000620, 8.335222, 1.001221
 11.0500, 8.024892, 1.000711, 8.691966, 1.000608, 8.339803, 1.001208
 11.0600, 8.027617, 1.000734, 8.694235, 1.000596, 8.344330, 1.001193
 11.0700, 8.030429, 1.000757, 8.696461, 1.000585, 8.348793, 1.001174
 11.0800, 8.033329, 1.000781, 8.698646, 1.000574, 8.353181, 1.001153
 11.0900, 8.036315, 1.000804, 8.700792, 1.000564, 8.357485, 1.001129
 11.1000, 8.039387, 1.000826, 8.702902, 1.000555, 8.361694, 1.001103
 11.1100, 8.042546, 1.000849, 8.704978, 1.000546, 8.365802, 1.001075
 11.1200, 8.045790, 1.000872, 8.707023, 1.000538, 8.369799, 1.001045
 11.1300, 8.049119, 1.000894, 8.709039, 1.000531, 8.373678, 1.001012
 11.1400, 8.052531, 1.000916, 8.711027, 1.000524, 8.377431, 1.000978
 11.1500, 8.056026, 1.000938, 8.712991, 1.000518, 8.381053, 1.000943
 11.1600, 8.059601, 1.000959, 8.714932, 1.000512, 8.384538, 1.000906
 11.1700, 8.063254, 1.000979, 8.716852, 1.000507, 8.387881, 1.000867
 11.1800, 8.066985, 1.001000, 8.718753, 1.000502, 8.391077, 1.000828
 11.1900, 8.070790, 1.001019, 8.720638, 1.000498, 8.394124, 1.000788
 11.2000, 8.074668, 1.001038, 8.722507, 1.000494, 8.397019, 1.000747
 11.2100, 8.078615, 1.001056, 8.724363, 1.000491, 8.399760, 1.000707
 11.2200, 8.082629, 1.001073, 8.726207, 1.000488, 8.402346, 1.000665
 11.2300, 8.086708, 1.001090, 8.728040, 1.000485, 8.404777, 1.000624
 11.2400, 8.090847, 1.001106, 8.729864, 1.000483, 8.407053, 1.000584
 11.2500, 8.095045, 1.001121, 8.731680, 1.000481, 8.409177, 1.000543
 11.2600, 8.099296, 1.001135, 8.733489, 1.000479, 8.411151, 1.000504
 11.2700, 8.103598, 1.001148, 8.735293, 1.000478, 8.412977, 1.000465
 11.2800, 8.107947, 1.001159, 8.737091, 1.000476, 8.414660, 1.000428
 11.2900, 8.112340, 1.001170, 8.738885, 1.000475, 8.416204, 1.000392
 11.3000, 8.116771, 1.001180, 8.740676, 1.000475, 8.417615, 1.000357
 11.3100, 8.121237, 1.001189, 8.742463, 1.000474, 8.418900, 1.000324
 11.3200, 8.125734, 1.001196, 8.744248, 1.000473, 8.420063, 1.000293
 11.3300, 8.130257, 1.001203, 8.746031, 1.000473, 8.421114, 1.000265
 11.3400, 8.134802, 1.001208, 8.747813, 1.000472, 8.422061, 1.000238
 11.3500, 8.139365, 1.001212, 8.749592, 1.000472, 8.422911, 1.000214
 11.3600, 8.143941, 1.001215, 8.751371, 1.000472, 8.423674, 1.000192
 11.3700, 8.148525, 1.001217, 8.753148, 1.000471, 8.424360, 1.000173
 11.3800, 8.153112, 1.001217, 8.754924, 1.000471, 8.424979, 1.000156
 11.3900, 8.157699, 1.001216, 8.756699, 1.000471, 8.425540, 1.000142
 11.4000, 8.162280, 1.001214, 8.758472, 1.000470, 8.426056, 1.000132
 11.4100, 8.166851, 1.001211, 8.760245, 1.000470, 8.426535, 1.000124
 11.4200, 8.171407, 1.001206, 8.762016, 1.000470, 8.426991, 1.000119
 11.4300, 8.175944, 1.001200, 8.763785, 1.000469, 8.427433, 1.000117
 11.4400, 8.180456, 1.001193, 8.765553, 1.000469, 8.427872, 1.000118
 11.4500, 8.184940, 1.001185, 8.767320, 1.000468, 8.428321, 1.000121
 11.4600, 8.189391, 1.001176, 8.769085, 1.000468, 8.428790, 1.000128
 11.4700, 8.193805, 1.001165, 8.770848, 1.000467, 8.429290, 1.000138
 11.4800, 8.198177, 1.001154, 8.772609, 1.000467, 8.429832, 1.000150
 11.4900, 8.202503, 1.001141, 8.774369, 1.000467, 8.430426, 1.000165
 11.5000, 8.206779, 1.001127, 8.776127, 1.000466, 8.431082, 1.000183
 11.5100, 8.211002, 1.001113, 8.777884, 1.000466, 8.431810, 1.000204
 11.5200, 8.215167, 1.001097, 8.779639, 1.000465, 8.432619, 1.000226
 11.5300, 8.219271, 1.001080, 8.781393, 1.000465, 8.433518, 1.000251
 11.5400, 8.223309, 1.001062, 8.783147, 1.000465, 8.434514, 1.000278
 11.5500, 8.227280, 1.001044, 8.784900, 1.000465, 8.435616, 1.000307
 11.5600, 8.231180, 1.001025, 8.786653, 1.000465, 8.436830, 1.000337
 11.5700, 8.235005, 1.001005, 8.788406, 1.000465, 8.438162, 1.000370
 11.5800, 8.238753, 1.000984, 8.790161, 1.000466, 8.439618, 1.000403
 11.5900, 8.242422, 1.000962, 8.791918, 1.000466, 8.441202, 1.000437
 11.6000, 8.246008, 1.000940, 8.793677, 1.000467, 8.442917, 1.000473
 11.6100, 8.249510, 1.000917, 8.795440, 1.000468, 8.444768, 1.000509
 11.6200, 8.252925, 1.000894, 8.797207, 1.000469, 8.446755, 1.000545
 11.6300, 8.256252, 1.000871, 8.798979, 1.000471, 8.448881, 1.000582
 11.6400, 8.259489, 1.000847, 8.800758, 1.000473, 8.451145, 1.000619
 11.6500, 8.262635, 1.000822, 8.802545, 1.000475, 8.453548, 1.000655
 11.6600, 8.265688, 1.000798, 8.804340, 1.000478, 8.456087, 1.000691
 11.6700, 8.268648, 1.000773, 8.806146, 1.000480, 8.458760, 1.000727
 11.6800, 8.271513, 1.000747, 8.807963, 1.000484, 8.461565, 1.000761
 11.6900, 8.274283, 1.000722, 8.809793, 1.000487, 8.464499, 1.000795
 11.7000, 8.276959, 1.000697, 8.811637, 1.000491, 8.467555, 1.000827
 11.7100, 8.279539, 1.000672, 8.813497, 1.000496, 8.470729, 1.000857
 11.7200, 8.282023, 1.000646, 8.815375, 1.000501, 8.474015, 1.000886
 11.7300, 8.284413, 1.000621, 8.817272, 1.000506, 8.477406, 1.000913
 11.7400, 8.286708, 1.000596, 8.819189, 1.000511, 8.480895, 1.000938
 11.7500, 8.288910, 1.000572, 8.821128, 1.000518, 8.484473, 1.000960
 11.7600, 8.291018, 1.000547, 8.823091, 1.000524, 8.488134, 1.000981
 11.7700, 8.293035, 1.000523, 8.825080, 1.000531, 8.491866, 1.000999
 11.7800, 8.294961, 1.000499, 8.827095, 1.000538, 8.495662, 1.001014
 11.7900, 8.296798, 1.000476, 8.829139, 1.000546, 8.499512, 1.001027
 11.8000, 8.298547, 1.000453, 8.831213, 1.000554, 8.503405, 1.001037
 11.8100, 8.300211, 1.000430, 8.833319, 1.000563, 8.507331, 1.001045
 11.8200, 8.301791, 1.000408, 8.835457, 1.000572, 8.511281, 1.001050
 11.8300, 8.303288, 1.000387, 8.837630, 1.000581, 8.515244, 1.001052
 11.8400, 8.304707, 1.000366, 8.839838, 1.000591, 8.519208, 1.001051
 11.8500, 8.306048, 1.000346, 8.842082, 1.000600, 8.523164, 1.001047
 11.8600, 8.307314, 1.000326, 8.844364, 1.000610, 8.527102, 1.001041
 11.8700, 8.308509, 1.000307, 8.846685, 1.000621, 8.531011, 1.001032
 11.8800, 8.309633, 1.000289, 8.849046, 1.000631, 8.534881, 1.001021
 11.8900, 8.310692, 1.000272, 8.851447, 1.000642, 8.538703, 1.001006
 11.9000, 8.311686, 1.000256, 8.853888, 1.000653, 8.542467, 1.000990
 11.9100, 8.312620, 1.000240, 8.856371, 1.000664, 8.546164, 1.000971
 11.9200, 8.313496, 1.000225, 8.858895, 1.000675, 8.549786, 1.000950
 11.9300, 8.314318, 1.000211, 8.861461, 1.000686, 8.553325, 1.000927
 11.9400, 8.315088, 1.000198, 8.864068, 1.000697, 8.556772, 1.000902
 11.9500, 8.315810, 1.000185, 8.866717, 1.000708, 8.560122, 1.000875
 11.9600, 8.316487, 1.000174, 8.869407, 1.000719, 8.563368, 1.000846
 11.9700, 8.317123, 1.000163, 8.872137, 1.000729, 8.566503, 1.000817
 11.9800, 8.317720, 1.000154, 8.874907, 1.000740, 8.569523, 1.000785
 11.9900, 8.318283, 1.000145, 8.877715, 1.000750, 8.572425, 1.000753
 12.0000, 8.318814, 1.000137, 8.880562, 1.000760, 8.575203, 1.000720
 12.0100, 8.319316, 1.000130, 8.883444, 1.000769, 8.577855, 1.000687
 12.0200, 8.319794, 1.000124, 8.886362, 1.000778, 8.580379, 1.000652
 12.0300, 8.320250, 1.000118, 8.889313, 1.000787, 8.582773, 1.000618
 12.0400, 8.320687, 1.000114, 8.892296, 1.000795, 8.585037, 1.000583
 12.0500, 8.321110, 1.000110, 8.895308, 1.000803, 8.587171, 1.000549
 12.0600, 8.321520, 1.000108, 8.898347, 1.000810, 8.589176, 1.000515
 12.0700, 8.321922, 1.000106, 8.901412, 1.000816, 8.591053, 1.000481
 12.0800, 8.322318, 1.000105, 8.904500, 1.000822, 8.592805, 1.000448
 12.0900, 8.322712, 1.000104, 8.907608, 1.000827, 8.594433, 1.000416
 12.1000, 8.323106, 1.000105, 8.910733, 1.000831, 8.595944, 1.000385
 12.1100, 8.323503, 1.000106, 8.913874, 1.000835, 8.597339, 1.000355
 12.1200, 8.323906, 1.000108, 8.917026, 1.000837, 8.598625, 1.000327
 12.1300, 8.324319, 1.000111, 8.920187, 1.000839, 8.599807, 1.000300
 12.1400, 8.324743, 1.000114, 8.923354, 1.000841, 8.600891, 1.000275
 12.1500, 8.325182, 1.000119, 8.926524, 1.000841, 8.601884, 1.000252
 12.1600, 8.325637, 1.000123, 8.929693, 1.000840, 8.602792, 1.000231
 12.1700, 8.326112, 1.000129, 8.932859, 1.000839, 8.603624, 1.000211
 12.1800, 8.326609, 1.000135, 8.936018, 1.000837, 8.604387, 1.000194
 12.1900, 8.327131, 1.000142, 8.939167, 1.000834, 8.605090, 1.000179
 12.2000, 8.327678, 1.000149, 8.942302, 1.000830, 8.605740, 1.000167
 12.2100, 8.328254, 1.000157, 8.945420, 1.000825, 8.606347, 1.000156
 12.2200, 8.328861, 1.000165, 8.948519, 1.000819, 8.606920, 1.000148
 12.2300, 8.329501, 1.000174, 8.951594, 1.000812, 8.607468, 1.000143
 12.2400, 8.330175, 1.000184, 8.954644, 1.000805, 8.608000, 1.000140
 12.2500, 8.330886, 1.000193, 8.957663, 1.000797, 8.608526, 1.000139
 12.2600, 8.331635, 1.000204, 8.960651, 1.000788, 8.609053, 1.000141
 12.2700, 8.332423, 1.000215, 8.963602, 1.000778, 8.609592, 1.000145
 12.2800, 8.333253, 1.000226, 8.966516, 1.000768, 8.610152, 1.000152
 12.2900, 8.334125, 1.000237, 8.969389, 1.000756, 8.610740, 1.000161
 12.3000, 8.335042, 1.000249, 8.972218, 1.000744, 8.611366, 1.000172
 12.3100, 8.336004, 1.000261, 8.975002, 1.000732, 8.612038, 1.000185
 12.3200, 8.337012, 1.000274, 8.977736, 1.000719, 8.612764, 1.000200
 12.3300, 8.338069, 1.000287, 8.980421, 1.000705, 8.613550, 1.000217
 12.3400, 8.339174, 1.000300, 8.983052, 1.000691, 8.614405, 1.000236
 12.3500, 8.340329, 1.000313, 8.985629, 1.000676, 8.615333, 1.000257
 12.3600, 8.341534, 1.000327, 8.988150, 1.000661, 8.616343, 1.000279
 12.3700, 8.342792, 1.000340, 8.990613, 1.000645, 8.617438, 1.000302
 12.3800, 8.344101, 1.000354, 8.993016, 1.000630, 8.618625, 1.000327
 12.3900, 8.345464, 1.000368, 8.995360, 1.000613, 8.619906, 1.000353
 12.4000, 8.346880, 1.000383, 8.997641, 1.000597, 8.621286, 1.000380
 12.4100, 8.348350, 1.000397, 8.999860, 1.000580, 8.622768, 1.000407
 12.4200, 8.349874, 1.000412, 9.002016, 1.000563, 8.624354, 1.000435
 12.4300, 8.351454, 1.000426, 9.004109, 1.000547, 8.626046, 1.000463
 12.4400, 8.353088, 1.000441, 9.006137, 1.000530, 8.627844, 1.000491
 12.4500, 8.354778, 1.000456, 9.008102, 1.000513, 8.629749, 1.000519
 12.4600, 8.356523, 1.000470, 9.010002, 1.000496, 8.631761, 1.000548
 12.4700, 8.358324, 1.000485, 9.011839, 1.000479, 8.633878, 1.000575
 12.4800, 8.360181, 1.000500, 9.013613, 1.000462, 8.636098, 1.000602
 12.4900, 8.362093, 1.000515, 9.015324, 1.000446, 8.638419, 1.000629
 12.5000, 8.364061, 1.000529, 9.016973, 1.000429, 8.640838, 1.000654
 12.5100, 8.366083, 1.000544, 9.018562, 1.000413, 8.643352, 1.000679
 12.5200, 8.368161, 1.000558, 9.020090, 1.000398, 8.645955, 1.000702
 12.5300, 8.370293, 1.000573, 9.021561, 1.000382, 8.648643, 1.000724
 12.5400, 8.372479, 1.000587, 9.022974, 1.000368, 8.651410, 1.000744
 12.5500, 8.374718, 1.000601, 9.024332, 1.000353, 8.654251, 1.000763
 12.5600, 8.377010, 1.000615, 9.025637, 1.000339, 8.657159, 1.000780
 12.5700, 8.379355, 1.000629, 9.026890, 1.000326, 8.660127, 1.000795
 12.5800, 8.381751, 1.000642, 9.028093, 1.000313, 8.663148, 1.000808
 12.5900, 8.384198, 1.000656, 9.029249, 1.000301, 8.666214, 1.000819
 12.6000, 8.386694, 1.000669, 9.030360, 1.000289, 8.669318, 1.000827
 12.6100, 8.389238, 1.000681, 9.031427, 1.000278, 8.672451, 1.000834
 12.6200, 8.391831, 1.000694, 9.032455, 1.000267, 8.675605, 1.000839
 12.6300, 8.394469, 1.000706, 9.033445, 1.000258, 8.678772, 1.000841
 12.6400, 8.397153, 1.000718, 9.034400, 1.000249, 8.681942, 1.000841
 12.6500, 8.399880, 1.000729, 9.035322, 1.000241, 8.685107, 1.000838
 12.6600, 8.402649, 1.000740, 9.036215, 1.000233, 8.688260, 1.000834
 12.6700, 8.405459, 1.000751, 9.037081, 1.000226, 8.691390, 1.000827
 12.6800, 8.408309, 1.000761, 9.037923, 1.000220, 8.694490, 1.000817
 12.6900, 8.411195, 1.000770, 9.038743, 1.000215, 8.697551, 1.000806
 12.7000, 8.414117, 1.000780, 9.039546, 1.000211, 8.700566, 1.000793
 12.7100, 8.417073, 1.000788, 9.040333, 1.000207, 8.703526, 1.000777
 12.7200, 8.420060, 1.000796, 9.041108, 1.000204, 8.706424, 1.000760
 12.7300, 8.423077, 1.000804, 9.041873, 1.000202, 8.709253, 1.000741
 12.7400, 8.426122, 1.000811, 9.042631, 1.000200, 8.712006, 1.000719
 12.7500, 8.429191, 1.000817, 9.043385, 1.000200, 8.714677, 1.000697
 12.7600, 8.432284, 1.000823, 9.044137, 1.000200, 8.717259, 1.000673
 12.7700, 8.435398, 1.000828, 9.044891, 1.000200, 8.719747, 1.000647
 12.7800, 8.438529, 1.000833, 9.045648, 1.000202, 8.722137, 1.000620
 12.7900, 8.441676, 1.000837, 9.046411, 1.000204, 8.724424, 1.000593
 12.8000, 8.444837, 1.000840, 9.047183, 1.000206, 8.726604, 1.000564
 12.8100, 8.448008, 1.000842, 9.047966, 1.000209, 8.728675, 1.000534
 12.8200, 8.451187, 1.000844, 9.048762, 1.000213, 8.730633, 1.000504
 12.8300, 8.454370, 1.000845, 9.049572, 1.000217, 8.732477, 1.000474
 12.8400, 8.457556, 1.000845, 9.050400, 1.000222, 8.734205, 1.000443
 12.8500, 8.460742, 1.000845, 9.051246, 1.000227, 8.735817, 1.000412
 12.8600, 8.463924, 1.000843, 9.052113, 1.000233, 8.737313, 1.000382
 12.8700, 8.467100, 1.000841, 9.053001, 1.000239, 8.738694, 1.000351
 12.8800, 8.470266, 1.000838, 9.053913, 1.000245, 8.739961, 1.000321
 12.8900, 8.473420, 1.000835, 9.054849, 1.000252, 8.741117, 1.000292
 12.9000, 8.476559, 1.000830, 9.055810, 1.000259, 8.742162, 1.000263
 12.9100, 8.479680, 1.000825, 9.056798, 1.000266, 8.743102, 1.000236
 12.9200, 8.482780, 1.000819, 9.057814, 1.000273, 8.743940, 1.000209
 12.9300, 8.485856, 1.000812, 9.058857, 1.000280, 8.744680, 1.000184
 12.9400, 8.488905, 1.000805, 9.059929, 1.000288, 8.745328, 1.000160
 12.9500, 8.491924, 1.000797, 9.061029, 1.000296, 8.745888, 1.000138
 12.9600, 8.494910, 1.000787, 9.062159, 1.000304, 8.746367, 1.000117
 12.9700, 8.497860, 1.000778, 9.063317, 1.000311, 8.746772, 1.000098
 12.9800, 8.500773, 1.000767, 9.064505, 1.000319, 8.747109, 1.000081
 12.9900, 8.503644, 1.000756, 9.065723, 1.000327, 8.747386, 1.000066
 13.0000, 8.506471, 1.000744, 9.066968, 1.000334, 8.747610, 1.000053
 13.0100, 8.509251, 1.000731, 9.068243, 1.000342, 8.747789, 1.000042
 13.0200, 8.511983, 1.000718, 9.069545, 1.000349, 8.747931, 1.000034
 13.0300, 8.514663, 1.000704, 9.070875, 1.000356, 8.748045, 1.000027
 13.0400, 8.517289, 1.000689, 9.072232, 1.000363, 8.748139, 1.000023
 13.0500, 8.519859, 1.000674, 9.073615, 1.000370, 8.748222, 1.000021
 13.0600, 8.522371, 1.000658, 9.075024, 1.000377, 8.748303, 1.000022
 13.0700, 8.524823, 1.000642, 9.076457, 1.000383, 8.748390, 1.000025
 13.0800, 8.527212, 1.000625, 9.077914, 1.000390, 8.748491, 1.000030
 13.0900, 8.529537, 1.000608, 9.079394, 1.000395, 8.748616, 1.000037
 13.1000, 8.531797, 1.000590, 9.080896, 1.000401, 8.748773, 1.000047
 13.1100, 8.533989, 1.000572, 9.082419, 1.000407, 8.748969, 1.000058
 13.1200, 8.536112, 1.000554, 9.083961, 1.000412, 8.749213, 1.000072
 13.1300, 8.538166, 1.000535, 9.085523, 1.000417, 8.749513, 1.000087
 13.1400, 8.540148, 1.000516, 9.087103, 1.000421, 8.749874, 1.000105
 13.1500, 8.542058, 1.000497, 9.088699, 1.000426, 8.750305, 1.000124
 13.1600, 8.543896, 1.000478, 9.090312, 1.000430, 8.750812, 1.000145
 13.1700, 8.545660, 1.000458, 9.091939, 1.000434, 8.751401, 1.000167
 13.1800, 8.547350, 1.000438, 9.093581, 1.000437, 8.752076, 1.000191
 13.1900, 8.548966, 1.000419, 9.095235, 1.000441, 8.752844, 1.000216
 13.2000, 8.550508, 1.000399, 9.096902, 1.000444, 8.753707, 1.000242
 13.2100, 8.551975, 1.000379, 9.098580, 1.000447, 8.754671, 1.000269
 13.2200, 8.553367, 1.000360, 9.100269, 1.000449, 8.755737, 1.000297
 13.2300, 8.554686, 1.000340, 9.101968, 1.000452, 8.756909, 1.000325
 13.2400, 8.555932, 1.000321, 9.103675, 1.000454, 8.758188, 1.000354
 13.2500, 8.557105, 1.000302, 9.105391, 1.000456, 8.759576, 1.000382
 13.2600, 8.558206, 1.000283, 9.107115, 1.000458, 8.761072, 1.000411
 13.2700, 8.559236, 1.000264, 9.108847, 1.000460, 8.762677, 1.000440
 13.2800, 8.560196, 1.000246, 9.110585, 1.000462, 8.764390, 1.000468
 13.2900, 8.561089, 1.000228, 9.112329, 1.000464, 8.766209, 1.000496
 13.3000, 8.561914, 1.000210, 9.114080, 1.000465, 8.768132, 1.000524
 13.3100, 8.562674, 1.000193, 9.115836, 1.000467, 8.770157, 1.000550
 13.3200, 8.563371, 1.000177, 9.117598, 1.000468, 8.772279, 1.000576
 13.3300, 8.564006, 1.000161, 9.119365, 1.000469, 8.774495, 1.000600
 13.3400, 8.564582, 1.000145, 9.121137, 1.000471, 8.776801, 1.000623
 13.3500, 8.565100, 1.000130, 9.122914, 1.000472, 8.779191, 1.000645
 13.3600, 8.565563, 1.000116, 9.124696, 1.000473, 8.781660, 1.000665
 13.3700, 8.565974, 1.000102, 9.126484, 1.000475, 8.784201, 1.000683
 13.3800, 8.566335, 1.000089, 9.128276, 1.000476, 8.786809, 1.000700
 13.3900, 8.566648, 1.000077, 9.130073, 1.000477, 8.789476, 1.000715
 13.4000, 8.566916, 1.000066, 9.131876, 1.000479, 8.792196, 1.000728
 13.4100, 8.567143, 1.000055, 9.133684, 1.000480, 8.794961, 1.000739
 13.4200, 8.567331, 1.000045, 9.135497, 1.000482, 8.797763, 1.000747
 13.4300, 8.567482, 1.000036, 9.137316, 1.000483, 8.800594, 1.000754
 13.4400, 8.567601, 1.000027, 9.139141, 1.000485, 8.803446, 1.000759
 13.4500, 8.567689, 1.000020, 9.140972, 1.000486, 8.806312, 1.000761
 13.4600, 8.567751, 1.000013, 9.142809, 1.000488, 8.809183, 1.000761
 13.4700, 8.567789, 1.000007, 9.144653, 1.000490, 8.812050, 1.000759
 13.4800, 8.567807, 1.000002, 9.146503, 1.000492, 8.814907, 1.000755
 13.4900, 8.567807, 0.999998, 9.148359, 1.000493, 8.817743, 1.000749
 13.5000, 8.567793, 0.999995, 9.150223, 1.000495, 8.820553, 1.000741
 13.5100, 8.567769, 0.999992, 9.152093, 1.000497, 8.823328, 1.000731
 13.5200, 8.567737, 0.999991, 9.153970, 1.000499, 8.826060, 1.000718
 13.5300, 8.567700, 0.999990, 9.155854, 1.000501, 8.828742, 1.000704
 13.5400, 8.567662, 0.999990, 9.157744, 1.000502, 8.831368, 1.000688
 13.5500, 8.567626, 0.999991, 9.159641, 1.000504, 8.833931, 1.000671
 13.5600, 8.567595, 0.999993, 9.161545, 1.000506, 8.836424, 1.000652
 13.5700, 8.567573, 0.999995, 9.163455, 1.000507, 8.838842, 1.000631
 13.5800, 8.567561, 0.999999, 9.165370, 1.000509, 8.841180, 1.000609
 13.5900, 8.567563, 1.000003, 9.167291, 1.000510, 8.843433, 1.000586
 13.6000, 8.567582, 1.000008, 9.169217, 1.000511, 8.845596, 1.000561
 13.6100, 8.567620, 1.000013, 9.171148, 1.000513, 8.847666, 1.000536
 13.6200, 8.567681, 1.000019, 9.173082, 1.000514, 8.849639, 1.000510
 13.6300, 8.567766, 1.000026, 9.175019, 1.000514, 8.851512, 1.000484
 13.6400, 8.567879, 1.000034, 9.176959, 1.000515, 8.853284, 1.000456
 13.6500, 8.568022, 1.000042, 9.178900, 1.000515, 8.854953, 1.000429
 13.6600, 8.568196, 1.000051, 9.180842, 1.000515, 8.856518, 1.000401
 13.6700, 8.568405, 1.000060, 9.182783, 1.000515, 8.857978, 1.000373
 13.6800, 8.568650, 1.000070, 9.184722, 1.000514, 8.859334, 1.000346
 13.6900, 8.568933, 1.000080, 9.186659, 1.000513, 8.860586, 1.000318
 13.7000, 8.569256, 1.000091, 9.188591, 1.000512, 8.861735, 1.000291
 13.7100, 8.569621, 1.000102, 9.190518, 1.000510, 8.862784, 1.000265
 13.7200, 8.570029, 1.000114, 9.192439, 1.000508, 8.863735, 1.000239
 13.7300, 8.570481, 1.000126, 9.194351, 1.000506, 8.864590, 1.000215
 13.7400, 8.570980, 1.000138, 9.196253, 1.000503, 8.865354, 1.000191
 13.7500, 8.571526, 1.000151, 9.198144, 1.000500, 8.866029, 1.000168
 13.7600, 8.572120, 1.000164, 9.200023, 1.000496, 8.866621, 1.000146
 13.7700, 8.572763, 1.000177, 9.201887, 1.000492, 8.867135, 1.000126
 13.7800, 8.573455, 1.000190, 9.203734, 1.000488, 8.867574, 1.000107
 13.7900, 8.574199, 1.000204, 9.205564, 1.000483, 8.867946, 1.000090
 13.8000, 8.574993, 1.000218, 9.207374, 1.000477, 8.868255, 1.000074
 13.8100, 8.575839, 1.000231, 9.209164, 1.000472, 8.868509, 1.000061
 13.8200, 8.576737, 1.000245, 9.210930, 1.000465, 8.868713, 1.000048
 13.8300, 8.577686, 1.000259, 9.212672, 1.000459, 8.868875, 1.000038
 13.8400, 8.578688, 1.000273, 9.214387, 1.000451, 8.869001, 1.000029
 13.8500, 8.579741, 1.000286, 9.216075, 1.000444, 8.869098, 1.000023
 13.8600, 8.580846, 1.000300, 9.217734, 1.000436, 8.869173, 1.000018
 13.8700, 8.582002, 1.000313, 9.219361, 1.000427, 8.869234, 1.000015
 13.8800, 8.583209, 1.000327, 9.220956, 1.000419, 8.869288, 1.000014
 13.8900, 8.584466, 1.000340, 9.222517, 1.000409, 8.869343, 1.000015
 13.9000, 8.585773, 1.000353, 9.224043, 1.000400, 8.869404, 1.000018
 13.9100, 8.587129, 1.000366, 9.225532, 1.000390, 8.869479, 1.000023
 13.9200, 8.588534, 1.000379, 9.226984, 1.000380, 8.869576, 1.000029
 13.9300, 8.589986, 1.000391, 9.228396, 1.000369, 8.869701, 1.000037
 13.9400, 8.591484, 1.000403, 9.229769, 1.000359, 8.869860, 1.000047
 13.9500, 8.593027, 1.000415, 9.231101, 1.000348, 8.870060, 1.000059
 13.9600, 8.594615, 1.000427, 9.232391, 1.000337, 8.870307, 1.000072
 13.9700, 8.596246, 1.000438, 9.233638, 1.000325, 8.870606, 1.000087
 13.9800, 8.597918, 1.000449, 9.234843, 1.000314, 8.870962, 1.000103
 13.9900, 8.599631, 1.000460, 9.236004, 1.000302, 8.871381, 1.000120
 14.0000, 8.601384, 1.000470, 9.237122, 1.000291, 8.871866, 1.000138
 14.0100, 8.603174, 1.000480, 9.238195, 1.000279, 8.872423, 1.000157
 14.0200, 8.605000, 1.000489, 9.239225, 1.000267, 8.873053, 1.000177
 14.0300, 8.606861, 1.000498, 9.240210, 1.000256, 8.873761, 1.000198
 14.0400, 8.608755, 1.000507, 9.241152, 1.000244, 8.874549, 1.000220
 14.0500, 8.610681, 1.000515, 9.242050, 1.000232, 8.875419, 1.000242
 14.0600, 8.612638, 1.000523, 9.242905, 1.000221, 8.876372, 1.000264
 14.0700, 8.614623, 1.000530, 9.243717, 1.000210, 8.877410, 1.000286
 14.0800, 8.616634, 1.000537, 9.244488, 1.000199, 8.878532, 1.000309
 14.0900, 8.618671, 1.000543, 9.245218, 1.000188, 8.879739, 1.000331
 14.1000, 8.620732, 1.000550, 9.245909, 1.000178, 8.881030, 1.000353
 14.1100, 8.622814, 1.000555, 9.246560, 1.000168, 8.882404, 1.000375
 14.1200, 8.624916, 1.000560, 9.247174, 1.000158, 8.883858, 1.000396
 14.1300, 8.627037, 1.000565, 9.247753, 1.000149, 8.885392, 1.000417
 14.1400, 8.629175, 1.000569, 9.248297, 1.000140, 8.887001, 1.000437
 14.1500, 8.631328, 1.000573, 9.248808, 1.000131, 8.888684, 1.000456
 14.1600, 8.633494, 1.000576, 9.249288, 1.000123, 8.890435, 1.000473
 14.1700, 8.635672, 1.000579, 9.249738, 1.000116, 8.892252, 1.000490
 14.1800, 8.637859, 1.000581, 9.250162, 1.000109, 8.894129, 1.000506
 14.1900, 8.640055, 1.000583, 9.250561, 1.000103, 8.896062, 1.000520
 14.2000, 8.642257, 1.000585, 9.250936, 1.000097, 8.898046, 1.000532
 14.2100, 8.644464, 1.000586, 9.251291, 1.000092, 8.900075, 1.000543
 14.2200, 8.646674, 1.000586, 9.251628, 1.000087, 8.902142, 1.000553
 14.2300, 8.648886, 1.000587, 9.251948, 1.000083, 8.904243, 1.000561
 14.2400, 8.651097, 1.000586, 9.252255, 1.000080, 8.906371, 1.000567
 14.2500, 8.653307, 1.000586, 9.252551, 1.000077, 8.908519, 1.000572
 14.2600, 8.655512, 1.000584, 9.252838, 1.000075, 8.910681, 1.000575
 14.2700, 8.657713, 1.000583, 9.253119, 1.000074, 8.912851, 1.000576
 14.2800, 8.659907, 1.000581, 9.253397, 1.000073, 8.915021, 1.000575
 14.2900, 8.662092, 1.000578, 9.253674, 1.000074, 8.917185, 1.000573
 14.3000, 8.664267, 1.000576, 9.253952, 1.000074, 8.919337, 1.000568
 14.3100, 8.666431, 1.000572, 9.254234, 1.000076, 8.921470, 1.000562
 14.3200, 8.668582, 1.000569, 9.254523, 1.000078, 8.923576, 1.000555
 14.3300, 8.670717, 1.000564, 9.254822, 1.000081, 8.925651, 1.000546
 14.3400, 8.672837, 1.000560, 9.255132, 1.000084, 8.927689, 1.000535
 14.3500, 8.674939, 1.000555, 9.255455, 1.000088, 8.929682, 1.000522
 14.3600, 8.677021, 1.000550, 9.255795, 1.000093, 8.931626, 1.000509
 14.3700, 8.679083, 1.000544, 9.256154, 1.000098, 8.933515, 1.000493
 14.3800, 8.681122, 1.000538, 9.256533, 1.000104, 8.935345, 1.000477
 14.3900, 8.683138, 1.000531, 9.256936, 1.000110, 8.937111, 1.000459
 14.4000, 8.685129, 1.000525, 9.257362, 1.000117, 8.938808, 1.000441
 14.4100, 8.687093, 1.000517, 9.257816, 1.000124, 8.940433, 1.000421
 14.4200, 8.689030, 1.000510, 9.258297, 1.000132, 8.941983, 1.000401
 14.4300, 8.690937, 1.000502, 9.258809, 1.000140, 8.943454, 1.000380
 14.4400, 8.692814, 1.000494, 9.259351, 1.000148, 8.944845, 1.000358
 14.4500, 8.694660, 1.000485, 9.259927, 1.000157, 8.946152, 1.000336
 14.4600, 8.696472, 1.000476, 9.260536, 1.000166, 8.947376, 1.000313
 14.4700, 8.698250, 1.000467, 9.261180, 1.000176, 8.948514, 1.000291
 14.4800, 8.699992, 1.000457, 9.261860, 1.000185, 8.949566, 1.000268
 14.4900, 8.701698, 1.000448, 9.262577, 1.000195, 8.950533, 1.000245
 14.5000, 8.703367, 1.000437, 9.263330, 1.000205, 8.951415, 1.000223
 14.5100, 8.704996, 1.000427, 9.264121, 1.000215, 8.952213, 1.000201
 14.5200, 8.706586, 1.000416, 9.264950, 1.000225, 8.952928, 1.000179
 14.5300, 8.708136, 1.000405, 9.265817, 1.000235, 8.953563, 1.000158
 14.5400, 8.709643, 1.000394, 9.266722, 1.000245, 8.954120, 1.000138
 14.5500, 8.711108, 1.000383, 9.267665, 1.000255, 8.954602, 1.000118
 14.5600, 8.712530, 1.000371, 9.268645, 1.000265, 8.955012, 1.000100
 14.5700, 8.713907, 1.000359, 9.269662, 1.000275, 8.955355, 1.000082
 14.5800, 8.715240, 1.000347, 9.270715, 1.000284, 8.955634, 1.000066
 14.5900, 8.716527, 1.000335, 9.271804, 1.000294, 8.955855, 1.000051
 14.6000, 8.717768, 1.000323, 9.272928, 1.000303, 8.956022, 1.000038
 14.6100, 8.718962, 1.000311, 9.274086, 1.000311, 8.956140, 1.000025
 14.6200, 8.720110, 1.000298, 9.275276, 1.000320, 8.956215, 1.000015
 14.6300, 8.721209, 1.000285, 9.276498, 1.000328, 8.956252, 1.000006
 14.6400, 8.722261, 1.000273, 9.277750, 1.000336, 8.956259, 0.999998
 14.6500, 8.723266, 1.000260, 9.279031, 1.000343, 8.956240, 0.999992
 14.6600, 8.724222, 1.000247, 9.280339, 1.000350, 8.956202, 0.999988
 14.6700, 8.725129, 1.000234, 9.281673, 1.000357, 8.956152, 0.999986
 14.6800, 8.725989, 1.000222, 9.283031, 1.000363, 8.956096, 0.999985
 14.6900, 8.726800, 1.000209, 9.284411, 1.000369, 8.956040, 0.999986
 14.7000, 8.727564, 1.000196, 9.285813, 1.000374, 8.955992, 0.999989
 14.7100, 8.728279, 1.000184, 9.287233, 1.000379, 8.955956, 0.999993
 14.7200, 8.728948, 1.000171, 9.288671, 1.000383, 8.955941, 0.999999
 14.7300, 8.729569, 1.000159, 9.290124, 1.000387, 8.955951, 1.000007
 14.7400, 8.730145, 1.000147, 9.291591, 1.000391, 8.955994, 1.000016
 14.7500, 8.730674, 1.000134, 9.293069, 1.000394, 8.956074, 1.000027
 14.7600, 8.731159, 1.000123, 9.294558, 1.000396, 8.956198, 1.000039
 14.7700, 8.731599, 1.000111, 9.296055, 1.000398, 8.956370, 1.000053
 14.7800, 8.731996, 1.000100, 9.297559, 1.000400, 8.956595, 1.000067
 14.7900, 8.732351, 1.000089, 9.299068, 1.000401, 8.956879, 1.000083
 14.8000, 8.732665, 1.000078, 9.300579, 1.000401, 8.957226, 1.000101
 14.8100, 8.732938, 1.000067, 9.302092, 1.000401, 8.957639, 1.000119
 14.8200, 8.733173, 1.000057, 9.303606, 1.000401, 8.958121, 1.000138
 14.8300, 8.733371, 1.000048, 9.305117, 1.000401, 8.958677, 1.000157
 14.8400, 8.733533, 1.000038, 9.306625, 1.000400, 8.959308, 1.000178
 14.8500, 8.733660, 1.000029, 9.308129, 1.000398, 8.960016, 1.000198
 14.8600, 8.733755, 1.000021, 9.309627, 1.000396, 8.960804, 1.000220
 14.8700, 8.733818, 1.000013, 9.311119, 1.000394, 8.961672, 1.000241
 14.8800, 8.733853, 1.000005, 9.312601, 1.000392, 8.962621, 1.000263
 14.8900, 8.733859, 0.999998, 9.314075, 1.000389, 8.963652, 1.000284
 14.9000, 8.733841, 0.999992, 9.315538, 1.000387, 8.964763, 1.000305
 14.9100, 8.733798, 0.999986, 9.316990, 1.000384, 8.965954, 1.000326
 14.9200, 8.733734, 0.999980, 9.318429, 1.000380, 8.967223, 1.000347
 14.9300, 8.733651, 0.999976, 9.319856, 1.000377, 8.968570, 1.000367
 14.9400, 8.733550, 0.999971, 9.321269, 1.000373, 8.969991, 1.000387
 14.9500, 8.733435, 0.999967, 9.322668, 1.000369, 8.971484, 1.000405
 14.9600, 8.733306, 0.999964, 9.324052, 1.000365, 8.973045, 1.000423
 14.9700, 8.733167, 0.999962, 9.325422, 1.000361, 8.974672, 1.000440
 14.9800, 8.733019, 0.999960, 9.326776, 1.000357, 8.976359, 1.000455
 14.9900, 8.732865, 0.999959, 9.328114, 1.000353, 8.978104, 1.000470
 15.0000, 8.732708, 0.999958, 9.329436, 1.000349, 8.979901, 1.000483
 15.0100, 8.732549, 0.999958, 9.330742, 1.000344, 8.981745, 1.000495
 15.0200, 8.732392, 0.999959, 9.332033, 1.000340, 8.983631, 1.000505
 15.0300, 8.732238, 0.999960, 9.333307, 1.000336, 8.985553, 1.000514
 15.0400, 8.732089, 0.999962, 9.334565, 1.000332, 8.987507, 1.000522
 15.0500, 8.731949, 0.999964, 9.335808, 1.000328, 8.989485, 1.000527
 15.0600, 8.731820, 0.999967, 9.337035, 1.000323, 8.991483, 1.000532
 15.0700, 8.731703, 0.999971, 9.338246, 1.000319, 8.993493, 1.000534
 15.0800, 8.731601, 0.999975, 9.339443, 1.000315, 8.995509, 1.000535
 15.0900, 8.731516, 0.999980, 9.340625, 1.000312, 8.997527, 1.000535
 15.1000, 8.731451, 0.999986, 9.341792, 1.000308, 8.999538, 1.000532
 15.1100, 8.731408, 0.999992, 9.342945, 1.000304, 9.001537, 1.000528
 15.1200, 8.731388, 0.999998, 9.344085, 1.000300, 9.003519, 1.000523
 15.1300, 8.731394, 1.000005, 9.345211, 1.000297, 9.005476, 1.000515
 15.1400, 8.731428, 1.000013, 9.346324, 1.000294, 9.007403, 1.000507
 15.1500, 8.731491, 1.000021, 9.347425, 1.000290, 9.009295, 1.000497
 15.1600, 8.731586, 1.000029, 9.348513, 1.000287, 9.011146, 1.000485
 15.1700, 8.731714, 1.000038, 9.349590, 1.000284, 9.012950, 1.000472
 15.1800, 8.731877, 1.000048, 9.350656, 1.000281, 9.014704, 1.000458
 15.1900, 8.732075, 1.000058, 9.351710, 1.000278, 9.016401, 1.000442
 15.2000, 8.732312, 1.000068, 9.352754, 1.000275, 9.018038, 1.000426
 15.2100, 8.732588, 1.000078, 9.353788, 1.000273, 9.019610, 1.000408
 15.2200, 8.732904, 1.000089, 9.354811, 1.000270, 9.021115, 1.000390
 15.2300, 8.733261, 1.000100, 9.355824, 1.000268, 9.022549, 1.000371
 15.2400, 8.733661, 1.000112, 9.356828, 1.000265, 9.023908, 1.000351
 15.2500, 8.734105, 1.000123, 9.357822, 1.000262, 9.025191, 1.000330
 15.2600, 8.734592, 1.000135, 9.358807, 1.000260, 9.026395, 1.000309
 15.2700, 8.735125, 1.000147, 9.359782, 1.000257, 9.027519, 1.000287
 15.2800, 8.735702, 1.000159, 9.360748, 1.000255, 9.028562, 1.000266
 15.2900, 8.736326, 1.000171, 9.361705, 1.000253, 9.029523, 1.000244
 15.3000, 8.736995, 1.000184, 9.362652, 1.000250, 9.030402, 1.000222
 15.3100, 8.737711, 1.000196, 9.363590, 1.000247, 9.031198, 1.000200
 15.3200, 8.738473, 1.000208, 9.364518, 1.000245, 9.031913, 1.000179
 15.3300, 8.739282, 1.000221, 9.365435, 1.000242, 9.032547, 1.000158
 15.3400, 8.740136, 1.000233, 9.366343, 1.000239, 9.033103, 1.000137
 15.3500, 8.741036, 1.000245, 9.367240, 1.000236, 9.033582, 1.000117
 15.3600, 8.741982, 1.000257, 9.368125, 1.000233, 9.033986, 1.000098
 15.3700, 8.742973, 1.000269, 9.369000, 1.000230, 9.034318, 1.000079
 15.3800, 8.744007, 1.000280, 9.369863, 1.000227, 9.034581, 1.000061
 15.3900, 8.745085, 1.000292, 9.370713, 1.000224, 9.034779, 1.000044
 15.4000, 8.746206, 1.000303, 9.371551, 1.000220, 9.034916, 1.000028
 15.4100, 8.747369, 1.000314, 9.372375, 1.000217, 9.034995, 1.000014
 15.4200, 8.748572, 1.000324, 9.373186, 1.000213, 9.035021, 1.000000
 15.4300, 8.749814, 1.000335, 9.373982, 1.000209, 9.034999, 0.999988
 15.4400, 8.751095, 1.000345, 9.374763, 1.000205, 9.034933, 0.999977
 15.4500, 8.752412, 1.000354, 9.375529, 1.000201, 9.034830, 0.999968
 15.4600, 8.753765, 1.000363, 9.376279, 1.000197, 9.034694, 0.999960
 15.4700, 8.755151, 1.000372, 9.377012, 1.000192, 9.034530, 0.999954
 15.4800, 8.756571, 1.000381, 9.377728, 1.000188, 9.034344, 0.999948
 15.4900, 8.758020, 1.000388, 9.378426, 1.000183, 9.034143, 0.999945
 15.5000, 8.759499, 1.000396, 9.379107, 1.000178, 9.033931, 0.999943
 15.5100, 8.761005, 1.000403, 9.379768, 1.000173, 9.033715, 0.999943
 15.5200, 8.762537, 1.000409, 9.380410, 1.000168, 9.033500, 0.999944
 15.5300, 8.764092, 1.000416, 9.381033, 1.000163, 9.033292, 0.999946
 15.5400, 8.765669, 1.000421, 9.381636, 1.000157, 9.033096, 0.999950
 15.5500, 8.767266, 1.000426, 9.382219, 1.000152, 9.032919, 0.999956
 15.5600, 8.768881, 1.000431, 9.382781, 1.000146, 9.032765, 0.999963
 15.5700, 8.770512, 1.000435, 9.383322, 1.000141, 9.032639, 0.999971
 15.5800, 8.772157, 1.000438, 9.383843, 1.000135, 9.032548, 0.999981
 15.5900, 8.773814, 1.000441, 9.384343, 1.000130, 9.032495, 0.999991
 15.6000, 8.775481, 1.000443, 9.384822, 1.000124, 9.032485, 1.000003
 15.6100, 8.777155, 1.000445, 9.385281, 1.000119, 9.032522, 1.000017
 15.6200, 8.778836, 1.000447, 9.385718, 1.000113, 9.032610, 1.000031
 15.6300, 8.780521, 1.000447, 9.386135, 1.000108, 9.032753, 1.000046
 15.6400, 8.782209, 1.000448, 9.386532, 1.000103, 9.032954, 1.000061
 15.6500, 8.783896, 1.000447, 9.386910, 1.000098, 9.033216, 1.000078
 15.6600, 8.785582, 1.000447, 9.387268, 1.000092, 9.033542, 1.000095
 15.6700, 8.787264, 1.000446, 9.387607, 1.000088, 9.033932, 1.000112
 15.6800, 8.788941, 1.000444, 9.387929, 1.000083, 9.034390, 1.000130
 15.6900, 8.790610, 1.000442, 9.388233, 1.000078, 9.034916, 1.000149
 15.7000, 8.792270, 1.000439, 9.388520, 1.000074, 9.035511, 1.000167
 15.7100, 8.793920, 1.000436, 9.388792, 1.000070, 9.036176, 1.000186
 15.7200, 8.795557, 1.000432, 9.389049, 1.000066, 9.036911, 1.000204
 15.7300, 8.797180, 1.000429, 9.389293, 1.000063, 9.037714, 1.000222
 15.7400, 8.798788, 1.000424, 9.389524, 1.000060, 9.038586, 1.000240
 15.7500, 8.800379, 1.000419, 9.389744, 1.000057, 9.039524, 1.000258
 15.7600, 8.801950, 1.000414, 9.389953, 1.000054, 9.040528, 1.000275
 15.7700, 8.803502, 1.000409, 9.390155, 1.000052, 9.041595, 1.000291
 15.7800, 8.805033, 1.000403, 9.390348, 1.000051, 9.042722, 1.000307
 15.7900, 8.806541, 1.000397, 9.390536, 1.000049, 9.043908, 1.000322
 15.8000, 8.808025, 1.000390, 9.390720, 1.000048, 9.045147, 1.000336
 15.8100, 8.809484, 1.000384, 9.390900, 1.000048, 9.046438, 1.000349
 15.8200, 8.810918, 1.000377, 9.391080, 1.000048, 9.047776, 1.000361
 15.8300, 8.812324, 1.000369, 9.391260, 1.000048, 9.049157, 1.000372
 15.8400, 8.813702, 1.000362, 9.391442, 1.000049, 9.050577, 1.000381
 15.8500, 8.815051, 1.000354, 9.391627, 1.000050, 9.052031, 1.000390
 15.8600, 8.816371, 1.000346, 9.391818, 1.000052, 9.053514, 1.000397
 15.8700, 8.817660, 1.000338, 9.392016, 1.000054, 9.055022, 1.000403
 15.8800, 8.818918, 1.000330, 9.392223, 1.000056, 9.056550, 1.000407
 15.8900, 8.820144, 1.000321, 9.392441, 1.000059, 9.058091, 1.000410
 15.9000, 8.821338, 1.000312, 9.392670, 1.000063, 9.059642, 1.000412
 15.9100, 8.822500, 1.000304, 9.392914, 1.000067, 9.061197, 1.000412
 15.9200, 8.823628, 1.000295, 9.393172, 1.000071, 9.062750, 1.000411
 15.9300, 8.824722, 1.000286, 9.393448, 1.000075, 9.064296, 1.000409
 15.9400, 8.825782, 1.000277, 9.393742, 1.000081, 9.065830, 1.000405
 15.9500, 8.826809, 1.000268, 9.394056, 1.000086, 9.067348, 1.000400
 15.9600, 8.827801, 1.000259, 9.394391, 1.000092, 9.068843, 1.000393
 15.9700, 8.828758, 1.000249, 9.394749, 1.000098, 9.070312, 1.000386
 15.9800, 8.829681, 1.000240, 9.395131, 1.000105, 9.071749, 1.000377
 15.9900, 8.830569, 1.000231, 9.395538, 1.000111, 9.073150, 1.000366
 16.0000, 8.831423, 1.000222, 9.395971, 1.000118, 9.074511, 1.000355
 16.0100, 8.832242, 1.000213, 9.396431, 1.000126, 9.075828, 1.000343
 16.0200, 8.833026, 1.000204, 9.396920, 1.000133, 9.077097, 1.000330
 16.0300, 8.833776, 1.000194, 9.397437, 1.000141, 9.078315, 1.000316
 16.0400, 8.834492, 1.000185, 9.397984, 1.000149, 9.079479, 1.000301
 16.0500, 8.835175, 1.000176, 9.398562, 1.000157, 9.080586, 1.000286
 16.0600, 8.835823, 1.000168, 9.399169, 1.000165, 9.081634, 1.000270
 16.0700, 8.836438, 1.000159, 9.399808, 1.000174, 9.082620, 1.000253
 16.0800, 8.837021, 1.000150, 9.400478, 1.000182, 9.083544, 1.000237
 16.0900, 8.837570, 1.000142, 9.401180, 1.000190, 9.084404, 1.000219
 16.1000, 8.838088, 1.000133, 9.401912, 1.000198, 9.085198, 1.000202
 16.1100, 8.838574, 1.000125, 9.402676, 1.000207, 9.085927, 1.000185
 16.1200, 8.839029, 1.000117, 9.403471, 1.000215, 9.086591, 1.000167
 16.1300, 8.839453, 1.000108, 9.404296, 1.000223, 9.087189, 1.000150
 16.1400, 8.839847, 1.000101, 9.405151, 1.000231, 9.087723, 1.000133
 16.1500, 8.840211, 1.000093, 9.406036, 1.000238, 9.088194, 1.000117
 16.1600, 8.840547, 1.000085, 9.406949, 1.000246, 9.088603, 1.000100
 16.1700, 8.840854, 1.000078, 9.407890, 1.000253, 9.088952, 1.000085
 16.1800, 8.841134, 1.000071, 9.408858, 1.000260, 9.089243, 1.000070
 16.1900, 8.841386, 1.000064, 9.409852, 1.000267, 9.089478, 1.000055
 16.2000, 8.841613, 1.000057, 9.410871, 1.000273, 9.089661, 1.000042
 16.2100, 8.841814, 1.000050, 9.411912, 1.000279, 9.089795, 1.000029
 16.2200, 8.841990, 1.000044, 9.412976, 1.000285, 9.089884, 1.000018
 16.2300, 8.842142, 1.000037, 9.414061, 1.000290, 9.089930, 1.000007
 16.2400, 8.842272, 1.000031, 9.415165, 1.000295, 9.089938, 0.999997
 16.2500, 8.842379, 1.000026, 9.416286, 1.000300, 9.089912, 0.999989
 16.2600, 8.842464, 1.000020, 9.417424, 1.000304, 9.089856, 0.999982
 16.2700, 8.842529, 1.000015, 9.418576, 1.000307, 9.089775, 0.999976
 16.2800, 8.842575, 1.000010, 9.419740, 1.000310, 9.089674, 0.999971
 16.2900, 8.842601, 1.000005, 9.420916, 1.000313, 9.089557, 0.999967
 16.3000, 8.842611, 1.000000, 9.422100, 1.000315, 9.089429, 0.999965
 16.3100, 8.842603, 0.999996, 9.423293, 1.000317, 9.089296, 0.999964
 16.3200, 8.842580, 0.999992, 9.424490, 1.000318, 9.089161, 0.999965
 16.3300, 8.842542, 0.999988, 9.425692, 1.000319, 9.089030, 0.999966
 16.3400, 8.842490, 0.999985, 9.426895, 1.000319, 9.088908, 0.999969
 16.3500, 8.842426, 0.999981, 9.428099, 1.000319, 9.088799, 0.999973
 16.3600, 8.842350, 0.999979, 9.429302, 1.000319, 9.088708, 0.999979
 16.3700, 8.842264, 0.999976, 9.430501, 1.000317, 9.088640, 0.999985
 16.3800, 8.842169, 0.999974, 9.431695, 1.000316, 9.088599, 0.999993
 16.3900, 8.842066, 0.999972, 9.432882, 1.000314, 9.088589, 1.000002
 16.4000, 8.841956, 0.999970, 9.434061, 1.000312, 9.088615, 1.000012
 16.4100, 8.841840, 0.999969, 9.435230, 1.000309, 9.088679, 1.000023
 16.4200, 8.841720, 0.999968, 9.436388, 1.000305, 9.088786, 1.000034
 16.4300, 8.841596, 0.999967, 9.437533, 1.000302, 9.088939, 1.000047
 16.4400, 8.841471, 0.999967, 9.438664, 1.000298, 9.089140, 1.000060
 16.4500, 8.841344, 0.999967, 9.439779, 1.000294, 9.089393, 1.000074
 16.4600, 8.841218, 0.999967, 9.440878, 1.000289, 9.089699, 1.000089
 16.4700, 8.841094, 0.999967, 9.441958, 1.000284, 9.090061, 1.000104
 16.4800, 8.840973, 0.999968, 9.443020, 1.000279, 9.090481, 1.000119
 16.4900, 8.840857, 0.999970, 9.444061, 1.000274, 9.090958, 1.000135
 16.5000, 8.840746, 0.999971, 9.445082, 1.000268, 9.091495, 1.000150
 16.5100, 8.840642, 0.999973, 9.446081, 1.000262, 9.092092, 1.000166
 16.5200, 8.840546, 0.999976, 9.447057, 1.000256, 9.092749, 1.000182
 16.5300, 8.840460, 0.999979, 9.448010, 1.000250, 9.093466, 1.000198
 16.5400, 8.840385, 0.999982, 9.448940, 1.000243, 9.094241, 1.000214
 16.5500, 8.840322, 0.999985, 9.449845, 1.000237, 9.095075, 1.000229
 16.5600, 8.840272, 0.999989, 9.450726, 1.000230, 9.095966, 1.000244
 16.5700, 8.840237, 0.999993, 9.451582, 1.000224, 9.096912, 1.000258
 16.5800, 8.840218, 0.999997, 9.452414, 1.000217, 9.097911, 1.000272
 16.5900, 8.840216, 1.000002, 9.453220, 1.000211, 9.098961, 1.000285
 16.6000, 8.840233, 1.000007, 9.454002, 1.000204, 9.100058, 1.000297
 16.6100, 8.840269, 1.000012, 9.454758, 1.000197, 9.101201, 1.000309
 16.6200, 8.840326, 1.000018, 9.455490, 1.000191, 9.102386, 1.000320
 16.6300, 8.840405, 1.000024, 9.456197, 1.000184, 9.103609, 1.000329
 16.6400, 8.840506, 1.000030, 9.456880, 1.000178, 9.104867, 1.000338
 16.6500, 8.840632, 1.000037, 9.457539, 1.000172, 9.106156, 1.000345
 16.6600, 8.840783, 1.000043, 9.458175, 1.000166, 9.107471, 1.000352
 16.6700, 8.840960, 1.000050, 9.458788, 1.000160, 9.108809, 1.000357
 16.6800, 8.841163, 1.000058, 9.459379, 1.000154, 9.110164, 1.000361
 16.6900, 8.841395, 1.000065, 9.459949, 1.000148, 9.111533, 1.000364
 16.7000, 8.841655, 1.000073, 9.460497, 1.000143, 9.112910, 1.000366
 16.7100, 8.841945, 1.000081, 9.461025, 1.000137, 9.114291, 1.000366
 16.7200, 8.842265, 1.000089, 9.461534, 1.000132, 9.115672, 1.000366
 16.7300, 8.842615, 1.000097, 9.462024, 1.000128, 9.117047, 1.000364
 16.7400, 8.842997, 1.000106, 9.462496, 1.000123, 9.118413, 1.000360
 16.7500, 8.843411, 1.000114, 9.462952, 1.000119, 9.119763, 1.000356
 16.7600, 8.843857, 1.000123, 9.463391, 1.000114, 9.121094, 1.000350
 16.7700, 8.844336, 1.000131, 9.463815, 1.000111, 9.122401, 1.000343
 16.7800, 8.844848, 1.000140, 9.464225, 1.000107, 9.123681, 1.000335
 16.7900, 8.845393, 1.000149, 9.464621, 1.000103, 9.124928, 1.000326
 16.8000, 8.845971, 1.000158, 9.465005, 1.000100, 9.126139, 1.000316
 16.8100, 8.846583, 1.000167, 9.465377, 1.000097, 9.127310, 1.000305
 16.8200, 8.847228, 1.000176, 9.465738, 1.000095, 9.128437, 1.000293
 16.8300, 8.847907, 1.000184, 9.466090, 1.000092, 9.129518, 1.000280
 16.8400, 8.848619, 1.000193, 9.466432, 1.000090, 9.130549, 1.000267
 16.8500, 8.849363, 1.000202, 9.466766, 1.000088, 9.131527, 1.000252
 16.8600, 8.850141, 1.000210, 9.467093, 1.000086, 9.132450, 1.000237
 16.8700, 8.850950, 1.000219, 9.467413, 1.000084, 9.133316, 1.000222
 16.8800, 8.851791, 1.000227, 9.467727, 1.000083, 9.134123, 1.000206
 16.8900, 8.852663, 1.000235, 9.468035, 1.000081, 9.134870, 1.000190
 16.9000, 8.853566, 1.000243, 9.468339, 1.000080, 9.135554, 1.000173
 16.9100, 8.854498, 1.000251, 9.468639, 1.000079, 9.136176, 1.000157
 16.9200, 8.855459, 1.000259, 9.468935, 1.000078, 9.136735, 1.000140
 16.9300, 8.856448, 1.000266, 9.469228, 1.000077, 9.137231, 1.000123
 16.9400, 8.857463, 1.000273, 9.469519, 1.000077, 9.137664, 1.000106
 16.9500, 8.858505, 1.000280, 9.469807, 1.000076, 9.138034, 1.000090
 16.9600, 8.859571, 1.000286, 9.470094, 1.000076, 9.138343, 1.000074
 16.9700, 8.860661, 1.000292, 9.470379, 1.000075, 9.138592, 1.000058
 16.9800, 8.861774, 1.000298, 9.470663, 1.000075, 9.138782, 1.000043
 16.9900, 8.862907, 1.000303, 9.470946, 1.000075, 9.138915, 1.000028
 17.0000, 8.864060, 1.000308, 9.471229, 1.000075, 9.138994, 1.000014
 17.0100, 8.865231, 1.000313, 9.471510, 1.000075, 9.139021, 1.000001
 17.0200, 8.866419, 1.000317, 9.471791, 1.000075, 9.138999, 0.999988
 17.0300, 8.867623, 1.000321, 9.472072, 1.000074, 9.138930, 0.999976
 17.0400, 8.868840, 1.000324, 9.472352, 1.000074, 9.138819, 0.999965
 17.0500, 8.870069, 1.000327, 9.472632, 1.000074, 9.138669, 0.999955
 17.0600, 8.871308, 1.000330, 9.472911, 1.000074, 9.138483, 0.999946
 17.0700, 8.872557, 1.000332, 9.473190, 1.000074, 9.138266, 0.999939
 17.0800, 8.873812, 1.000334, 9.473468, 1.000074, 9.138021, 0.999932
 17.0900, 8.875073, 1.000335, 9.473746, 1.000074, 9.137754, 0.999926
 17.1000, 8.876337, 1.000336, 9.474023, 1.000073, 9.137467, 0.999922
 17.1100, 8.877604, 1.000336, 9.474299, 1.000073, 9.137166, 0.999919
 17.1200, 8.878871, 1.000336, 9.474573, 1.000073, 9.136856, 0.999917
 17.1300, 8.880136, 1.000335, 9.474847, 1.000072, 9.136540, 0.999916
 17.1400, 8.881398, 1.000334, 9.475119, 1.000072, 9.136224, 0.999916
 17.1500, 8.882656, 1.000333, 9.475390, 1.000072, 9.135911, 0.999918
 17.1600, 8.883906, 1.000331, 9.475659, 1.000071, 9.135607, 0.999921
 17.1700, 8.885149, 1.000328, 9.475926, 1.000071, 9.135316, 0.999925
 17.1800, 8.886381, 1.000325, 9.476191, 1.000070, 9.135042, 0.999930
 17.1900, 8.887602, 1.000322, 9.476454, 1.000070, 9.134790, 0.999936
 17.2000, 8.888810, 1.000318, 9.476716, 1.000069, 9.134563, 0.999944
 17.2100, 8.890003, 1.000314, 9.476975, 1.000068, 9.134366, 0.999952
 17.2200, 8.891179, 1.000310, 9.477232, 1.000068, 9.134202, 0.999961
 17.2300, 8.892339, 1.000305, 9.477487, 1.000067, 9.134075, 0.999972
 17.2400, 8.893479, 1.000300, 9.477740, 1.000067, 9.133988, 0.999983
 17.2500, 8.894598, 1.000294, 9.477991, 1.000066, 9.133944, 0.999994
 17.2600, 8.895696, 1.000288, 9.478240, 1.000066, 9.133947, 1.000007
 17.2700, 8.896771, 1.000282, 9.478487, 1.000065, 9.133997, 1.000020
 17.2800, 8.897822, 1.000275, 9.478732, 1.000065, 9.134099, 1.000034
 17.2900, 8.898847, 1.000269, 9.478977, 1.000065, 9.134253, 1.000048
 17.3000, 8.899846, 1.000261, 9.479220, 1.000064, 9.134461, 1.000063
 17.3100, 8.900818, 1.000254, 9.479462, 1.000064, 9.134724, 1.000077
 17.3200, 8.901761, 1.000246, 9.479704, 1.000064, 9.135044, 1.000092
 17.3300, 8.902676, 1.000239, 9.479945, 1.000064, 9.135421, 1.000107
 17.3400, 8.903560, 1.000231, 9.480187, 1.000064, 9.135854, 1.000123
 17.3500, 8.904414, 1.000222, 9.480430, 1.000065, 9.136345, 1.000138
 17.3600, 8.905237, 1.000214, 9.480674, 1.000065, 9.136892, 1.000153
 17.3700, 8.906029, 1.000206, 9.480920, 1.000066, 9.137495, 1.000167
 17.3800, 8.906788, 1.000197, 9.481169, 1.000066, 9.138152, 1.000181
 17.3900, 8.907515, 1.000188, 9.481420, 1.000067, 9.138863, 1.000195
 17.4000, 8.908209, 1.000180, 9.481675, 1.000068, 9.139624, 1.000209
 17.4100, 8.908870, 1.000171, 9.481934, 1.000069, 9.140435, 1.000221
 17.4200, 8.909498, 1.000162, 9.482198, 1.000071, 9.141293, 1.000234
 17.4300, 8.910093, 1.000153, 9.482468, 1.000072, 9.142195, 1.000245
 17.4400, 8.910655, 1.000145, 9.482744, 1.000074, 9.143139, 1.000256
 17.4500, 8.911184, 1.000136, 9.483027, 1.000076, 9.144121, 1.000265
 17.4600, 8.911680, 1.000127, 9.483318, 1.000078, 9.145138, 1.000274
 17.4700, 8.912143, 1.000119, 9.483618, 1.000081, 9.146186, 1.000282
 17.4800, 8.912574, 1.000110, 9.483927, 1.000083, 9.147263, 1.000289
 17.4900, 8.912974, 1.000102, 9.484246, 1.000086, 9.148363, 1.000295
 17.5000, 8.913341, 1.000093, 9.484576, 1.000089, 9.149483, 1.000299
 17.5100, 8.913678, 1.000085, 9.484917, 1.000092, 9.150619, 1.000303
 17.5200, 8.913984, 1.000077, 9.485271, 1.000095, 9.151767, 1.000306
 17.5300, 8.914261, 1.000069, 9.485637, 1.000099, 9.152922, 1.000307
 17.5400, 8.914508, 1.000062, 9.486017, 1.000103, 9.154081, 1.000307
 17.5500, 8.914727, 1.000054, 9.486412, 1.000107, 9.155238, 1.000307
 17.5600, 8.914919, 1.000047, 9.486821, 1.000111, 9.156391, 1.000305
 17.5700, 8.915083, 1.000040, 9.487245, 1.000115, 9.157534, 1.000302
 17.5800, 8.915222, 1.000033, 9.487686, 1.000119, 9.158664, 1.000298
 17.5900, 8.915336, 1.000027, 9.488143, 1.000123, 9.159777, 1.000292
 17.6000, 8.915425, 1.000021, 9.488616, 1.000128, 9.160868, 1.000286
 17.6100, 8.915492, 1.000015, 9.489107, 1.000132, 9.161935, 1.000279
 17.6200, 8.915536, 1.000009, 9.489615, 1.000137, 9.162973, 1.000271
 17.6300, 8.915560, 1.000004, 9.490141, 1.000142, 9.163980, 1.000262
 17.6400, 8.915563, 0.999998, 9.490685, 1.000147, 9.164951, 1.000253
 17.6500, 8.915547, 0.999993, 9.491247, 1.000151, 9.165885, 1.000242
 17.6600, 8.915514, 0.999989, 9.491826, 1.000156, 9.166778, 1.000231
 17.6700, 8.915464, 0.999985, 9.492424, 1.000161, 9.167628, 1.000220
 17.6800, 8.915398, 0.999981, 9.493040, 1.000166, 9.168432, 1.000207
 17.6900, 8.915317, 0.999977, 9.493673, 1.000170, 9.169190, 1.000195
 17.7000, 8.915224, 0.999973, 9.494324, 1.000175, 9.169899, 1.000181
 17.7100, 8.915118, 0.999970, 9.494992, 1.000179, 9.170558, 1.000168
 17.7200, 8.915000, 0.999968, 9.495677, 1.000184, 9.171166, 1.000154
 17.7300, 8.914873, 0.999965, 9.496378, 1.000188, 9.171722, 1.000141
 17.7400, 8.914737, 0.999963, 9.497094, 1.000192, 9.172226, 1.000127
 17.7500, 8.914593, 0.999961, 9.497826, 1.000196, 9.172677, 1.000113
 17.7600, 8.914443, 0.999959, 9.498572, 1.000200, 9.173077, 1.000099
 17.7700, 8.914287, 0.999958, 9.499332, 1.000203, 9.173425, 1.000086
 17.7800, 8.914126, 0.999957, 9.500105, 1.000207, 9.173722, 1.000072
 17.7900, 8.913962, 0.999956, 9.500889, 1.000210, 9.173970, 1.000059
 17.8000, 8.913796, 0.999956, 9.501685, 1.000212, 9.174170, 1.000047
 17.8100, 8.913628, 0.999955, 9.502490, 1.000215, 9.174323, 1.000035
 17.8200, 8.913460, 0.999955, 9.503305, 1.000217, 9.174431, 1.000023
 17.8300, 8.913293, 0.999956, 9.504127, 1.000219, 9.174497, 1.000012
 17.8400, 8.913127, 0.999956, 9.504956, 1.000221, 9.174523, 1.000002
 17.8500, 8.912963, 0.999957, 9.505790, 1.000222, 9.174512, 0.999992
 17.8600, 8.912804, 0.999958, 9.506628, 1.000223, 9.174466, 0.999984
 17.8700, 8.912648, 0.999959, 9.507470, 1.000223, 9.174389, 0.999976
 17.8800, 8.912498, 0.999961, 9.508313, 1.000224, 9.174284, 0.999969
 17.8900, 8.912354, 0.999963, 9.509156, 1.000224, 9.174154, 0.999963
 17.9000, 8.912217, 0.999965, 9.509999, 1.000223, 9.174003, 0.999957
 17.9100, 8.912087, 0.999967, 9.510839, 1.000222, 9.173834, 0.999953
 17.9200, 8.911966, 0.999969, 9.511676, 1.000221, 9.173651, 0.999950
 17.9300, 8.911854, 0.999972, 9.512507, 1.000220, 9.173457, 0.999948
 17.9400, 8.911752, 0.999974, 9.513333, 1.000218, 9.173257, 0.999946
 17.9500, 8.911661, 0.999977, 9.514151, 1.000216, 9.173055, 0.999946
 17.9600, 8.911581, 0.999980, 9.514960, 1.000213, 9.172853, 0.999947
 17.9700, 8.911513, 0.999984, 9.515759, 1.000210, 9.172657, 0.999949
 17.9800, 8.911458, 0.999987, 9.516546, 1.000207, 9.172469, 0.999952
 17.9900, 8.911415, 0.999991, 9.517321, 1.000204, 9.172293, 0.999955
 18.0000, 8.911387, 0.999994, 9.518083, 1.000200, 9.172133, 0.999960
 18.0100, 8.911372, 0.999998, 9.518829, 1.000196, 9.171992, 0.999965
 18.0200, 8.911373, 1.000002, 9.519560, 1.000192, 9.171873, 0.999972
 18.0300, 8.911388, 1.000006, 9.520273, 1.000187, 9.171780, 0.999979
 18.0400, 8.911420, 1.000010, 9.520969, 1.000182, 9.171716, 0.999987
 18.0500, 8.911468, 1.000015, 9.521647, 1.000177, 9.171683, 0.999996
 18.0600, 8.911532, 1.000019, 9.522304, 1.000172, 9.171684, 1.000005
 18.0700, 8.911613, 1.000024, 9.522941, 1.000166, 9.171721, 1.000015
 18.0800, 8.911712, 1.000029, 9.523558, 1.000161, 9.171796, 1.000025
 18.0900, 8.911829, 1.000033, 9.524152, 1.000155, 9.171911, 1.000036
 18.1000, 8.911963, 1.000038, 9.524725, 1.000149, 9.172068, 1.000047
 18.1100, 8.912117, 1.000043, 9.525274, 1.000143, 9.172268, 1.000059
 18.1200, 8.912288, 1.000048, 9.525801, 1.000137, 9.172512, 1.000071
 18.1300, 8.912479, 1.000053, 9.526304, 1.000130, 9.172801, 1.000083
 18.1400, 8.912690, 1.000058, 9.526784, 1.000124, 9.173135, 1.000095
 18.1500, 8.912919, 1.000064, 9.527240, 1.000118, 9.173515, 1.000107
 18.1600, 8.913168, 1.000069, 9.527671, 1.000111, 9.173940, 1.000119
 18.1700, 8.913438, 1.000074, 9.528080, 1.000105, 9.174410, 1.000131
 18.1800, 8.913727, 1.000079, 9.528464, 1.000099, 9.174924, 1.000142
 18.1900, 8.914036, 1.000085, 9.528824, 1.000093, 9.175481, 1.000154
 18.2000, 8.914366, 1.000090, 9.529162, 1.000086, 9.176081, 1.000165
 18.2100, 8.914716, 1.000096, 9.529476, 1.000080, 9.176721, 1.000175
 18.2200, 8.915086, 1.000101, 9.529767, 1.000074, 9.177401, 1.000185
 18.2300, 8.915477, 1.000106, 9.530037, 1.000069, 9.178117, 1.000195
 18.2400, 8.915888, 1.000112, 9.530284, 1.000063, 9.178868, 1.000204
 18.2500, 8.916320, 1.000117, 9.530511, 1.000057, 9.179651, 1.000212
 18.2600, 8.916771, 1.000123, 9.530717, 1.000052, 9.180464, 1.000219
 18.2700, 8.917244, 1.000128, 9.530903, 1.000047, 9.181303, 1.000226
 18.2800, 8.917736, 1.000133, 9.531070, 1.000042, 9.182167, 1.000232
 18.2900, 8.918248, 1.000139, 9.531220, 1.000037, 9.183051, 1.000237
 18.3000, 8.918781, 1.000144, 9.531351, 1.000033, 9.183953, 1.000241
 18.3100, 8.919333, 1.000149, 9.531467, 1.000029, 9.184869, 1.000245
 18.3200, 8.919904, 1.000154, 9.531567, 1.000025, 9.185796, 1.000247
 18.3300, 8.920494, 1.000159, 9.531653, 1.000021, 9.186730, 1.000248
 18.3400, 8.921104, 1.000164, 9.531725, 1.000018, 9.187668, 1.000249
 18.3500, 8.921731, 1.000169, 9.531785, 1.000014, 9.188606, 1.000248
 18.3600, 8.922377, 1.000174, 9.531834, 1.000012, 9.189540, 1.000247
 18.3700, 8.923041, 1.000178, 9.531872, 1.000009, 9.190467, 1.000245
 18.3800, 8.923721, 1.000183, 9.531902, 1.000007, 9.191384, 1.000241
 18.3900, 8.924419, 1.000187, 9.531923, 1.000005, 9.192286, 1.000237
 18.4000, 8.925132, 1.000191, 9.531938, 1.000003, 9.193171, 1.000232
 18.4100, 8.925862, 1.000196, 9.531946, 1.000002, 9.194035, 1.000226
 18.4200, 8.926606, 1.000199, 9.531951, 1.000001, 9.194875, 1.000219
 18.4300, 8.927365, 1.000203, 9.531951, 1.000000, 9.195688, 1.000212
 18.4400, 8.928138, 1.000207, 9.531949, 0.999999, 9.196471, 1.000204
 18.4500, 8.928924, 1.000210, 9.531946, 0.999999, 9.197222, 1.000195
 18.4600, 8.929722, 1.000213, 9.531942, 0.999999, 9.197938, 1.000185
 18.4700, 8.930532, 1.000216, 9.531938, 0.999999, 9.198616, 1.000175
 18.4800, 8.931352, 1.000219, 9.531937, 1.000000, 9.199255, 1.000164
 18.4900, 8.932183, 1.000222, 9.531937, 1.000001, 9.199852, 1.000153
 18.5000, 8.933022, 1.000224, 9.531941, 1.000002, 9.200407, 1.000141
 18.5100, 8.933870, 1.000226, 9.531949, 1.000003, 9.200917, 1.000129
 18.5200, 8.934725, 1.000228, 9.531963, 1.000004, 9.201382, 1.000117
 18.5300, 8.935586, 1.000229, 9.531981, 1.000006, 9.201801, 1.000105
 18.5400, 8.936452, 1.000230, 9.532007, 1.000008, 9.202172, 1.000092
 18.5500, 8.937323, 1.000231, 9.532039, 1.000010, 9.202497, 1.000080
 18.5600, 8.938197, 1.000232, 9.532079, 1.000012, 9.202774, 1.000067
 18.5700, 8.939073, 1.000233, 9.532127, 1.000014, 9.203004, 1.000055
 18.5800, 8.939950, 1.000233, 9.532184, 1.000016, 9.203188, 1.000043
 18.5900, 8.940827, 1.000233, 9.532250, 1.000019, 9.203326, 1.000031
 18.6000, 8.941703, 1.000232, 9.532326, 1.000021, 9.203420, 1.000019
 18.6100, 8.942577, 1.000231, 9.532411, 1.000024, 9.203470, 1.000008
 18.6200, 8.943447, 1.000230, 9.532506, 1.000027, 9.203478, 0.999997
 18.6300, 8.944313, 1.000229, 9.532612, 1.000029, 9.203446, 0.999986
 18.6400, 8.945174, 1.000227, 9.532728, 1.000032, 9.203376, 0.999977
 18.6500, 8.946028, 1.000225, 9.532855, 1.000035, 9.203270, 0.999967
 18.6600, 8.946874, 1.000223, 9.532992, 1.000038, 9.203131, 0.999959
 18.6700, 8.947711, 1.000221, 9.533140, 1.000041, 9.202961, 0.999951
 18.6800, 8.948537, 1.000218, 9.533299, 1.000043, 9.202763, 0.999944
 18.6900, 8.949353, 1.000215, 9.533468, 1.000046, 9.202540, 0.999938
 18.7000, 8.950156, 1.000211, 9.533647, 1.000049, 9.202295, 0.999932
 18.7100, 8.950946, 1.000208, 9.533836, 1.000052, 9.202032, 0.999928
 18.7200, 8.951722, 1.000204, 9.534036, 1.000054, 9.201753, 0.999924
 18.7300, 8.952482, 1.000200, 9.534245, 1.000057, 9.201462, 0.999922
 18.7400, 8.953226, 1.000195, 9.534464, 1.000059, 9.201163, 0.999920
 18.7500, 8.953953, 1.000190, 9.534691, 1.000062, 9.200858, 0.999919
 18.7600, 8.954661, 1.000185, 9.534928, 1.000064, 9.200552, 0.999919
 18.7700, 8.955350, 1.000180, 9.535173, 1.000066, 9.200249, 0.999920
 18.7800, 8.956019, 1.000175, 9.535426, 1.000068, 9.199950, 0.999922
 18.7900, 8.956667, 1.000169, 9.535688, 1.000070, 9.199661, 0.999925
 18.8000, 8.957293, 1.000163, 9.535956, 1.000072, 9.199384, 0.999929
 18.8100, 8.957897, 1.000157, 9.536232, 1.000074, 9.199124, 0.999933
 18.8200, 8.958478, 1.000151, 9.536514, 1.000076, 9.198882, 0.999939
 18.8300, 8.959035, 1.000145, 9.536802, 1.000077, 9.198662, 0.999945
 18.8400, 8.959568, 1.000138, 9.537097, 1.000079, 9.198468, 0.999952
 18.8500, 8.960077, 1.000131, 9.537397, 1.000080, 9.198301, 0.999960
 18.8600, 8.960560, 1.000125, 9.537702, 1.000082, 9.198165, 0.999968
 18.8700, 8.961017, 1.000118, 9.538012, 1.000083, 9.198063, 0.999977
 18.8800, 8.961449, 1.000111, 9.538327, 1.000084, 9.197995, 0.999987
 18.8900, 8.961854, 1.000104, 9.538645, 1.000085, 9.197965, 0.999997
 18.9000, 8.962233, 1.000097, 9.538968, 1.000086, 9.197974, 1.000008
 18.9100, 8.962585, 1.000090, 9.539294, 1.000087, 9.198024, 1.000019
 18.9200, 8.962911, 1.000083, 9.539623, 1.000088, 9.198117, 1.000030
 18.9300, 8.963209, 1.000076, 9.539956, 1.000089, 9.198252, 1.000042
 18.9400, 8.963482, 1.000069, 9.540291, 1.000089, 9.198432, 1.000054
 18.9500, 8.963727, 1.000062, 9.540629, 1.000090, 9.198656, 1.000065
 18.9600, 8.963946, 1.000055, 9.540970, 1.000091, 9.198925, 1.000077
 18.9700, 8.964139, 1.000048, 9.541313, 1.000091, 9.199239, 1.000089
 18.9800, 8.964307, 1.000041, 9.541658, 1.000092, 9.199598, 1.000101
 18.9900, 8.964448, 1.000034, 9.542006, 1.000093, 9.200001, 1.000113
 19.0000, 8.964565, 1.000028, 9.542356, 1.000093, 9.200447, 1.000124
 19.0100, 8.964656, 1.000021, 9.542708, 1.000094, 9.200936, 1.000135
 19.0200, 8.964724, 1.000015, 9.543062, 1.000094, 9.201467, 1.000146
 19.0300, 8.964768, 1.000009, 9.543418, 1.000095, 9.202037, 1.000156
 19.0400, 8.964790, 1.000003, 9.543777, 1.000095, 9.202645, 1.000166
 19.0500, 8.964789, 0.999997, 9.544138, 1.000096, 9.203289, 1.000175
 19.0600, 8.964767, 0.999991, 9.544502, 1.000097, 9.203967, 1.000184
 19.0700, 8.964724, 0.999986, 9.544868, 1.000097, 9.204676, 1.000192
 19.0800, 8.964661, 0.999981, 9.545236, 1.000098, 9.205415, 1.000199
 19.0900, 8.964579, 0.999976, 9.545608, 1.000099, 9.206179, 1.000206
 19.1000, 8.964480, 0.999971, 9.545983, 1.000100, 9.206968, 1.000212
 19.1100, 8.964363, 0.999967, 9.546360, 1.000101, 9.207777, 1.000217
 19.1200, 8.964231, 0.999963, 9.546742, 1.000102, 9.208603, 1.000221
 19.1300, 8.964083, 0.999959, 9.547126, 1.000103, 9.209444, 1.000225
 19.1400, 8.963921, 0.999955, 9.547515, 1.000104, 9.210296, 1.000227
 19.1500, 8.963747, 0.999952, 9.547907, 1.000105, 9.211156, 1.000229
 19.1600, 8.963561, 0.999949, 9.548304, 1.000106, 9.212020, 1.000229
 19.1700, 8.963364, 0.999947, 9.548705, 1.000107, 9.212885, 1.000229
 19.1800, 8.963158, 0.999944, 9.549110, 1.000108, 9.213748, 1.000228
 19.1900, 8.962943, 0.999942, 9.549520, 1.000109, 9.214606, 1.000226
 19.2000, 8.962721, 0.999940, 9.549934, 1.000111, 9.215454, 1.000224
 19.2100, 8.962493, 0.999939, 9.550354, 1.000112, 9.216291, 1.000220
 19.2200, 8.962261, 0.999938, 9.550778, 1.000113, 9.217113, 1.000216
 19.2300, 8.962024, 0.999937, 9.551208, 1.000115, 9.217917, 1.000210
 19.2400, 8.961786, 0.999936, 9.551642, 1.000116, 9.218699, 1.000205
 19.2500, 8.961545, 0.999936, 9.552082, 1.000117, 9.219458, 1.000198
 19.2600, 8.961305, 0.999936, 9.552527, 1.000119, 9.220191, 1.000191
 19.2700, 8.961065, 0.999937, 9.552977, 1.000120, 9.220895, 1.000183
 19.2800, 8.960828, 0.999937, 9.553433, 1.000121, 9.221567, 1.000174
 19.2900, 8.960593, 0.999938, 9.553893, 1.000123, 9.222207, 1.000165
 19.3000, 8.960363, 0.999940, 9.554358, 1.000124, 9.222811, 1.000155
 19.3100, 8.960138, 0.999941, 9.554827, 1.000125, 9.223379, 1.000146
 19.3200, 8.959919, 0.999943, 9.555302, 1.000126, 9.223908, 1.000135
 19.3300, 8.959708, 0.999945, 9.555780, 1.000127, 9.224398, 1.000125
 19.3400, 8.959504, 0.999947, 9.556262, 1.000128, 9.224847, 1.000114
 19.3500, 8.959310, 0.999950, 9.556748, 1.000129, 9.225255, 1.000103
 19.3600, 8.959126, 0.999953, 9.557237, 1.000130, 9.225622, 1.000092
 19.3700, 8.958952, 0.999955, 9.557729, 1.000131, 9.225946, 1.000080
 19.3800, 8.958790, 0.999959, 9.558224, 1.000131, 9.226228, 1.000069
 19.3900, 8.958641, 0.999962, 9.558720, 1.000132, 9.226468, 1.000058
 19.4000, 8.958504, 0.999966, 9.559218, 1.000132, 9.226667, 1.000047
 19.4100, 8.958382, 0.999969, 9.559717, 1.000132, 9.226825, 1.000037
 19.4200, 8.958273, 0.999973, 9.560216, 1.000132, 9.226942, 1.000026
 19.4300, 8.958180, 0.999977, 9.560714, 1.000132, 9.227022, 1.000016
 19.4400, 8.958102, 0.999981, 9.561212, 1.000132, 9.227063, 1.000006
 19.4500, 8.958041, 0.999986, 9.561709, 1.000131, 9.227069, 0.999997
 19.4600, 8.957996, 0.999990, 9.562203, 1.000131, 9.227040, 0.999988
 19.4700, 8.957967, 0.999995, 9.562694, 1.000130, 9.226979, 0.999980
 19.4800, 8.957956, 0.999999, 9.563182, 1.000129, 9.226888, 0.999972
 19.4900, 8.957963, 1.000004, 9.563665, 1.000128, 9.226769, 0.999965
 19.5000, 8.957987, 1.000009, 9.564143, 1.000126, 9.226625, 0.999959
 19.5100, 8.958030, 1.000014, 9.564615, 1.000124, 9.226458, 0.999953
 19.5200, 8.958090, 1.000019, 9.565081, 1.000123, 9.226270, 0.999948
 19.5300, 8.958169, 1.000023, 9.565539, 1.000121, 9.226065, 0.999944
 19.5400, 8.958267, 1.000028, 9.565990, 1.000118, 9.225845, 0.999940
 19.5500, 8.958383, 1.000033, 9.566431, 1.000116, 9.225613, 0.999937
 19.5600, 8.958517, 1.000038, 9.566863, 1.000113, 9.225372, 0.999935
 19.5700, 8.958670, 1.000043, 9.567285, 1.000110, 9.225126, 0.999934
 19.5800, 8.958842, 1.000048, 9.567695, 1.000107, 9.224877, 0.999934
 19.5900, 8.959032, 1.000053, 9.568094, 1.000104, 9.224627, 0.999934
 19.6000, 8.959240, 1.000058, 9.568481, 1.000101, 9.224381, 0.999935
 19.6100, 8.959466, 1.000062, 9.568855, 1.000097, 9.224141, 0.999937
 19.6200, 8.959709, 1.000067, 9.569216, 1.000094, 9.223910, 0.999940
 19.6300, 8.959971, 1.000072, 9.569562, 1.000090, 9.223691, 0.999944
 19.6400, 8.960249, 1.000076, 9.569895, 1.000086, 9.223486, 0.999948
 19.6500, 8.960545, 1.000081, 9.570212, 1.000082, 9.223298, 0.999953
 19.6600, 8.960857, 1.000085, 9.570513, 1.000078, 9.223129, 0.999958
 19.6700, 8.961186, 1.000089, 9.570799, 1.000074, 9.222983, 0.999964
 19.6800, 8.961531, 1.000094, 9.571069, 1.000069, 9.222861, 0.999971
 19.6900, 8.961891, 1.000098, 9.571322, 1.000065, 9.222764, 0.999978
 19.7000, 8.962267, 1.000102, 9.571559, 1.000061, 9.222696, 0.999986
 19.7100, 8.962657, 1.000105, 9.571779, 1.000056, 9.222658, 0.999994
 19.7200, 8.963062, 1.000109, 9.571982, 1.000052, 9.222651, 1.000002
 19.7300, 8.963480, 1.000113, 9.572168, 1.000047, 9.222676, 1.000011
 19.7400, 8.963912, 1.000116, 9.572337, 1.000043, 9.222735, 1.000020
 19.7500, 8.964357, 1.000120, 9.572489, 1.000038, 9.222828, 1.000029
 19.7600, 8.964814, 1.000123, 9.572624, 1.000034, 9.222956, 1.000039
 19.7700, 8.965283, 1.000126, 9.572742, 1.000029, 9.223120, 1.000048
 19.7800, 8.965764, 1.000129, 9.572845, 1.000025, 9.223320, 1.000058
 19.7900, 8.966255, 1.000132, 9.572931, 1.000021, 9.223555, 1.000067
 19.8000, 8.966757, 1.000134, 9.573001, 1.000017, 9.223826, 1.000077
 19.8100, 8.967269, 1.000137, 9.573056, 1.000013, 9.224132, 1.000086
 19.8200, 8.967790, 1.000139, 9.573096, 1.000009, 9.224473, 1.000095
 19.8300, 8.968319, 1.000142, 9.573121, 1.000005, 9.224846, 1.000103
 19.8400, 8.968857, 1.000144, 9.573133, 1.000001, 9.225253, 1.000112
 19.8500, 8.969402, 1.000146, 9.573131, 0.999998, 9.225690, 1.000120
 19.8600, 8.969955, 1.000147, 9.573117, 0.999995, 9.226157, 1.000128
 19.8700, 8.970514, 1.000149, 9.573091, 0.999992, 9.226652, 1.000135
 19.8800, 8.971079, 1.000151, 9.573054, 0.999989, 9.227172, 1.000141
 19.8900, 8.971650, 1.000152, 9.573006, 0.999986, 9.227717, 1.000148
 19.9000, 8.972225, 1.000153, 9.572949, 0.999984, 9.228284, 1.000153
 19.9100, 8.972805, 1.000154, 9.572884, 0.999982, 9.228871, 1.000158
 19.9200, 8.973388, 1.000155, 9.572810, 0.999980, 9.229475, 1.000162
 19.9300, 8.973975, 1.000156, 9.572730, 0.999978, 9.230094, 1.000166
 19.9400, 8.974564, 1.000157, 9.572644, 0.999976, 9.230725, 1.000169
 19.9500, 8.975155, 1.000157, 9.572553, 0.999975, 9.231366, 1.000171
 19.9600, 8.975748, 1.000157, 9.572458, 0.999974, 9.232014, 1.000172
 19.9700, 8.976342, 1.000158, 9.572360, 0.999974, 9.232666, 1.000173
 19.9800, 8.976936, 1.000158, 9.572260, 0.999973, 9.233319, 1.000173
 19.9900, 8.977530, 1.000157, 9.572159, 0.999973, 9.233971, 1.000172
 20.0000, 8.978123, 1.000157, 9.572058, 0.999973, 9.234619, 1.000171
 20.0100, 8.978715, 1.000157, 9.571958, 0.999974, 9.235260, 1.000169
 20.0200, 8.979305, 1.000156, 9.571860, 0.999974, 9.235892, 1.000166
 20.0300, 8.979893, 1.000156, 9.571764, 0.999975, 9.236511, 1.000162
 20.0400, 8.980478, 1.000155, 9.571673, 0.999976, 9.237116, 1.000158
 20.0500, 8.981059, 1.000154, 9.571586, 0.999978, 9.237704, 1.000153
 20.0600, 8.981636, 1.000153, 9.571505, 0.999979, 9.238272, 1.000148
 20.0700, 8.982209, 1.000151, 9.571431, 0.999981, 9.238819, 1.000142
 20.0800, 8.982776, 1.000150, 9.571364, 0.999983, 9.239342, 1.000135
 20.0900, 8.983338, 1.000148, 9.571305, 0.999986, 9.239839, 1.000128
 20.1000, 8.983894, 1.000147, 9.571255, 0.999988, 9.240309, 1.000121
 20.1100, 8.984443, 1.000145, 9.571215, 0.999991, 9.240750, 1.000113
 20.1200, 8.984985, 1.000143, 9.571185, 0.999993, 9.241161, 1.000105
 20.1300, 8.985519, 1.000141, 9.571166, 0.999996, 9.241539, 1.000096
 20.1400, 8.986044, 1.000138, 9.571159, 1.000000, 9.241885, 1.000087
 20.1500, 8.986561, 1.000136, 9.571163, 1.000003, 9.242197, 1.000078
 20.1600, 8.987068, 1.000133, 9.571180, 1.000006, 9.242475, 1.000069
 20.1700, 8.987566, 1.000131, 9.571210, 1.000010, 9.242718, 1.000060
 20.1800, 8.988053, 1.000128, 9.571254, 1.000013, 9.242926, 1.000051
 20.1900, 8.988529, 1.000125, 9.571311, 1.000017, 9.243099, 1.000041
 20.2000, 8.988994, 1.000122, 9.571381, 1.000021, 9.243237, 1.000032
 20.2100, 8.989447, 1.000119, 9.571466, 1.000024, 9.243340, 1.000023
 20.2200, 8.989888, 1.000115, 9.571565, 1.000028, 9.243410, 1.000014
 20.2300, 8.990316, 1.000112, 9.571678, 1.000032, 9.243446, 1.000005
 20.2400, 8.990731, 1.000108, 9.571806, 1.000036, 9.243451, 0.999997
 20.2500, 8.991132, 1.000105, 9.571948, 1.000039, 9.243424, 0.999989
 20.2600, 8.991519, 1.000101, 9.572103, 1.000043, 9.243368, 0.999981
 20.2700, 8.991892, 1.000097, 9.572273, 1.000047, 9.243284, 0.999974
 20.2800, 8.992250, 1.000093, 9.572457, 1.000051, 9.243173, 0.999967
 20.2900, 8.992593, 1.000089, 9.572654, 1.000054, 9.243038, 0.999961
 20.3000, 8.992921, 1.000085, 9.572864, 1.000058, 9.242880, 0.999955
 20.3100, 8.993232, 1.000081, 9.573088, 1.000061, 9.242702, 0.999950
 20.3200, 8.993528, 1.000076, 9.573323, 1.000064, 9.242506, 0.999946
 20.3300, 8.993807, 1.000072, 9.573571, 1.000067, 9.242295, 0.999942
 20.3400, 8.994070, 1.000067, 9.573831, 1.000070, 9.242070, 0.999939
 20.3500, 8.994316, 1.000063, 9.574101, 1.000073, 9.241834, 0.999936
 20.3600, 8.994545, 1.000058, 9.574382, 1.000076, 9.241590, 0.999934
 20.3700, 8.994757, 1.000054, 9.574674, 1.000079, 9.241340, 0.999933
 20.3800, 8.994952, 1.000049, 9.574975, 1.000081, 9.241088, 0.999933
 20.3900, 8.995129, 1.000045, 9.575284, 1.000083, 9.240835, 0.999933
 20.4000, 8.995289, 1.000040, 9.575602, 1.000085, 9.240585, 0.999934
 20.4100, 8.995431, 1.000035, 9.575928, 1.000087, 9.240340, 0.999936
 20.4200, 8.995556, 1.000031, 9.576260, 1.000089, 9.240103, 0.999938
 20.4300, 8.995664, 1.000026, 9.576599, 1.000091, 9.239876, 0.999941
 20.4400, 8.995754, 1.000022, 9.576944, 1.000092, 9.239661, 0.999945
 20.4500, 8.995827, 1.000017, 9.577293, 1.000093, 9.239463, 0.999949
 20.4600, 8.995883, 1.000013, 9.577647, 1.000094, 9.239281, 0.999954
 20.4700, 8.995923, 1.000008, 9.578005, 1.000095, 9.239120, 0.999960
 20.4800, 8.995945, 1.000004, 9.578366, 1.000096, 9.238980, 0.999966
 20.4900, 8.995951, 0.999999, 9.578729, 1.000097, 9.238864, 0.999973
 20.5000, 8.995941, 0.999995, 9.579094, 1.000097, 9.238774, 0.999980
 20.5100, 8.995915, 0.999991, 9.579461, 1.000097, 9.238711, 0.999987
 20.5200, 8.995874, 0.999987, 9.579828, 1.000097, 9.238677, 0.999995
 20.5300, 8.995818, 0.999983, 9.580195, 1.000097, 9.238673, 1.000003
 20.5400, 8.995747, 0.999979, 9.580562, 1.000097, 9.238700, 1.000011
 20.5500, 8.995663, 0.999976, 9.580929, 1.000097, 9.238760, 1.000020
 20.5600, 8.995564, 0.999972, 9.581293, 1.000097, 9.238852, 1.000029
 20.5700, 8.995453, 0.999969, 9.581657, 1.000096, 9.238978, 1.000038
 20.5800, 8.995329, 0.999966, 9.582017, 1.000095, 9.239138, 1.000047
 20.5900, 8.995194, 0.999963, 9.582376, 1.000095, 9.239332, 1.000056
 20.6000, 8.995047, 0.999960, 9.582731, 1.000094, 9.239560, 1.000065
 20.6100, 8.994890, 0.999957, 9.583083, 1.000093, 9.239822, 1.000074
 20.6200, 8.994723, 0.999954, 9.583432, 1.000092, 9.240117, 1.000083
 20.6300, 8.994547, 0.999952, 9.583776, 1.000091, 9.240445, 1.000091
 20.6400, 8.994362, 0.999950, 9.584117, 1.000090, 9.240804, 1.000099
 20.6500, 8.994170, 0.999948, 9.584453, 1.000089, 9.241194, 1.000107
 20.6600, 8.993972, 0.999947, 9.584786, 1.000088, 9.241614, 1.000115
 20.6700, 8.993767, 0.999945, 9.585113, 1.000086, 9.242062, 1.000122
 20.6800, 8.993558, 0.999944, 9.585436, 1.000085, 9.242537, 1.000129
 20.6900, 8.993344, 0.999943, 9.585755, 1.000084, 9.243036, 1.000136
 20.7000, 8.993127, 0.999942, 9.586068, 1.000083, 9.243559, 1.000141
 20.7100, 8.992907, 0.999942, 9.586377, 1.000081, 9.244103, 1.000147
 20.7200, 8.992686, 0.999941, 9.586682, 1.000080, 9.244665, 1.000152
 20.7300, 8.992464, 0.999941, 9.586981, 1.000079, 9.245245, 1.000156
 20.7400, 8.992242, 0.999941, 9.587277, 1.000078, 9.245839, 1.000159
 20.7500, 8.992022, 0.999942, 9.587567, 1.000077, 9.246445, 1.000162
 20.7600, 8.991803, 0.999942, 9.587854, 1.000075, 9.247060, 1.000164
 20.7700, 8.991588, 0.999943, 9.588135, 1.000074, 9.247683, 1.000166
 20.7800, 8.991376, 0.999944, 9.588413, 1.000073, 9.248310, 1.000167
 20.7900, 8.991168, 0.999946, 9.588687, 1.000072, 9.248940, 1.000167
 20.8000, 8.990966, 0.999947, 9.588957, 1.000071, 9.249568, 1.000166
 20.8100, 8.990771, 0.999949, 9.589223, 1.000070, 9.250194, 1.000165
 20.8200, 8.990582, 0.999951, 9.589486, 1.000069, 9.250814, 1.000163
 20.8300, 8.990402, 0.999953, 9.589745, 1.000068, 9.251425, 1.000161
 20.8400, 8.990230, 0.999956, 9.590002, 1.000068, 9.252026, 1.000158
 20.8500, 8.990068, 0.999958, 9.590255, 1.000067, 9.252614, 1.000154
 20.8600, 8.989916, 0.999961, 9.590505, 1.000066, 9.253187, 1.000150
 20.8700, 8.989776, 0.999964, 9.590753, 1.000065, 9.253742, 1.000145
 20.8800, 8.989646, 0.999967, 9.590997, 1.000065, 9.254277, 1.000139
 20.8900, 8.989529, 0.999971, 9.591240, 1.000064, 9.254791, 1.000133
 20.9000, 8.989425, 0.999974, 9.591480, 1.000063, 9.255281, 1.000127
 20.9100, 8.989335, 0.999978, 9.591718, 1.000063, 9.255746, 1.000120
 20.9200, 8.989258, 0.999982, 9.591954, 1.000062, 9.256184, 1.000112
 20.9300, 8.989196, 0.999986, 9.592187, 1.000062, 9.256593, 1.000105
 20.9400, 8.989149, 0.999990, 9.592419, 1.000061, 9.256974, 1.000097
 20.9500, 8.989118, 0.999994, 9.592649, 1.000061, 9.257323, 1.000089
 20.9600, 8.989102, 0.999998, 9.592876, 1.000060, 9.257641, 1.000080
 20.9700, 8.989102, 1.000002, 9.593102, 1.000060, 9.257927, 1.000071
 20.9800, 8.989119, 1.000007, 9.593326, 1.000059, 9.258179, 1.000063
 20.9900, 8.989153, 1.000011, 9.593548, 1.000059, 9.258399, 1.000054
 21.0000, 8.989203, 1.000016, 9.593767, 1.000058, 9.258585, 1.000045
 21.0100, 8.989270, 1.000020, 9.593985, 1.000057, 9.258738, 1.000036
 21.0200, 8.989355, 1.000025, 9.594200, 1.000057, 9.258857, 1.000027
 21.0300, 8.989457, 1.000029, 9.594413, 1.000056, 9.258944, 1.000019
 21.0400, 8.989576, 1.000034, 9.594623, 1.000055, 9.258999, 1.000010
 21.0500, 8.989712, 1.000038, 9.594830, 1.000055, 9.259022, 1.000002
 21.0600, 8.989865, 1.000043, 9.595034, 1.000054, 9.259014, 0.999994
 21.0700, 8.990035, 1.000047, 9.595236, 1.000053, 9.258977, 0.999986
 21.0800, 8.990223, 1.000052, 9.595433, 1.000052, 9.258912, 0.999979
 21.0900, 8.990426, 1.000056, 9.595628, 1.000051, 9.258820, 0.999972
 21.1000, 8.990647, 1.000061, 9.595818, 1.000050, 9.258703, 0.999966
 21.1100, 8.990883, 1.000065, 9.596004, 1.000049, 9.258562, 0.999960
 21.1200, 8.991135, 1.000069, 9.596186, 1.000048, 9.258399, 0.999954
 21.1300, 8.991403, 1.000073, 9.596363, 1.000046, 9.258217, 0.999949
 21.1400, 8.991686, 1.000077, 9.596535, 1.000045, 9.258017, 0.999945
 21.1500, 8.991984, 1.000081, 9.596701, 1.000043, 9.257801, 0.999941
 21.1600, 8.992295, 1.000085, 9.596862, 1.000042, 9.257571, 0.999938
 21.1700, 8.992621, 1.000088, 9.597018, 1.000040, 9.257330, 0.999935
 21.1800, 8.992960, 1.000092, 9.597167, 1.000039, 9.257081, 0.999933
 21.1900, 8.993311, 1.000095, 9.597310, 1.000037, 9.256825, 0.999931
 21.2000, 8.993674, 1.000098, 9.597446, 1.000035, 9.256564, 0.999931
 21.2100, 8.994049, 1.000101, 9.597575, 1.000033, 9.256302, 0.999930
 21.2200, 8.994435, 1.000104, 9.597697, 1.000031, 9.256040, 0.999931
 21.2300, 8.994832, 1.000106, 9.597811, 1.000029, 9.255782, 0.999932
 21.2400, 8.995237, 1.000109, 9.597918, 1.000027, 9.255528, 0.999934
 21.2500, 8.995652, 1.000111, 9.598017, 1.000025, 9.255282, 0.999936
 21.2600, 8.996075, 1.000113, 9.598108, 1.000023, 9.255046, 0.999939
 21.2700, 8.996506, 1.000115, 9.598191, 1.000021, 9.254822, 0.999942
 21.2800, 8.996944, 1.000117, 9.598265, 1.000019, 9.254611, 0.999946
 21.2900, 8.997387, 1.000118, 9.598331, 1.000016, 9.254417, 0.999951
 21.3000, 8.997837, 1.000120, 9.598389, 1.000014, 9.254241, 0.999956
 21.3100, 8.998291, 1.000121, 9.598438, 1.000012, 9.254084, 0.999961
 21.3200, 8.998749, 1.000122, 9.598479, 1.000010, 9.253949, 0.999967
 21.3300, 8.999211, 1.000123, 9.598511, 1.000007, 9.253836, 0.999973
 21.3400, 8.999676, 1.000123, 9.598535, 1.000005, 9.253747, 0.999980
 21.3500, 9.000142, 1.000124, 9.598551, 1.000003, 9.253684, 0.999987
 21.3600, 9.000610, 1.000124, 9.598559, 1.000001, 9.253647, 0.999994
 21.3700, 9.001078, 1.000124, 9.598558, 0.999999, 9.253637, 1.000001
 21.3800, 9.001547, 1.000124, 9.598550, 0.999997, 9.253655, 1.000009
 21.3900, 9.002014, 1.000124, 9.598534, 0.999995, 9.253702, 1.000016
 21.4000, 9.002481, 1.000123, 9.598511, 0.999993, 9.253777, 1.000024
 21.4100, 9.002945, 1.000123, 9.598481, 0.999991, 9.253881, 1.000032
 21.4200, 9.003407, 1.000122, 9.598445, 0.999989, 9.254014, 1.000039
 21.4300, 9.003866, 1.000121, 9.598402, 0.999988, 9.254176, 1.000047
 21.4400, 9.004321, 1.000120, 9.598354, 0.999986, 9.254367, 1.000054
 21.4500, 9.004772, 1.000119, 9.598300, 0.999985, 9.254585, 1.000062
 21.4600, 9.005218, 1.000118, 9.598241, 0.999984, 9.254831, 1.000069
 21.4700, 9.005659, 1.000116, 9.598178, 0.999983, 9.255103, 1.000076
 21.4800, 9.006094, 1.000115, 9.598111, 0.999982, 9.255401, 1.000082
 21.4900, 9.006522, 1.000113, 9.598041, 0.999981, 9.255723, 1.000088
 21.5000, 9.006944, 1.000111, 9.597968, 0.999980, 9.256068, 1.000094
 21.5100, 9.007358, 1.000109, 9.597893, 0.999980, 9.256434, 1.000100
 21.5200, 9.007765, 1.000107, 9.597817, 0.999980, 9.256820, 1.000105
 21.5300, 9.008164, 1.000105, 9.597740, 0.999979, 9.257225, 1.000110
 21.5400, 9.008554, 1.000102, 9.597662, 0.999980, 9.257646, 1.000114
 21.5500, 9.008936, 1.000100, 9.597585, 0.999980, 9.258082, 1.000117
 21.5600, 9.009308, 1.000098, 9.597509, 0.999980, 9.258531, 1.000121
 21.5700, 9.009671, 1.000095, 9.597435, 0.999981, 9.258991, 1.000123
 21.5800, 9.010025, 1.000092, 9.597364, 0.999981, 9.259459, 1.000125
 21.5900, 9.010369, 1.000090, 9.597296, 0.999982, 9.259933, 1.000127
 21.6000, 9.010702, 1.000087, 9.597231, 0.999983, 9.260412, 1.000127
 21.6100, 9.011025, 1.000084, 9.597171, 0.999985, 9.260894, 1.000128
 21.6200, 9.011338, 1.000081, 9.597116, 0.999986, 9.261375, 1.000127
 21.6300, 9.011640, 1.000079, 9.597067, 0.999988, 9.261854, 1.000127
 21.6400, 9.011930, 1.000076, 9.597025, 0.999990, 9.262329, 1.000125
 21.6500, 9.012210, 1.000073, 9.596989, 0.999992, 9.262798, 1.000123
 21.6600, 9.012479, 1.000070, 9.596962, 0.999994, 9.263258, 1.000121
 21.6700, 9.012736, 1.000067, 9.596942, 0.999996, 9.263708, 1.000118
 21.6800, 9.012983, 1.000064, 9.596931, 0.999998, 9.264145, 1.000114
 21.6900, 9.013217, 1.000061, 9.596929, 1.000001, 9.264568, 1.000110
 21.7000, 9.013440, 1.000058, 9.596937, 1.000003, 9.264975, 1.000106
 21.7100, 9.013652, 1.000055, 9.596955, 1.000006, 9.265365, 1.000101
 21.7200, 9.013852, 1.000052, 9.596984, 1.000009, 9.265736, 1.000096
 21.7300, 9.014041, 1.000049, 9.597024, 1.000012, 9.266086, 1.000090
 21.7400, 9.014218, 1.000045, 9.597074, 1.000015, 9.266414, 1.000084
 21.7500, 9.014384, 1.000042, 9.597137, 1.000018, 9.266719, 1.000078
 21.7600, 9.014538, 1.000039, 9.597211, 1.000021, 9.267000, 1.000071
 21.7700, 9.014681, 1.000036, 9.597297, 1.000024, 9.267256, 1.000065
 21.7800, 9.014813, 1.000033, 9.597395, 1.000028, 9.267487, 1.000058
 21.7900, 9.014933, 1.000030, 9.597505, 1.000031, 9.267692, 1.000051
 21.8000, 9.015042, 1.000027, 9.597628, 1.000034, 9.267870, 1.000044
 21.8100, 9.015140, 1.000024, 9.597763, 1.000037, 9.268021, 1.000037
 21.8200, 9.015226, 1.000022, 9.597910, 1.000041, 9.268146, 1.000030
 21.8300, 9.015302, 1.000019, 9.598069, 1.000044, 9.268244, 1.000022
 21.8400, 9.015367, 1.000016, 9.598240, 1.000047, 9.268316, 1.000016
 21.8500, 9.015422, 1.000013, 9.598423, 1.000050, 9.268361, 1.000009
 21.8600, 9.015466, 1.000010, 9.598617, 1.000053, 9.268382, 1.000002
 21.8700, 9.015500, 1.000008, 9.598823, 1.000056, 9.268377, 0.999996
 21.8800, 9.015523, 1.000005, 9.599040, 1.000059, 9.268349, 0.999989
 21.8900, 9.015537, 1.000002, 9.599268, 1.000062, 9.268298, 0.999984
 21.9000, 9.015540, 1.000000, 9.599505, 1.000064, 9.268225, 0.999978
 21.9100, 9.015535, 0.999997, 9.599753, 1.000067, 9.268132, 0.999973
 21.9200, 9.015519, 0.999995, 9.600010, 1.000069, 9.268020, 0.999968
 21.9300, 9.015495, 0.999992, 9.600276, 1.000072, 9.267891, 0.999964
 21.9400, 9.015461, 0.999990, 9.600550, 1.000074, 9.267745, 0.999960
 21.9500, 9.015419, 0.999988, 9.600832, 1.000076, 9.267586, 0.999956
 21.9600, 9.015368, 0.999985, 9.601122, 1.000078, 9.267414, 0.999953
 21.9700, 9.015309, 0.999983, 9.601418, 1.000079, 9.267232, 0.999950
 21.9800, 9.015241, 0.999981, 9.601720, 1.000081, 9.267041, 0.999948
 21.9900, 9.015167, 0.999979, 9.602027, 1.000082, 9.266844, 0.999947
 22.0000, 9.015084, 0.999977, 9.602339, 1.000083, 9.266642, 0.999946
 22.0100, 9.014995, 0.999975, 9.602655, 1.000084, 9.266438, 0.999946
 22.0200, 9.014898, 0.999974, 9.602974, 1.000085, 9.266233, 0.999946
 22.0300, 9.014795, 0.999972, 9.603297, 1.000086, 9.266029, 0.999946
 22.0400, 9.014686, 0.999970, 9.603621, 1.000086, 9.265829, 0.999948
 22.0500, 9.014571, 0.999969, 9.603946, 1.000086, 9.265635, 0.999949
 22.0600, 9.014451, 0.999967, 9.604272, 1.000087, 9.265448, 0.999952
 22.0700, 9.014325, 0.999966, 9.604599, 1.000086, 9.265270, 0.999954
 22.0800, 9.014195, 0.999965, 9.604924, 1.000086, 9.265103, 0.999957
 22.0900, 9.014060, 0.999964, 9.605248, 1.000086, 9.264950, 0.999961
 22.1000, 9.013921, 0.999963, 9.605571, 1.000085, 9.264810, 0.999965
 22.1100, 9.013779, 0.999962, 9.605890, 1.000084, 9.264688, 0.999970
 22.1200, 9.013633, 0.999961, 9.606207, 1.000083, 9.264582, 0.999975
 22.1300, 9.013485, 0.999960, 9.606520, 1.000082, 9.264496, 0.999980
 22.1400, 9.013334, 0.999960, 9.606828, 1.000081, 9.264430, 0.999985
 22.1500, 9.013181, 0.999959, 9.607132, 1.000080, 9.264386, 0.999991
 22.1600, 9.013027, 0.999959, 9.607430, 1.000078, 9.264364, 0.999997
 22.1700, 9.012872, 0.999959, 9.607723, 1.000077, 9.264365, 1.000004
 22.1800, 9.012717, 0.999959, 9.608009, 1.000075, 9.264391, 1.000010
 22.1900, 9.012562, 0.999959, 9.608289, 1.000073, 9.264441, 1.000017
 22.2000, 9.012407, 0.999959, 9.608562, 1.000071, 9.264516, 1.000023
 22.2100, 9.012252, 0.999959, 9.608828, 1.000069, 9.264616, 1.000030
 22.2200, 9.012100, 0.999960, 9.609086, 1.000067, 9.264741, 1.000037
 22.2300, 9.011949, 0.999960, 9.609336, 1.000065, 9.264892, 1.000043
 22.2400, 9.011801, 0.999961, 9.609578, 1.000063, 9.265068, 1.000050
 22.2500, 9.011656, 0.999962, 9.609812, 1.000061, 9.265269, 1.000056
 22.2600, 9.011514, 0.999963, 9.610037, 1.000059, 9.265494, 1.000063
 22.2700, 9.011376, 0.999964, 9.610254, 1.000056, 9.265743, 1.000069
 22.2800, 9.011243, 0.999965, 9.610462, 1.000054, 9.266014, 1.000075
 22.2900, 9.011114, 0.999967, 9.610661, 1.000052, 9.266307, 1.000081
 22.3000, 9.010992, 0.999968, 9.610852, 1.000049, 9.266621, 1.000086
 22.3100, 9.010875, 0.999970, 9.611034, 1.000047, 9.266955, 1.000091
 22.3200, 9.010764, 0.999972, 9.611207, 1.000045, 9.267307, 1.000096
 22.3300, 9.010660, 0.999973, 9.611372, 1.000043, 9.267676, 1.000100
 22.3400, 9.010564, 0.999975, 9.611528, 1.000040, 9.268060, 1.000104
 22.3500, 9.010476, 0.999978, 9.611676, 1.000038, 9.268458, 1.000107
 22.3600, 9.010395, 0.999980, 9.611816, 1.000036, 9.268868, 1.000110
 22.3700, 9.010324, 0.999982, 9.611948, 1.000034, 9.269289, 1.000113
 22.3800, 9.010262, 0.999985, 9.612072, 1.000032, 9.269718, 1.000115
 22.3900, 9.010209, 0.999987, 9.612189, 1.000030, 9.270154, 1.000116
 22.4000, 9.010166, 0.999990, 9.612298, 1.000028, 9.270594, 1.000117
 22.4100, 9.010133, 0.999993, 9.612400, 1.000026, 9.271037, 1.000118
 22.4200, 9.010111, 0.999996, 9.612496, 1.000025, 9.271481, 1.000118
 22.4300, 9.010100, 0.999999, 9.612585, 1.000023, 9.271924, 1.000117
 22.4400, 9.010100, 1.000002, 9.612669, 1.000021, 9.272364, 1.000116
 22.4500, 9.010112, 1.000005, 9.612746, 1.000020, 9.272798, 1.000114
 22.4600, 9.010136, 1.000008, 9.612818, 1.000018, 9.273226, 1.000112
 22.4700, 9.010171, 1.000011, 9.612885, 1.000017, 9.273645, 1.000110
 22.4800, 9.010219, 1.000014, 9.612947, 1.000016, 9.274053, 1.000107
 22.4900, 9.010279, 1.000018, 9.613004, 1.000015, 9.274449, 1.000103
 22.5000, 9.010351, 1.000021, 9.613058, 1.000014, 9.274831, 1.000099
 22.5100, 9.010436, 1.000024, 9.613108, 1.000013, 9.275197, 1.000095
 22.5200, 9.010534, 1.000028, 9.613154, 1.000012, 9.275546, 1.000090
 22.5300, 9.010644, 1.000031, 9.613197, 1.000011, 9.275877, 1.000085
 22.5400, 9.010767, 1.000034, 9.613237, 1.000010, 9.276187, 1.000080
 22.5500, 9.010903, 1.000038, 9.613275, 1.000010, 9.276477, 1.000074
 22.5600, 9.011052, 1.000041, 9.613310, 1.000009, 9.276744, 1.000068
 22.5700, 9.011213, 1.000044, 9.613344, 1.000009, 9.276989, 1.000062
 22.5800, 9.011387, 1.000048, 9.613375, 1.000008, 9.277209, 1.000055
 22.5900, 9.011573, 1.000051, 9.613406, 1.000008, 9.277405, 1.000049
 22.6000, 9.011772, 1.000054, 9.613434, 1.000008, 9.277576, 1.000042
 22.6100, 9.011982, 1.000057, 9.613462, 1.000007, 9.277722, 1.000035
 22.6200, 9.012204, 1.000060, 9.613489, 1.000007, 9.277842, 1.000028
 22.6300, 9.012438, 1.000063, 9.613515, 1.000007, 9.277936, 1.000022
 22.6400, 9.012683, 1.000066, 9.613541, 1.000007, 9.278005, 1.000015
 22.6500, 9.012938, 1.000069, 9.613566, 1.000007, 9.278047, 1.000008
 22.6600, 9.013205, 1.000072, 9.613591, 1.000007, 9.278065, 1.000001
 22.6700, 9.013481, 1.000075, 9.613616, 1.000007, 9.278058, 0.999995
 22.6800, 9.013767, 1.000077, 9.613640, 1.000006, 9.278027, 0.999989
 22.6900, 9.014062, 1.000080, 9.613664, 1.000006, 9.277973, 0.999983
 22.7000, 9.014366, 1.000082, 9.613689, 1.000006, 9.277896, 0.999977
 22.7100, 9.014679, 1.000084, 9.613713, 1.000006, 9.277798, 0.999971
 22.7200, 9.014999, 1.000086, 9.613737, 1.000006, 9.277680, 0.999966
 22.7300, 9.015327, 1.000088, 9.613761, 1.000006, 9.277543, 0.999961
 22.7400, 9.015661, 1.000090, 9.613785, 1.000006, 9.277388, 0.999957
 22.7500, 9.016001, 1.000091, 9.613809, 1.000006, 9.277217, 0.999953
 22.7600, 9.016347, 1.000092, 9.613832, 1.000006, 9.277031, 0.999949
 22.7700, 9.016699, 1.000094, 9.613855, 1.000006, 9.276832, 0.999946
 22.7800, 9.017054, 1.000095, 9.613878, 1.000006, 9.276622, 0.999943
 22.7900, 9.017413, 1.000096, 9.613901, 1.000006, 9.276402, 0.999941
 22.8000, 9.017776, 1.000097, 9.613923, 1.000006, 9.276175, 0.999939
 22.8100, 9.018141, 1.000097, 9.613944, 1.000006, 9.275941, 0.999937
 22.8200, 9.018508, 1.000098, 9.613965, 1.000005, 9.275703, 0.999937
 22.8300, 9.018876, 1.000098, 9.613984, 1.000005, 9.275463, 0.999936
 22.8400, 9.019245, 1.000098, 9.614003, 1.000005, 9.275223, 0.999936
 22.8500, 9.019614, 1.000098, 9.614021, 1.000005, 9.274984, 0.999937
 22.8600, 9.019982, 1.000097, 9.614038, 1.000004, 9.274748, 0.999938
 22.8700, 9.020348, 1.000097, 9.614053, 1.000004, 9.274518, 0.999940
 22.8800, 9.020713, 1.000096, 9.614068, 1.000004, 9.274294, 0.999942
 22.8900, 9.021076, 1.000096, 9.614081, 1.000003, 9.274079, 0.999944
 22.9000, 9.021435, 1.000095, 9.614092, 1.000003, 9.273875, 0.999947
 22.9100, 9.021790, 1.000094, 9.614102, 1.000002, 9.273683, 0.999951
 22.9200, 9.022141, 1.000092, 9.614111, 1.000002, 9.273504, 0.999955
 22.9300, 9.022488, 1.000091, 9.614118, 1.000002, 9.273340, 0.999959
 22.9400, 9.022828, 1.000090, 9.614123, 1.000001, 9.273193, 0.999963
 22.9500, 9.023163, 1.000088, 9.614127, 1.000001, 9.273063, 0.999968
 22.9600, 9.023491, 1.000086, 9.614130, 1.000000, 9.272952, 0.999973
 22.9700, 9.023812, 1.000084, 9.614131, 1.000000, 9.272861, 0.999979
 22.9800, 9.024126, 1.000082, 9.614130, 1.000000, 9.272791, 0.999984
 22.9900, 9.024432, 1.000080, 9.614128, 0.999999, 9.272742, 0.999990
 23.0000, 9.024729, 1.000078, 9.614125, 0.999999, 9.272716, 0.999996
 23.0100, 9.025018, 1.000075, 9.614120, 0.999999, 9.272712, 1.000002
 23.0200, 9.025297, 1.000073, 9.614115, 0.999998, 9.272732, 1.000008
 23.0300, 9.025567, 1.000070, 9.614109, 0.999998, 9.272774, 1.000014
 23.0400, 9.025828, 1.000068, 9.614101, 0.999998, 9.272841, 1.000021
 23.0500, 9.026078, 1.000065, 9.614094, 0.999998, 9.272930, 1.000027
 23.0600, 9.026317, 1.000062, 9.614086, 0.999998, 9.273044, 1.000033
 23.0700, 9.026546, 1.000059, 9.614078, 0.999998, 9.273180, 1.000039
 23.0800, 9.026764, 1.000056, 9.614069, 0.999998, 9.273339, 1.000045
 23.0900, 9.026972, 1.000053, 9.614062, 0.999998, 9.273519, 1.000051
 23.1000, 9.027168, 1.000050, 9.614055, 0.999998, 9.273722, 1.000056
 23.1100, 9.027352, 1.000047, 9.614048, 0.999998, 9.273944, 1.000062
 23.1200, 9.027525, 1.000044, 9.614043, 0.999999, 9.274187, 1.000067
 23.1300, 9.027687, 1.000041, 9.614040, 0.999999, 9.274447, 1.000072
 23.1400, 9.027837, 1.000038, 9.614038, 1.000000, 9.274726, 1.000076
 23.1500, 9.027976, 1.000035, 9.614038, 1.000000, 9.275020, 1.000080
 23.1600, 9.028103, 1.000032, 9.614041, 1.000001, 9.275329, 1.000084
 23.1700, 9.028219, 1.000029, 9.614047, 1.000002, 9.275652, 1.000087
 23.1800, 9.028323, 1.000026, 9.614055, 1.000003, 9.275986, 1.000090
 23.1900, 9.028416, 1.000023, 9.614067, 1.000004, 9.276331, 1.000093
 23.2000, 9.028498, 1.000020, 9.614083, 1.000005, 9.276684, 1.000095
 23.2100, 9.028569, 1.000017, 9.614103, 1.000006, 9.277045, 1.000096
 23.2200, 9.028628, 1.000014, 9.614128, 1.000007, 9.277411, 1.000098
 23.2300, 9.028677, 1.000012, 9.614157, 1.000008, 9.277781, 1.000098
 23.2400, 9.028716, 1.000009, 9.614191, 1.000010, 9.278152, 1.000099
 23.2500, 9.028744, 1.000006, 9.614231, 1.000011, 9.278524, 1.000099
 23.2600, 9.028762, 1.000004, 9.614276, 1.000013, 9.278895, 1.000098
 23.2700, 9.028770, 1.000001, 9.614327, 1.000014, 9.279262, 1.000097
 23.2800, 9.028769, 0.999998, 9.614385, 1.000016, 9.279624, 1.000095
 23.2900, 9.028759, 0.999996, 9.614448, 1.000018, 9.279980, 1.000093
 23.3000, 9.028739, 0.999994, 9.614519, 1.000020, 9.280328, 1.000091
 23.3100, 9.028711, 0.999991, 9.614596, 1.000021, 9.280666, 1.000088
 23.3200, 9.028675, 0.999989, 9.614681, 1.000023, 9.280993, 1.000085
 23.3300, 9.028631, 0.999987, 9.614772, 1.000025, 9.281307, 1.000082
 23.3400, 9.028579, 0.999985, 9.614871, 1.000027, 9.281608, 1.000078
 23.3500, 9.028520, 0.999983, 9.614978, 1.000029, 9.281894, 1.000074
 23.3600, 9.028454, 0.999982, 9.615092, 1.000031, 9.282163, 1.000069
 23.3700, 9.028381, 0.999980, 9.615213, 1.000033, 9.282415, 1.000065
 23.3800, 9.028302, 0.999978, 9.615342, 1.000035, 9.282650, 1.000060
 23.3900, 9.028218, 0.999977, 9.615479, 1.000037, 9.282865, 1.000055
 23.4000, 9.028128, 0.999975, 9.615623, 1.000039, 9.283060, 1.000049
 23.4100, 9.028033, 0.999974, 9.615774, 1.000041, 9.283236, 1.000044
 23.4200, 9.027933, 0.999973, 9.615933, 1.000043, 9.283391, 1.000038
 23.4300, 9.027829, 0.999972, 9.616099, 1.000045, 9.283525, 1.000033
 23.4400, 9.027721, 0.999971, 9.616272, 1.000047, 9.283637, 1.000027
 23.4500, 9.027610, 0.999970, 9.616452, 1.000049, 9.283729, 1.000021
 23.4600, 9.027496, 0.999969, 9.616639, 1.000050, 9.283799, 1.000016
 23.4700, 9.027378, 0.999969, 9.616832, 1.000052, 9.283848, 1.000010
 23.4800, 9.027259, 0.999968, 9.617031, 1.000054, 9.283877, 1.000005
 23.4900, 9.027137, 0.999967, 9.617235, 1.000055, 9.283886, 1.000000
 23.5000, 9.027014, 0.999967, 9.617445, 1.000056, 9.283874, 0.999994
 23.5100, 9.026889, 0.999967, 9.617661, 1.000058, 9.283844, 0.999990
 23.5200, 9.026763, 0.999967, 9.617880, 1.000059, 9.283796, 0.999985
 23.5300, 9.026637, 0.999966, 9.618104, 1.000060, 9.283730, 0.999980
 23.5400, 9.026510, 0.999966, 9.618332, 1.000061, 9.283647, 0.999976
 23.5500, 9.026383, 0.999966, 9.618564, 1.000062, 9.283550, 0.999972
 23.5600, 9.026257, 0.999967, 9.618798, 1.000062, 9.283438, 0.999969
 23.5700, 9.026131, 0.999967, 9.619034, 1.000063, 9.283314, 0.999965
 23.5800, 9.026006, 0.999967, 9.619273, 1.000063, 9.283178, 0.999962
 23.5900, 9.025882, 0.999967, 9.619513, 1.000064, 9.283031, 0.999960
 23.6000, 9.025760, 0.999968, 9.619753, 1.000064, 9.282876, 0.999958
 23.6100, 9.025640, 0.999968, 9.619995, 1.000064, 9.282714, 0.999956
 23.6200, 9.025522, 0.999969, 9.620236, 1.000064, 9.282545, 0.999955
 23.6300, 9.025406, 0.999970, 9.620476, 1.000064, 9.282373, 0.999954
 23.6400, 9.025293, 0.999970, 9.620715, 1.000063, 9.282198, 0.999953
 23.6500, 9.025182, 0.999971, 9.620952, 1.000063, 9.282022, 0.999953
 23.6600, 9.025075, 0.999972, 9.621187, 1.000062, 9.281846, 0.999954
 23.6700, 9.024971, 0.999973, 9.621420, 1.000061, 9.281672, 0.999954
 23.6800, 9.024871, 0.999974, 9.621649, 1.000060, 9.281502, 0.999955
 23.6900, 9.024774, 0.999975, 9.621874, 1.000059, 9.281337, 0.999957
 23.7000, 9.024682, 0.999976, 9.622095, 1.000058, 9.281178, 0.999959
 23.7100, 9.024594, 0.999977, 9.622311, 1.000057, 9.281028, 0.999961
 23.7200, 9.024510, 0.999978, 9.622522, 1.000055, 9.280886, 0.999964
 23.7300, 9.024431, 0.999980, 9.622728, 1.000054, 9.280756, 0.999967
 23.7400, 9.024357, 0.999981, 9.622927, 1.000052, 9.280637, 0.999970
 23.7500, 9.024288, 0.999982, 9.623120, 1.000050, 9.280532, 0.999974
 23.7600, 9.024224, 0.999984, 9.623306, 1.000048, 9.280440, 0.999978
 23.7700, 9.024165, 0.999985, 9.623485, 1.000047, 9.280364, 0.999982
 23.7800, 9.024112, 0.999987, 9.623657, 1.000045, 9.280303, 0.999986
 23.7900, 9.024065, 0.999988, 9.623821, 1.000042, 9.280260, 0.999991
 23.8000, 9.024023, 0.999990, 9.623977, 1.000040, 9.280234, 0.999995
 23.8100, 9.023988, 0.999991, 9.624125, 1.000038, 9.280225, 1.000000
 23.8200, 9.023959, 0.999993, 9.624265, 1.000036, 9.280236, 1.000005
 23.8300, 9.023936, 0.999995, 9.624396, 1.000034, 9.280265, 1.000010
 23.8400, 9.023920, 0.999997, 9.624518, 1.000031, 9.280313, 1.000015
 23.8500, 9.023910, 0.999998, 9.624632, 1.000029, 9.280381, 1.000020
 23.8600, 9.023907, 1.000000, 9.624736, 1.000027, 9.280467, 1.000025
 23.8700, 9.023911, 1.000002, 9.624832, 1.000024, 9.280573, 1.000030
 23.8800, 9.023922, 1.000004, 9.624919, 1.000022, 9.280697, 1.000035
 23.8900, 9.023939, 1.000006, 9.624998, 1.000020, 9.280840, 1.000040
 23.9000, 9.023964, 1.000008, 9.625067, 1.000017, 9.281000, 1.000045
 23.9100, 9.023997, 1.000010, 9.625128, 1.000015, 9.281178, 1.000049
 23.9200, 9.024036, 1.000011, 9.625181, 1.000013, 9.281373, 1.000054
 23.9300, 9.024083, 1.000013, 9.625225, 1.000011, 9.281583, 1.000058
 23.9400, 9.024138, 1.000015, 9.625260, 1.000008, 9.281808, 1.000062
 23.9500, 9.024199, 1.000017, 9.625288, 1.000006, 9.282047, 1.000065
 23.9600, 9.024269, 1.000019, 9.625308, 1.000004, 9.282299, 1.000068
 23.9700, 9.024346, 1.000021, 9.625321, 1.000002, 9.282563, 1.000071
 23.9800, 9.024430, 1.000023, 9.625327, 1.000001, 9.282837, 1.000074
 23.9900, 9.024523, 1.000025, 9.625325, 0.999999, 9.283121, 1.000076
 24.0000, 9.024623, 1.000027, 9.625317, 0.999997, 9.283412, 1.000078
 24.0100, 9.024730, 1.000029, 9.625303, 0.999995, 9.283710, 1.000080
 24.0200, 9.024845, 1.000031, 9.625283, 0.999994, 9.284013, 1.000081
 24.0300, 9.024967, 1.000033, 9.625257, 0.999993, 9.284320, 1.000082
 24.0400, 9.025097, 1.000035, 9.625226, 0.999991, 9.284628, 1.000082
 24.0500, 9.025235, 1.000037, 9.625191, 0.999990, 9.284938, 1.000082
 24.0600, 9.025380, 1.000039, 9.625151, 0.999989, 9.285246, 1.000082
 24.0700, 9.025531, 1.000041, 9.625107, 0.999988, 9.285553, 1.000081
 24.0800, 9.025691, 1.000043, 9.625060, 0.999987, 9.285855, 1.000080
 24.0900, 9.025857, 1.000045, 9.625010, 0.999986, 9.286152, 1.000078
 24.1000, 9.026030, 1.000047, 9.624957, 0.999986, 9.286443, 1.000076
 24.1100, 9.026210, 1.000049, 9.624902, 0.999985, 9.286725, 1.000074
 24.1200, 9.026396, 1.000050, 9.624845, 0.999985, 9.286999, 1.000071
 24.1300, 9.026589, 1.000052, 9.624787, 0.999984, 9.287261, 1.000068
 24.1400, 9.026788, 1.000054, 9.624728, 0.999984, 9.287512, 1.000065
 24.1500, 9.026992, 1.000055, 9.624668, 0.999984, 9.287749, 1.000061
 24.1600, 9.027203, 1.000057, 9.624608, 0.999984, 9.287973, 1.000057
 24.1700, 9.027419, 1.000058, 9.624548, 0.999984, 9.288182, 1.000053
 24.1800, 9.027641, 1.000059, 9.624489, 0.999984, 9.288374, 1.000049
 24.1900, 9.027867, 1.000061, 9.624431, 0.999985, 9.288550, 1.000044
 24.2000, 9.028098, 1.000062, 9.624374, 0.999985, 9.288709, 1.000040
 24.2100, 9.028333, 1.000063, 9.624318, 0.999985, 9.288850, 1.000035
 24.2200, 9.028573, 1.000064, 9.624264, 0.999986, 9.288972, 1.000030
 24.2300, 9.028816, 1.000065, 9.624213, 0.999987, 9.289075, 1.000025
 24.2400, 9.029063, 1.000066, 9.624163, 0.999987, 9.289159, 1.000020
 24.2500, 9.029312, 1.000067, 9.624117, 0.999988, 9.289224, 1.000015
 24.2600, 9.029565, 1.000067, 9.624073, 0.999989, 9.289269, 1.000009
 24.2700, 9.029819, 1.000068, 9.624032, 0.999990, 9.289295, 1.000004
 24.2800, 9.030076, 1.000068, 9.623994, 0.999990, 9.289302, 0.999999
 24.2900, 9.030334, 1.000069, 9.623960, 0.999991, 9.289290, 0.999994
 24.3000, 9.030593, 1.000069, 9.623929, 0.999992, 9.289260, 0.999990
 24.3100, 9.030853, 1.000069, 9.623902, 0.999993, 9.289212, 0.999985
 24.3200, 9.031113, 1.000069, 9.623879, 0.999994, 9.289146, 0.999980
 24.3300, 9.031373, 1.000069, 9.623859, 0.999995, 9.289064, 0.999976
 24.3400, 9.031632, 1.000069, 9.623843, 0.999996, 9.288967, 0.999972
 24.3500, 9.031891, 1.000068, 9.623831, 0.999997, 9.288854, 0.999968
 24.3600, 9.032147, 1.000068, 9.623822, 0.999998, 9.288727, 0.999965
 24.3700, 9.032403, 1.000067, 9.623818, 0.999999, 9.288588, 0.999961
 24.3800, 9.032655, 1.000067, 9.623817, 1.000000, 9.288437, 0.999958
 24.3900, 9.032905, 1.000066, 9.623820, 1.000001, 9.288275, 0.999956
 24.4000, 9.033152, 1.000065, 9.623827, 1.000002, 9.288104, 0.999954
 24.4100, 9.033395, 1.000064, 9.623837, 1.000003, 9.287925, 0.999952
 24.4200, 9.033634, 1.000063, 9.623850, 1.000004, 9.287740, 0.999950
 24.4300, 9.033869, 1.000062, 9.623867, 1.000005, 9.287549, 0.999949
 24.4400, 9.034099, 1.000060, 9.623888, 1.000006, 9.287355, 0.999948
 24.4500, 9.034324, 1.000059, 9.623911, 1.000007, 9.287158, 0.999948
 24.4600, 9.034543, 1.000057, 9.623938, 1.000007, 9.286960, 0.999948
 24.4700, 9.034756, 1.000056, 9.623967, 1.000008, 9.286763, 0.999948
 24.4800, 9.034963, 1.000054, 9.623999, 1.000009, 9.286569, 0.999949
 24.4900, 9.035163, 1.000052, 9.624034, 1.000010, 9.286377, 0.999950
 24.5000, 9.035356, 1.000050, 9.624071, 1.000010, 9.286190, 0.999951
 24.5100, 9.035541, 1.000048, 9.624110, 1.000011, 9.286010, 0.999953
 24.5200, 9.035719, 1.000046, 9.624151, 1.000011, 9.285837, 0.999955
 24.5300, 9.035889, 1.000044, 9.624195, 1.000012, 9.285673, 0.999958
 24.5400, 9.036051, 1.000042, 9.624240, 1.000012, 9.285519, 0.999961
 24.5500, 9.036204, 1.000040, 9.624287, 1.000013, 9.285377, 0.999964
 24.5600, 9.036349, 1.000037, 9.624335, 1.000013, 9.285247, 0.999967
 24.5700, 9.036485, 1.000035, 9.624385, 1.000013, 9.285130, 0.999971
 24.5800, 9.036611, 1.000032, 9.624436, 1.000014, 9.285027, 0.999975
 24.5900, 9.036729, 1.000030, 9.624488, 1.000014, 9.284940, 0.999979
 24.6000, 9.036837, 1.000027, 9.624542, 1.000014, 9.284869, 0.999983
 24.6100, 9.036935, 1.000025, 9.624596, 1.000015, 9.284814, 0.999988
 24.6200, 9.037025, 1.000022, 9.624651, 1.000015, 9.284777, 0.999992
 24.6300, 9.037104, 1.000020, 9.624707, 1.000015, 9.284758, 0.999997
 24.6400, 9.037174, 1.000017, 9.624764, 1.000015, 9.284756, 1.000002
 24.6500, 9.037234, 1.000015, 9.624821, 1.000015, 9.284773, 1.000007
 24.6600, 9.037285, 1.000012, 9.624879, 1.000015, 9.284809, 1.000012
 24.6700, 9.037325, 1.000010, 9.624938, 1.000016, 9.284863, 1.000017
 24.6800, 9.037357, 1.000007, 9.624997, 1.000016, 9.284935, 1.000022
 24.6900, 9.037379, 1.000005, 9.625057, 1.000016, 9.285026, 1.000026
 24.7000, 9.037391, 1.000002, 9.625118, 1.000016, 9.285135, 1.000031
 24.7100, 9.037394, 1.000000, 9.625179, 1.000016, 9.285261, 1.000036
 24.7200, 9.037388, 0.999997, 9.625241, 1.000017, 9.285405, 1.000040
 24.7300, 9.037374, 0.999995, 9.625304, 1.000017, 9.285565, 1.000045
 24.7400, 9.037350, 0.999993, 9.625367, 1.000017, 9.285742, 1.000049
 24.7500, 9.037318, 0.999990, 9.625431, 1.000017, 9.285933, 1.000053
 24.7600, 9.037278, 0.999988, 9.625496, 1.000017, 9.286139, 1.000056
 24.7700, 9.037229, 0.999986, 9.625562, 1.000018, 9.286358, 1.000060
 24.7800, 9.037173, 0.999984, 9.625630, 1.000018, 9.286590, 1.000063
 24.7900, 9.037110, 0.999982, 9.625698, 1.000018, 9.286833, 1.000066
 24.8000, 9.037039, 0.999980, 9.625768, 1.000019, 9.287086, 1.000068
 24.8100, 9.036962, 0.999979, 9.625839, 1.000019, 9.287348, 1.000071
 24.8200, 9.036878, 0.999977, 9.625912, 1.000019, 9.287617, 1.000072
 24.8300, 9.036788, 0.999975, 9.625986, 1.000020, 9.287894, 1.000074
 24.8400, 9.036692, 0.999974, 9.626062, 1.000020, 9.288175, 1.000075
 24.8500, 9.036591, 0.999973, 9.626140, 1.000021, 9.288460, 1.000076
 24.8600, 9.036485, 0.999971, 9.626220, 1.000021, 9.288748, 1.000076
 24.8700, 9.036374, 0.999970, 9.626302, 1.000022, 9.289036, 1.000077
 24.8800, 9.036260, 0.999969, 9.626386, 1.000023, 9.289325, 1.000076
 24.8900, 9.036141, 0.999968, 9.626472, 1.000023, 9.289612, 1.000076
 24.9000, 9.036019, 0.999967, 9.626561, 1.000024, 9.289895, 1.000075
 24.9100, 9.035894, 0.999967, 9.626653, 1.000025, 9.290175, 1.000073
 24.9200, 9.035767, 0.999966, 9.626747, 1.000025, 9.290449, 1.000072
 24.9300, 9.035638, 0.999965, 9.626843, 1.000026, 9.290716, 1.000070
 24.9400, 9.035506, 0.999965, 9.626942, 1.000027, 9.290975, 1.000068
 24.9500, 9.035374, 0.999965, 9.627044, 1.000027, 9.291225, 1.000065
 24.9600, 9.035241, 0.999965, 9.627149, 1.000028, 9.291464, 1.000062
 24.9700, 9.035107, 0.999965, 9.627257, 1.000029, 9.291692, 1.000059
 24.9800, 9.034974, 0.999965, 9.627367, 1.000030, 9.291908, 1.000056
 24.9900, 9.034841, 0.999965, 9.627480, 1.000030, 9.292111, 1.000052
 25.0000, 9.034708, 0.999965, 9.627596, 1.000031, 9.292300, 1.000048
 25.0100, 9.034577, 0.999965, 9.627714, 1.000032, 9.292474, 1.000044
 25.0200, 9.034447, 0.999966, 9.627835, 1.000032, 9.292633, 1.000040
 25.0300, 9.034320, 0.999966, 9.627959, 1.000033, 9.292776, 1.000036
 25.0400, 9.034194, 0.999967, 9.628086, 1.000034, 9.292902, 1.000031
 25.0500, 9.034071, 0.999968, 9.628214, 1.000034, 9.293012, 1.000027
 25.0600, 9.033951, 0.999969, 9.628345, 1.000035, 9.293106, 1.000022
 25.0700, 9.033835, 0.999970, 9.628478, 1.000036, 9.293182, 1.000018
 25.0800, 9.033722, 0.999971, 9.628613, 1.000036, 9.293241, 1.000013
 25.0900, 9.033613, 0.999972, 9.628750, 1.000036, 9.293283, 1.000009
 25.1000, 9.033508, 0.999973, 9.628888, 1.000037, 9.293308, 1.000004
 25.1100, 9.033407, 0.999974, 9.629027, 1.000037, 9.293316, 1.000000
 25.1200, 9.033312, 0.999975, 9.629168, 1.000037, 9.293308, 0.999996
 25.1300, 9.033221, 0.999977, 9.629310, 1.000038, 9.293285, 0.999992
 25.1400, 9.033135, 0.999978, 9.629452, 1.000038, 9.293246, 0.999988
 25.1500, 9.033054, 0.999979, 9.629595, 1.000038, 9.293192, 0.999984
 25.1600, 9.032980, 0.999981, 9.629737, 1.000038, 9.293124, 0.999980
 25.1700, 9.032910, 0.999982, 9.629880, 1.000038, 9.293043, 0.999977
 25.1800, 9.032847, 0.999984, 9.630022, 1.000038, 9.292950, 0.999974
 25.1900, 9.032789, 0.999986, 9.630163, 1.000037, 9.292845, 0.999971
 25.2000, 9.032738, 0.999987, 9.630303, 1.000037, 9.292730, 0.999968
 25.2100, 9.032693, 0.999989, 9.630442, 1.000037, 9.292605, 0.999966
 25.2200, 9.032654, 0.999991, 9.630579, 1.000036, 9.292472, 0.999964
 25.2300, 9.032621, 0.999992, 9.630714, 1.000035, 9.292331, 0.999962
 25.2400, 9.032595, 0.999994, 9.630846, 1.000035, 9.292185, 0.999960
 25.2500, 9.032575, 0.999996, 9.630976, 1.000034, 9.292034, 0.999959
 25.2600, 9.032562, 0.999997, 9.631103, 1.000033, 9.291879, 0.999959
 25.2700, 9.032555, 0.999999, 9.631227, 1.000032, 9.291721, 0.999958
 25.2800, 9.032555, 1.000001, 9.631347, 1.000031, 9.291562, 0.999958
 25.2900, 9.032561, 1.000003, 9.631463, 1.000030, 9.291404, 0.999958
 25.3000, 9.032574, 1.000004, 9.631575, 1.000029, 9.291246, 0.999959
 25.3100, 9.032593, 1.000006, 9.631682, 1.000028, 9.291092, 0.999959
 25.3200, 9.032618, 1.000008, 9.631785, 1.000027, 9.290940, 0.999960
 25.3300, 9.032650, 1.000009, 9.631883, 1.000025, 9.290794, 0.999962
 25.3400, 9.032688, 1.000011, 9.631975, 1.000024, 9.290654, 0.999964
 25.3500, 9.032732, 1.000013, 9.632062, 1.000022, 9.290520, 0.999966
 25.3600, 9.032782, 1.000014, 9.632144, 1.000021, 9.290395, 0.999968
 25.3700, 9.032839, 1.000016, 9.632219, 1.000019, 9.290279, 0.999970
 25.3800, 9.032901, 1.000017, 9.632289, 1.000018, 9.290173, 0.999973
 25.3900, 9.032969, 1.000019, 9.632352, 1.000016, 9.290077, 0.999976
 25.4000, 9.033042, 1.000020, 9.632409, 1.000014, 9.289994, 0.999979
 25.4100, 9.033121, 1.000022, 9.632460, 1.000013, 9.289922, 0.999983
 25.4200, 9.033206, 1.000023, 9.632504, 1.000011, 9.289864, 0.999986
 25.4300, 9.033296, 1.000025, 9.632542, 1.000009, 9.289819, 0.999990
 25.4400, 9.033391, 1.000026, 9.632573, 1.000007, 9.289788, 0.999994
 25.4500, 9.033491, 1.000027, 9.632598, 1.000006, 9.289772, 0.999998
 25.4600, 9.033595, 1.000028, 9.632616, 1.000004, 9.289770, 1.000001
 25.4700, 9.033705, 1.000030, 9.632627, 1.000002, 9.289783, 1.000005
 25.4800, 9.033819, 1.000031, 9.632633, 1.000000, 9.289810, 1.000009
 25.4900, 9.033937, 1.000032, 9.632631, 0.999999, 9.289853, 1.000013
 25.5000, 9.034060, 1.000033, 9.632624, 0.999997, 9.289911, 1.000017
 25.5100, 9.034186, 1.000034, 9.632610, 0.999996, 9.289983, 1.000021
 25.5200, 9.034317, 1.000035, 9.632590, 0.999994, 9.290070, 1.000025
 25.5300, 9.034451, 1.000036, 9.632565, 0.999992, 9.290171, 1.000029
 25.5400, 9.034589, 1.000037, 9.632534, 0.999991, 9.290285, 1.000032
 25.5500, 9.034730, 1.000038, 9.632497, 0.999990, 9.290413, 1.000036
 25.5600, 9.034874, 1.000039, 9.632456, 0.999988, 9.290553, 1.000039
 25.5700, 9.035022, 1.000039, 9.632409, 0.999987, 9.290705, 1.000042
 25.5800, 9.035172, 1.000040, 9.632358, 0.999986, 9.290868, 1.000045
 25.5900, 9.035325, 1.000041, 9.632303, 0.999985, 9.291041, 1.000047
 25.6000, 9.035480, 1.000042, 9.632244, 0.999984, 9.291224, 1.000050
 25.6100, 9.035638, 1.000042, 9.632181, 0.999983, 9.291415, 1.000052
 25.6200, 9.035798, 1.000043, 9.632114, 0.999982, 9.291614, 1.000054
 25.6300, 9.035960, 1.000043, 9.632045, 0.999981, 9.291819, 1.000055
 25.6400, 9.036124, 1.000044, 9.631973, 0.999981, 9.292030, 1.000056
 25.6500, 9.036289, 1.000044, 9.631899, 0.999980, 9.292244, 1.000057
 25.6600, 9.036456, 1.000044, 9.631823, 0.999980, 9.292463, 1.000058
 25.6700, 9.036624, 1.000045, 9.631745, 0.999979, 9.292683, 1.000059
 25.6800, 9.036794, 1.000045, 9.631667, 0.999979, 9.292904, 1.000059
 25.6900, 9.036964, 1.000045, 9.631587, 0.999979, 9.293125, 1.000058
 25.7000, 9.037135, 1.000045, 9.631508, 0.999979, 9.293344, 1.000058
 25.7100, 9.037306, 1.000046, 9.631428, 0.999979, 9.293561, 1.000057
 25.7200, 9.037478, 1.000046, 9.631349, 0.999979, 9.293775, 1.000056
 25.7300, 9.037649, 1.000046, 9.631270, 0.999979, 9.293984, 1.000055
 25.7400, 9.037821, 1.000046, 9.631193, 0.999980, 9.294187, 1.000053
 25.7500, 9.037993, 1.000045, 9.631117, 0.999980, 9.294383, 1.000051
 25.7600, 9.038164, 1.000045, 9.631043, 0.999981, 9.294572, 1.000049
 25.7700, 9.038334, 1.000045, 9.630972, 0.999981, 9.294752, 1.000046
 25.7800, 9.038504, 1.000045, 9.630903, 0.999982, 9.294922, 1.000044
 25.7900, 9.038673, 1.000045, 9.630836, 0.999983, 9.295082, 1.000041
 25.8000, 9.038840, 1.000044, 9.630773, 0.999984, 9.295231, 1.000038
 25.8100, 9.039006, 1.000044, 9.630714, 0.999985, 9.295368, 1.000035
 25.8200, 9.039170, 1.000043, 9.630658, 0.999986, 9.295492, 1.000031
 25.8300, 9.039333, 1.000043, 9.630606, 0.999987, 9.295604, 1.000028
 25.8400, 9.039493, 1.000042, 9.630558, 0.999988, 9.295702, 1.000024
 25.8500, 9.039651, 1.000042, 9.630515, 0.999989, 9.295787, 1.000021
 25.8600, 9.039807, 1.000041, 9.630476, 0.999990, 9.295857, 1.000017
 25.8700, 9.039960, 1.000040, 9.630442, 0.999992, 9.295913, 1.000013
 25.8800, 9.040111, 1.000039, 9.630413, 0.999993, 9.295955, 1.000009
 25.8900, 9.040258, 1.000039, 9.630389, 0.999994, 9.295982, 1.000005
 25.9000, 9.040402, 1.000038, 9.630370, 0.999996, 9.295995, 1.000001
 25.9100, 9.040542, 1.000037, 9.630356, 0.999997, 9.295993, 0.999998
 25.9200, 9.040679, 1.000036, 9.630348, 0.999998, 9.295978, 0.999994
 25.9300, 9.040812, 1.000035, 9.630345, 1.000000, 9.295948, 0.999990
 25.9400, 9.040941, 1.000034, 9.630347, 1.000001, 9.295906, 0.999987
 25.9500, 9.041066, 1.000033, 9.630355, 1.000003, 9.295850, 0.999984
 25.9600, 9.041186, 1.000031, 9.630368, 1.000004, 9.295783, 0.999980
 25.9700, 9.041302, 1.000030, 9.630386, 1.000005, 9.295703, 0.999977
 25.9800, 9.041413, 1.000029, 9.630409, 1.000007, 9.295613, 0.999975
 25.9900, 9.041519, 1.000027, 9.630437, 1.000008, 9.295512, 0.999972
 26.0000, 9.041620, 1.000026, 9.630471, 1.000010, 9.295402, 0.999970
 26.0100, 9.041716, 1.000025, 9.630509, 1.000011, 9.295283, 0.999967
 26.0200, 9.041806, 1.000023, 9.630552, 1.000012, 9.295156, 0.999966
 26.0300, 9.041891, 1.000022, 9.630600, 1.000013, 9.295023, 0.999964
 26.0400, 9.041970, 1.000020, 9.630651, 1.000014, 9.294884, 0.999963
 26.0500, 9.042044, 1.000019, 9.630708, 1.000015, 9.294741, 0.999961
 26.0600, 9.042111, 1.000017, 9.630768, 1.000016, 9.294594, 0.999961
 26.0700, 9.042172, 1.000015, 9.630832, 1.000017, 9.294444, 0.999960
 26.0800, 9.042228, 1.000014, 9.630899, 1.000018, 9.294293, 0.999960
 26.0900, 9.042277, 1.000012, 9.630970, 1.000019, 9.294141, 0.999960
 26.1000, 9.042320, 1.000011, 9.631045, 1.000020, 9.293991, 0.999960
 26.1100, 9.042356, 1.000009, 9.631122, 1.000021, 9.293842, 0.999961
 26.1200, 9.042386, 1.000007, 9.631201, 1.000021, 9.293696, 0.999962
 26.1300, 9.042410, 1.000005, 9.631284, 1.000022, 9.293555, 0.999963
 26.1400, 9.042427, 1.000004, 9.631368, 1.000023, 9.293418, 0.999965
 26.1500, 9.042438, 1.000002, 9.631454, 1.000023, 9.293288, 0.999966
 26.1600, 9.042443, 1.000000, 9.631543, 1.000024, 9.293164, 0.999968
 26.1700, 9.042441, 0.999999, 9.631632, 1.000024, 9.293049, 0.999971
 26.1800, 9.042433, 0.999997, 9.631723, 1.000024, 9.292942, 0.999973
 26.1900, 9.042418, 0.999995, 9.631815, 1.000024, 9.292845, 0.999976
 26.2000, 9.042397, 0.999994, 9.631907, 1.000025, 9.292758, 0.999979
 26.2100, 9.042370, 0.999992, 9.632000, 1.000025, 9.292683, 0.999982
 26.2200, 9.042337, 0.999990, 9.632094, 1.000025, 9.292620, 0.999985
 26.2300, 9.042298, 0.999989, 9.632188, 1.000025, 9.292569, 0.999988
 26.2400, 9.042254, 0.999987, 9.632281, 1.000025, 9.292530, 0.999992
 26.2500, 9.042203, 0.999986, 9.632375, 1.000025, 9.292505, 0.999995
 26.2600, 9.042147, 0.999984, 9.632468, 1.000025, 9.292494, 0.999999
 26.2700, 9.042086, 0.999983, 9.632561, 1.000024, 9.292497, 1.000003
 26.2800, 9.042019, 0.999982, 9.632652, 1.000024, 9.292513, 1.000006
 26.2900, 9.041948, 0.999980, 9.632743, 1.000024, 9.292544, 1.000010
 26.3000, 9.041872, 0.999979, 9.632834, 1.000024, 9.292589, 1.000014
 26.3100, 9.041791, 0.999978, 9.632923, 1.000023, 9.292648, 1.000018
 26.3200, 9.041706, 0.999977, 9.633011, 1.000023, 9.292721, 1.000021
 26.3300, 9.041617, 0.999976, 9.633097, 1.000023, 9.292807, 1.000025
 26.3400, 9.041525, 0.999975, 9.633183, 1.000022, 9.292907, 1.000028
 26.3500, 9.041429, 0.999974, 9.633267, 1.000022, 9.293020, 1.000032
 26.3600, 9.041329, 0.999973, 9.633349, 1.000022, 9.293146, 1.000035
 26.3700, 9.041227, 0.999973, 9.633431, 1.000021, 9.293283, 1.000038
 26.3800, 9.041122, 0.999972, 9.633510, 1.000021, 9.293432, 1.000041
 26.3900, 9.041015, 0.999971, 9.633589, 1.000021, 9.293591, 1.000044
 26.4000, 9.040905, 0.999971, 9.633666, 1.000020, 9.293760, 1.000046
 26.4100, 9.040795, 0.999970, 9.633741, 1.000020, 9.293939, 1.000048
 26.4200, 9.040682, 0.999970, 9.633815, 1.000019, 9.294126, 1.000051
 26.4300, 9.040569, 0.999970, 9.633888, 1.000019, 9.294320, 1.000052
 26.4400, 9.040455, 0.999970, 9.633959, 1.000019, 9.294520, 1.000054
 26.4500, 9.040341, 0.999970, 9.634029, 1.000018, 9.294726, 1.000055
 26.4600, 9.040226, 0.999970, 9.634098, 1.000018, 9.294937, 1.000056
 26.4700, 9.040112, 0.999970, 9.634166, 1.000018, 9.295150, 1.000057
 26.4800, 9.039999, 0.999970, 9.634233, 1.000018, 9.295367, 1.000058
 26.4900, 9.039887, 0.999970, 9.634298, 1.000017, 9.295584, 1.000058
 26.5000, 9.039776, 0.999971, 9.634363, 1.000017, 9.295802, 1.000058
 26.5100, 9.039667, 0.999971, 9.634426, 1.000017, 9.296019, 1.000057
 26.5200, 9.039559, 0.999972, 9.634489, 1.000017, 9.296235, 1.000057
 26.5300, 9.039454, 0.999972, 9.634552, 1.000016, 9.296447, 1.000056
 26.5400, 9.039352, 0.999973, 9.634613, 1.000016, 9.296655, 1.000055
 26.5500, 9.039252, 0.999974, 9.634674, 1.000016, 9.296859, 1.000053
 26.5600, 9.039156, 0.999975, 9.634734, 1.000016, 9.297057, 1.000052
 26.5700, 9.039063, 0.999976, 9.634794, 1.000016, 9.297248, 1.000050
 26.5800, 9.038974, 0.999977, 9.634854, 1.000016, 9.297431, 1.000048
 26.5900, 9.038889, 0.999978, 9.634913, 1.000016, 9.297606, 1.000045
 26.6000, 9.038808, 0.999979, 9.634972, 1.000016, 9.297772, 1.000043
 26.6100, 9.038732, 0.999980, 9.635031, 1.000016, 9.297927, 1.000040
 26.6200, 9.038661, 0.999982, 9.635090, 1.000016, 9.298072, 1.000037
 26.6300, 9.038594, 0.999983, 9.635148, 1.000015, 9.298205, 1.000034
 26.6400, 9.038533, 0.999984, 9.635206, 1.000015, 9.298327, 1.000031
 26.6500, 9.038477, 0.999986, 9.635265, 1.000015, 9.298436, 1.000027
 26.6600, 9.038427, 0.999987, 9.635323, 1.000015, 9.298533, 1.000024
 26.6700, 9.038382, 0.999989, 9.635380, 1.000015, 9.298616, 1.000020
 26.6800, 9.038343, 0.999990, 9.635438, 1.000015, 9.298687, 1.000017
 26.6900, 9.038310, 0.999992, 9.635496, 1.000015, 9.298743, 1.000013
 26.7000, 9.038283, 0.999994, 9.635553, 1.000015, 9.298786, 1.000010
 26.7100, 9.038263, 0.999995, 9.635610, 1.000015, 9.298816, 1.000006
 26.7200, 9.038248, 0.999997, 9.635667, 1.000015, 9.298832, 1.000002
 26.7300, 9.038240, 0.999999, 9.635723, 1.000015, 9.298835, 0.999999
 26.7400, 9.038238, 1.000000, 9.635779, 1.000015, 9.298824, 0.999995
 26.7500, 9.038242, 1.000002, 9.635834, 1.000015, 9.298801, 0.999992
 26.7600, 9.038253, 1.000004, 9.635889, 1.000014, 9.298765, 0.999989
 26.7700, 9.038269, 1.000005, 9.635943, 1.000014, 9.298717, 0.999986
 26.7800, 9.038293, 1.000007, 9.635996, 1.000014, 9.298657, 0.999983
 26.7900, 9.038322, 1.000009, 9.636048, 1.000014, 9.298586, 0.999980
 26.8000, 9.038358, 1.000010, 9.636099, 1.000013, 9.298505, 0.999977
 26.8100, 9.038399, 1.000012, 9.636149, 1.000013, 9.298414, 0.999975
 26.8200, 9.038447, 1.000013, 9.636197, 1.000013, 9.298315, 0.999972
 26.8300, 9.038501, 1.000015, 9.636244, 1.000012, 9.298206, 0.999970
 26.8400, 9.038560, 1.000017, 9.636290, 1.000012, 9.298091, 0.999968
 26.8500, 9.038625, 1.000018, 9.636333, 1.000011, 9.297969, 0.999967
 26.8600, 9.038696, 1.000019, 9.636375, 1.000011, 9.297841, 0.999965
 26.8700, 9.038772, 1.000021, 9.636415, 1.000010, 9.297709, 0.999964
 26.8800, 9.038853, 1.000022, 9.636452, 1.000010, 9.297573, 0.999964
 26.8900, 9.038939, 1.000023, 9.636488, 1.000009, 9.297434, 0.999963
 26.9000, 9.039030, 1.000025, 9.636520, 1.000008, 9.297294, 0.999963
 26.9100, 9.039125, 1.000026, 9.636550, 1.000008, 9.297152, 0.999962
 26.9200, 9.039225, 1.000027, 9.636578, 1.000007, 9.297011, 0.999963
 26.9300, 9.039329, 1.000028, 9.636603, 1.000006, 9.296871, 0.999963
 26.9400, 9.039437, 1.000029, 9.636624, 1.000005, 9.296733, 0.999964
 26.9500, 9.039549, 1.000030, 9.636643, 1.000005, 9.296597, 0.999965
 26.9600, 9.039664, 1.000031, 9.636658, 1.000004, 9.296466, 0.999966
 26.9700, 9.039783, 1.000032, 9.636671, 1.000003, 9.296340, 0.999967
 26.9800, 9.039905, 1.000033, 9.636680, 1.000002, 9.296219, 0.999969
 26.9900, 9.040029, 1.000033, 9.636685, 1.000001, 9.296105, 0.999971
 27.0000, 9.040156, 1.000034, 9.636688, 1.000000, 9.295999, 0.999973
 27.0100, 9.040286, 1.000035, 9.636686, 0.999999, 9.295900, 0.999975
 27.0200, 9.040417, 1.000035, 9.636682, 0.999998, 9.295810, 0.999977
 27.0300, 9.040550, 1.000036, 9.636673, 0.999997, 9.295729, 0.999980
 27.0400, 9.040685, 1.000036, 9.636662, 0.999996, 9.295659, 0.999983
 27.0500, 9.040821, 1.000036, 9.636646, 0.999996, 9.295598, 0.999985
 27.0600, 9.040958, 1.000037, 9.636628, 0.999995, 9.295549, 0.999988
 27.0700, 9.041096, 1.000037, 9.636606, 0.999994, 9.295510, 0.999991
 27.0800, 9.041235, 1.000037, 9.636580, 0.999993, 9.295484, 0.999994
 27.0900, 9.041374, 1.000037, 9.636552, 0.999992, 9.295469, 0.999998
 27.1000, 9.041513, 1.000037, 9.636520, 0.999991, 9.295466, 1.000001
 27.1100, 9.041652, 1.000037, 9.636485, 0.999990, 9.295474, 1.000004
 27.1200, 9.041791, 1.000037, 9.636447, 0.999990, 9.295495, 1.000007
 27.1300, 9.041929, 1.000037, 9.636406, 0.999989, 9.295528, 1.000010
 27.1400, 9.042067, 1.000036, 9.636363, 0.999988, 9.295573, 1.000013
 27.1500, 9.042203, 1.000036, 9.636317, 0.999988, 9.295629, 1.000016
 27.1600, 9.042339, 1.000036, 9.636269, 0.999987, 9.295696, 1.000019
 27.1700, 9.042473, 1.000035, 9.636219, 0.999986, 9.295775, 1.000022
 27.1800, 9.042605, 1.000035, 9.636166, 0.999986, 9.295864, 1.000025
 27.1900, 9.042736, 1.000034, 9.636112, 0.999985, 9.295963, 1.000028
 27.2000, 9.042865, 1.000034, 9.636057, 0.999985, 9.296072, 1.000030
 27.2100, 9.042992, 1.000033, 9.636000, 0.999985, 9.296190, 1.000032
 27.2200, 9.043117, 1.000033, 9.635942, 0.999985, 9.296317, 1.000035
 27.2300, 9.043240, 1.000032, 9.635884, 0.999984, 9.296451, 1.000037
 27.2400, 9.043360, 1.000032, 9.635825, 0.999984, 9.296592, 1.000038
 27.2500, 9.043478, 1.000031, 9.635766, 0.999984, 9.296739, 1.000040
 27.2600, 9.043593, 1.000030, 9.635707, 0.999984, 9.296892, 1.000041
 27.2700, 9.043705, 1.000029, 9.635648, 0.999984, 9.297049, 1.000042
 27.2800, 9.043814, 1.000029, 9.635589, 0.999985, 9.297210, 1.000043
 27.2900, 9.043920, 1.000028, 9.635532, 0.999985, 9.297374, 1.000044
 27.3000, 9.044023, 1.000027, 9.635475, 0.999985, 9.297540, 1.000044
 27.3100, 9.044123, 1.000026, 9.635420, 0.999986, 9.297707, 1.000044
 27.3200, 9.044219, 1.000025, 9.635367, 0.999986, 9.297874, 1.000044
 27.3300, 9.044313, 1.000024, 9.635316, 0.999987, 9.298041, 1.000044
 27.3400, 9.044402, 1.000023, 9.635266, 0.999987, 9.298206, 1.000044
 27.3500, 9.044489, 1.000022, 9.635220, 0.999988, 9.298369, 1.000043
 27.3600, 9.044571, 1.000021, 9.635175, 0.999989, 9.298528, 1.000042
 27.3700, 9.044650, 1.000021, 9.635134, 0.999989, 9.298683, 1.000041
 27.3800, 9.044726, 1.000020, 9.635096, 0.999990, 9.298834, 1.000039
 27.3900, 9.044798, 1.000019, 9.635061, 0.999991, 9.298979, 1.000038
 27.4000, 9.044866, 1.000018, 9.635030, 0.999992, 9.299117, 1.000036
 27.4100, 9.044930, 1.000017, 9.635002, 0.999993, 9.299248, 1.000034
 27.4200, 9.044991, 1.000016, 9.634979, 0.999994, 9.299371, 1.000032
 27.4300, 9.045047, 1.000015, 9.634959, 0.999995, 9.299487, 1.000029
 27.4400, 9.045100, 1.000014, 9.634944, 0.999996, 9.299593, 1.000027
 27.4500, 9.045149, 1.000013, 9.634933, 0.999998, 9.299690, 1.000024
 27.4600, 9.045195, 1.000011, 9.634926, 0.999999, 9.299777, 1.000022
 27.4700, 9.045236, 1.000010, 9.634924, 1.000000, 9.299853, 1.000019
 27.4800, 9.045273, 1.000009, 9.634927, 1.000001, 9.299920, 1.000016
 27.4900, 9.045307, 1.000008, 9.634934, 1.000003, 9.299975, 1.000013
 27.5000, 9.045337, 1.000007, 9.634946, 1.000004, 9.300020, 1.000010
 27.5100, 9.045363, 1.000006, 9.634963, 1.000005, 9.300054, 1.000008
 27.5200, 9.045385, 1.000005, 9.634984, 1.000006, 9.300077, 1.000005
 27.5300, 9.045404, 1.000004, 9.635011, 1.000008, 9.300089, 1.000002
 27.5400, 9.045418, 1.000003, 9.635042, 1.000009, 9.300090, 0.999999
 27.5500, 9.045429, 1.000002, 9.635077, 1.000010, 9.300080, 0.999996
 27.5600, 9.045436, 1.000001, 9.635118, 1.000011, 9.300059, 0.999993
 27.5700, 9.045439, 1.000000, 9.635162, 1.000012, 9.300029, 0.999991
 27.5800, 9.045439, 0.999999, 9.635211, 1.000014, 9.299988, 0.999988
 27.5900, 9.045435, 0.999998, 9.635265, 1.000015, 9.299938, 0.999986
 27.6000, 9.045427, 0.999997, 9.635323, 1.000016, 9.299879, 0.999983
 27.6100, 9.045416, 0.999997, 9.635384, 1.000017, 9.299812, 0.999981
 27.6200, 9.045401, 0.999996, 9.635450, 1.000018, 9.299737, 0.999979
 27.6300, 9.045383, 0.999995, 9.635519, 1.000019, 9.299654, 0.999977
 27.6400, 9.045361, 0.999994, 9.635591, 1.000020, 9.299565, 0.999976
 27.6500, 9.045336, 0.999993, 9.635667, 1.000021, 9.299470, 0.999974
 27.6600, 9.045308, 0.999992, 9.635746, 1.000021, 9.299369, 0.999973
 27.6700, 9.045276, 0.999991, 9.635827, 1.000022, 9.299265, 0.999972
 27.6800, 9.045241, 0.999990, 9.635912, 1.000023, 9.299156, 0.999971
 27.6900, 9.045203, 0.999990, 9.635998, 1.000023, 9.299045, 0.999970
 27.7000, 9.045162, 0.999989, 9.636087, 1.000024, 9.298932, 0.999970
 27.7100, 9.045118, 0.999988, 9.636178, 1.000024, 9.298817, 0.999970
 27.7200, 9.045071, 0.999987, 9.636270, 1.000025, 9.298702, 0.999970
 27.7300, 9.045022, 0.999986, 9.636364, 1.000025, 9.298588, 0.999970
 27.7400, 9.044969, 0.999986, 9.636458, 1.000025, 9.298475, 0.999970
 27.7500, 9.044914, 0.999985, 9.636554, 1.000025, 9.298364, 0.999971
 27.7600, 9.044857, 0.999984, 9.636650, 1.000026, 9.298256, 0.999972
 27.7700, 9.044797, 0.999984, 9.636746, 1.000026, 9.298152, 0.999973
 27.7800, 9.044735, 0.999983, 9.636843, 1.000026, 9.298053, 0.999974
 27.7900, 9.044670, 0.999983, 9.636939, 1.000025, 9.297959, 0.999976
 27.8000, 9.044604, 0.999982, 9.637035, 1.000025, 9.297870, 0.999977
 27.8100, 9.044536, 0.999982, 9.637130, 1.000025, 9.297789, 0.999979
 27.8200, 9.044466, 0.999981, 9.637224, 1.000025, 9.297714, 0.999981
 27.8300, 9.044395, 0.999981, 9.637318, 1.000025, 9.297648, 0.999983
 27.8400, 9.044322, 0.999980, 9.637409, 1.000024, 9.297589, 0.999986
 27.8500, 9.044247, 0.999980, 9.637500, 1.000024, 9.297540, 0.999988
 27.8600, 9.044172, 0.999980, 9.637588, 1.000023, 9.297500, 0.999991
 27.8700, 9.044096, 0.999980, 9.637675, 1.000023, 9.297470, 0.999993
 27.8800, 9.044018, 0.999979, 9.637760, 1.000022, 9.297449, 0.999996
 27.8900, 9.043941, 0.999979, 9.637842, 1.000022, 9.297439, 0.999999
 27.9000, 9.043862, 0.999979, 9.637922, 1.000021, 9.297439, 1.000001
 27.9100, 9.043784, 0.999979, 9.637999, 1.000020, 9.297450, 1.000004
 27.9200, 9.043705, 0.999979, 9.638074, 1.000019, 9.297472, 1.000007
 27.9300, 9.043626, 0.999979, 9.638146, 1.000019, 9.297504, 1.000010
 27.9400, 9.043548, 0.999979, 9.638216, 1.000018, 9.297546, 1.000013
 27.9500, 9.043470, 0.999979, 9.638282, 1.000017, 9.297599, 1.000015
 27.9600, 9.043393, 0.999980, 9.638346, 1.000016, 9.297662, 1.000018
 27.9700, 9.043317, 0.999980, 9.638406, 1.000016, 9.297736, 1.000021
 27.9800, 9.043241, 0.999980, 9.638463, 1.000015, 9.297818, 1.000023
 27.9900, 9.043167, 0.999981, 9.638518, 1.000014, 9.297910, 1.000026
 28.0000, 9.043095, 0.999981, 9.638569, 1.000013, 9.298011, 1.000028
 28.0100, 9.043024, 0.999981, 9.638617, 1.000012, 9.298121, 1.000030
 28.0200, 9.042955, 0.999982, 9.638662, 1.000012, 9.298238, 1.000032
 28.0300, 9.042888, 0.999983, 9.638704, 1.000011, 9.298363, 1.000034
 28.0400, 9.042823, 0.999983, 9.638743, 1.000010, 9.298494, 1.000036
 28.0500, 9.042761, 0.999984, 9.638780, 1.000009, 9.298631, 1.000037
 28.0600, 9.042701, 0.999984, 9.638813, 1.000008, 9.298773, 1.000038
 28.0700, 9.042644, 0.999985, 9.638844, 1.000008, 9.298921, 1.000040
 28.0800, 9.042590, 0.999986, 9.638871, 1.000007, 9.299072, 1.000040
 28.0900, 9.042539, 0.999987, 9.638897, 1.000006, 9.299226, 1.000041
 28.1000, 9.042491, 0.999988, 9.638919, 1.000006, 9.299382, 1.000042
 28.1100, 9.042447, 0.999989, 9.638940, 1.000005, 9.299540, 1.000042
 28.1200, 9.042407, 0.999990, 9.638958, 1.000004, 9.299699, 1.000042
 28.1300, 9.042370, 0.999991, 9.638974, 1.000004, 9.299857, 1.000042
 28.1400, 9.042337, 0.999992, 9.638987, 1.000003, 9.300015, 1.000042
 28.1500, 9.042308, 0.999993, 9.638999, 1.000003, 9.300171, 1.000041
 28.1600, 9.042283, 0.999994, 9.639009, 1.000002, 9.300324, 1.000040
 28.1700, 9.042263, 0.999995, 9.639018, 1.000002, 9.300474, 1.000039
 28.1800, 9.042247, 0.999996, 9.639024, 1.000002, 9.300620, 1.000038
 28.1900, 9.042236, 0.999998, 9.639030, 1.000001, 9.300761, 1.000037
 28.2000, 9.042229, 0.999999, 9.639034, 1.000001, 9.300897, 1.000035
 28.2100, 9.042226, 1.000000, 9.639037, 1.000001, 9.301027, 1.000033
 28.2200, 9.042229, 1.000001, 9.639038, 1.000000, 9.301149, 1.000032
 28.2300, 9.042236, 1.000003, 9.639039, 1.000000, 9.301265, 1.000030
 28.2400, 9.042248, 1.000004, 9.639039, 1.000000, 9.301372, 1.000027
 28.2500, 9.042264, 1.000005, 9.639038, 1.000000, 9.301471, 1.000025
 28.2600, 9.042286, 1.000006, 9.639037, 1.000000, 9.301561, 1.000023
 28.2700, 9.042312, 1.000008, 9.639035, 0.999999, 9.301642, 1.000020
 28.2800, 9.042343, 1.000009, 9.639033, 0.999999, 9.301713, 1.000018
 28.2900, 9.042379, 1.000010, 9.639030, 0.999999, 9.301774, 1.000015
 28.3000, 9.042420, 1.000011, 9.639027, 0.999999, 9.301825, 1.000012
 28.3100, 9.042465, 1.000013, 9.639024, 0.999999, 9.301866, 1.000009
 28.3200, 9.042515, 1.000014, 9.639020, 0.999999, 9.301896, 1.000007
 28.3300, 9.042570, 1.000015, 9.639017, 0.999999, 9.301915, 1.000004
 28.3400, 9.042629, 1.000016, 9.639013, 0.999999, 9.301924, 1.000001
 28.3500, 9.042692, 1.000017, 9.639010, 0.999999, 9.301923, 0.999998
 28.3600, 9.042760, 1.000019, 9.639006, 0.999999, 9.301911, 0.999996
 28.3700, 9.042832, 1.000020, 9.639003, 0.999999, 9.301889, 0.999993
 28.3800, 9.042908, 1.000021, 9.638999, 0.999999, 9.301857, 0.999990
 28.3900, 9.042988, 1.000022, 9.638996, 0.999999, 9.301816, 0.999988
 28.4000, 9.043071, 1.000023, 9.638993, 0.999999, 9.301765, 0.999985
 28.4100, 9.043158, 1.000024, 9.638989, 0.999999, 9.301706, 0.999983
 28.4200, 9.043249, 1.000024, 9.638986, 0.999999, 9.301638, 0.999981
 28.4300, 9.043342, 1.000025, 9.638983, 0.999999, 9.301562, 0.999979
 28.4400, 9.043439, 1.000026, 9.638979, 0.999999, 9.301479, 0.999977
 28.4500, 9.043538, 1.000027, 9.638976, 0.999999, 9.301389, 0.999975
 28.4600, 9.043640, 1.000027, 9.638973, 0.999999, 9.301293, 0.999974
 28.4700, 9.043745, 1.000028, 9.638969, 0.999999, 9.301191, 0.999972
 28.4800, 9.043851, 1.000029, 9.638965, 0.999999, 9.301085, 0.999971
 28.4900, 9.043960, 1.000029, 9.638961, 0.999999, 9.300974, 0.999970
 28.5000, 9.044070, 1.000029, 9.638957, 0.999999, 9.300860, 0.999969
 28.5100, 9.044182, 1.000030, 9.638952, 0.999999, 9.300744, 0.999969
 28.5200, 9.044295, 1.000030, 9.638947, 0.999999, 9.300626, 0.999968
 28.5300, 9.044409, 1.000030, 9.638942, 0.999998, 9.300507, 0.999968
 28.5400, 9.044524, 1.000031, 9.638936, 0.999998, 9.300387, 0.999968
 28.5500, 9.044640, 1.000031, 9.638929, 0.999998, 9.300268, 0.999969
 28.5600, 9.044756, 1.000031, 9.638922, 0.999998, 9.300150, 0.999969
 28.5700, 9.044872, 1.000031, 9.638914, 0.999998, 9.300034, 0.999970
 28.5800, 9.044988, 1.000031, 9.638905, 0.999998, 9.299921, 0.999970
 28.5900, 9.045103, 1.000031, 9.638896, 0.999997, 9.299811, 0.999971
 28.6000, 9.045218, 1.000030, 9.638886, 0.999997, 9.299706, 0.999973
 28.6100, 9.045332, 1.000030, 9.638875, 0.999997, 9.299605, 0.999974
 28.6200, 9.045445, 1.000030, 9.638863, 0.999997, 9.299510, 0.999976
 28.6300, 9.045557, 1.000029, 9.638850, 0.999996, 9.299420, 0.999977
 28.6400, 9.045667, 1.000029, 9.638836, 0.999996, 9.299338, 0.999979
 28.6500, 9.045776, 1.000029, 9.638821, 0.999996, 9.299263, 0.999981
 28.6600, 9.045882, 1.000028, 9.638806, 0.999996, 9.299195, 0.999983
 28.6700, 9.045987, 1.000027, 9.638789, 0.999995, 9.299135, 0.999985
 28.6800, 9.046089, 1.000027, 9.638772, 0.999995, 9.299084, 0.999988
 28.6900, 9.046189, 1.000026, 9.638753, 0.999995, 9.299042, 0.999990
 28.7000, 9.046286, 1.000025, 9.638734, 0.999995, 9.299008, 0.999992
 28.7100, 9.046380, 1.000025, 9.638714, 0.999995, 9.298984, 0.999995
 28.7200, 9.046472, 1.000024, 9.638693, 0.999994, 9.298970, 0.999997
 28.7300, 9.046560, 1.000023, 9.638672, 0.999994, 9.298965, 1.000000
 28.7400, 9.046646, 1.000022, 9.638650, 0.999994, 9.298970, 1.000003
 28.7500, 9.046727, 1.000021, 9.638627, 0.999994, 9.298984, 1.000005
 28.7600, 9.046806, 1.000020, 9.638604, 0.999994, 9.299008, 1.000008
 28.7700, 9.046881, 1.000019, 9.638580, 0.999994, 9.299042, 1.000010
 28.7800, 9.046952, 1.000018, 9.638556, 0.999994, 9.299085, 1.000013
 28.7900, 9.047019, 1.000017, 9.638532, 0.999994, 9.299137, 1.000015
 28.8000, 9.047083, 1.000016, 9.638507, 0.999994, 9.299197, 1.000017
 28.8100, 9.047143, 1.000015, 9.638483, 0.999994, 9.299267, 1.000019
 28.8200, 9.047198, 1.000014, 9.638459, 0.999994, 9.299344, 1.000022
 28.8300, 9.047250, 1.000013, 9.638435, 0.999994, 9.299430, 1.000024
 28.8400, 9.047298, 1.000012, 9.638411, 0.999994, 9.299522, 1.000025
 28.8500, 9.047342, 1.000011, 9.638388, 0.999994, 9.299621, 1.000027
 28.8600, 9.047382, 1.000010, 9.638366, 0.999994, 9.299727, 1.000029
 28.8700, 9.047418, 1.000009, 9.638344, 0.999994, 9.299838, 1.000030
 28.8800, 9.047450, 1.000008, 9.638323, 0.999995, 9.299954, 1.000031
 28.8900, 9.047478, 1.000007, 9.638304, 0.999995, 9.300074, 1.000032
 28.9000, 9.047501, 1.000006, 9.638285, 0.999995, 9.300199, 1.000033
 28.9100, 9.047521, 1.000005, 9.638269, 0.999996, 9.300326, 1.000034
 28.9200, 9.047537, 1.000004, 9.638253, 0.999996, 9.300456, 1.000035
 28.9300, 9.047550, 1.000003, 9.638240, 0.999997, 9.300587, 1.000035
 28.9400, 9.047558, 1.000002, 9.638228, 0.999997, 9.300720, 1.000035
 28.9500, 9.047563, 1.000001, 9.638218, 0.999998, 9.300852, 1.000035
 28.9600, 9.047564, 1.000000, 9.638210, 0.999998, 9.300984, 1.000035
 28.9700, 9.047561, 0.999999, 9.638204, 0.999999, 9.301116, 1.000035
 28.9800, 9.047556, 0.999998, 9.638201, 0.999999, 9.301245, 1.000034
 28.9900, 9.047546, 0.999997, 9.638200, 1.000000, 9.301372, 1.000033
 29.0000, 9.047534, 0.999996, 9.638202, 1.000001, 9.301495, 1.000032
 29.0100, 9.047518, 0.999995, 9.638207, 1.000002, 9.301615, 1.000031
 29.0200, 9.047499, 0.999995, 9.638214, 1.000002, 9.301730, 1.000030
 29.0300, 9.047477, 0.999994, 9.638224, 1.000003, 9.301841, 1.000029
 29.0400, 9.047452, 0.999993, 9.638237, 1.000004, 9.301946, 1.000027
 29.0500, 9.047425, 0.999992, 9.638253, 1.000005, 9.302044, 1.000025
 29.0600, 9.047395, 0.999992, 9.638272, 1.000005, 9.302137, 1.000024
 29.0700, 9.047362, 0.999991, 9.638294, 1.000006, 9.302222, 1.000022
 29.0800, 9.047327, 0.999990, 9.638319, 1.000007, 9.302300, 1.000020
 29.0900, 9.047290, 0.999990, 9.638347, 1.000008, 9.302370, 1.000018
 29.1000, 9.047251, 0.999989, 9.638379, 1.000009, 9.302433, 1.000015
 29.1100, 9.047209, 0.999989, 9.638413, 1.000010, 9.302487, 1.000013
 29.1200, 9.047166, 0.999988, 9.638451, 1.000010, 9.302533, 1.000011
 29.1300, 9.047121, 0.999988, 9.638491, 1.000011, 9.302570, 1.000009
 29.1400, 9.047074, 0.999987, 9.638535, 1.000012, 9.302598, 1.000006
 29.1500, 9.047026, 0.999987, 9.638581, 1.000013, 9.302618, 1.000004
 29.1600, 9.046977, 0.999987, 9.638631, 1.000013, 9.302629, 1.000002
 29.1700, 9.046926, 0.999986, 9.638683, 1.000014, 9.302632, 1.000000
 29.1800, 9.046874, 0.999986, 9.638738, 1.000015, 9.302626, 0.999997
 29.1900, 9.046821, 0.999986, 9.638795, 1.000016, 9.302612, 0.999995
 29.2000, 9.046767, 0.999986, 9.638855, 1.000016, 9.302589, 0.999993
 29.2100, 9.046712, 0.999985, 9.638917, 1.000017, 9.302559, 0.999991
 29.2200, 9.046657, 0.999985, 9.638981, 1.000017, 9.302521, 0.999989
 29.2300, 9.046601, 0.999985, 9.639047, 1.000018, 9.302477, 0.999987
 29.2400, 9.046545, 0.999985, 9.639116, 1.000018, 9.302425, 0.999985
 29.2500, 9.046488, 0.999985, 9.639185, 1.000019, 9.302367, 0.999984
 29.2600, 9.046431, 0.999985, 9.639257, 1.000019, 9.302303, 0.999982
 29.2700, 9.046374, 0.999985, 9.639330, 1.000019, 9.302234, 0.999981
 29.2800, 9.046317, 0.999985, 9.639403, 1.000020, 9.302160, 0.999980
 29.2900, 9.046260, 0.999985, 9.639478, 1.000020, 9.302082, 0.999979
 29.3000, 9.046204, 0.999985, 9.639554, 1.000020, 9.302000, 0.999978
 29.3100, 9.046147, 0.999985, 9.639630, 1.000020, 9.301915, 0.999977
 29.3200, 9.046091, 0.999985, 9.639706, 1.000020, 9.301827, 0.999977
 29.3300, 9.046035, 0.999985, 9.639782, 1.000020, 9.301738, 0.999976
 29.3400, 9.045980, 0.999985, 9.639859, 1.000020, 9.301648, 0.999976
 29.3500, 9.045926, 0.999986, 9.639935, 1.000020, 9.301557, 0.999976
 29.3600, 9.045872, 0.999986, 9.640010, 1.000020, 9.301466, 0.999976
 29.3700, 9.045819, 0.999986, 9.640085, 1.000020, 9.301376, 0.999976
 29.3800, 9.045767, 0.999986, 9.640159, 1.000019, 9.301287, 0.999977
 29.3900, 9.045716, 0.999987, 9.640232, 1.000019, 9.301201, 0.999977
 29.4000, 9.045666, 0.999987, 9.640303, 1.000019, 9.301117, 0.999978
 29.4100, 9.045618, 0.999987, 9.640373, 1.000018, 9.301037, 0.999979
 29.4200, 9.045570, 0.999988, 9.640441, 1.000018, 9.300960, 0.999980
 29.4300, 9.045524, 0.999988, 9.640508, 1.000017, 9.300888, 0.999981
 29.4400, 9.045479, 0.999988, 9.640572, 1.000017, 9.300820, 0.999983
 29.4500, 9.045435, 0.999989, 9.640634, 1.000016, 9.300758, 0.999984
 29.4600, 9.045394, 0.999989, 9.640694, 1.000016, 9.300702, 0.999986
 29.4700, 9.045353, 0.999990, 9.640751, 1.000015, 9.300652, 0.999988
 29.4800, 9.045315, 0.999990, 9.640806, 1.000014, 9.300609, 0.999989
 29.4900, 9.045278, 0.999990, 9.640858, 1.000013, 9.300572, 0.999991
 29.5000, 9.045243, 0.999991, 9.640907, 1.000013, 9.300543, 0.999993
 29.5100, 9.045210, 0.999991, 9.640953, 1.000012, 9.300522, 0.999995
 29.5200, 9.045178, 0.999992, 9.640996, 1.000011, 9.300508, 0.999997
 29.5300, 9.045149, 0.999993, 9.641036, 1.000010, 9.300502, 0.999999
 29.5400, 9.045122, 0.999993, 9.641073, 1.000009, 9.300504, 1.000002
 29.5500, 9.045097, 0.999994, 9.641106, 1.000008, 9.300514, 1.000004
 29.5600, 9.045074, 0.999994, 9.641137, 1.000008, 9.300532, 1.000006
 29.5700, 9.045054, 0.999995, 9.641164, 1.000007, 9.300557, 1.000008
 29.5800, 9.045036, 0.999995, 9.641187, 1.000006, 9.300591, 1.000010
 29.5900, 9.045020, 0.999996, 9.641208, 1.000005, 9.300633, 1.000012
 29.6000, 9.045006, 0.999997, 9.641225, 1.000004, 9.300682, 1.000014
 29.6100, 9.044995, 0.999997, 9.641239, 1.000003, 9.300738, 1.000016
 29.6200, 9.044987, 0.999998, 9.641250, 1.000002, 9.300801, 1.000018
 29.6300, 9.044981, 0.999999, 9.641257, 1.000002, 9.300871, 1.000019
 29.6400, 9.044978, 0.999999, 9.641262, 1.000001, 9.300948, 1.000021
 29.6500, 9.044977, 1.000000, 9.641263, 1.000000, 9.301030, 1.000023
 29.6600, 9.044980, 1.000001, 9.641262, 0.999999, 9.301118, 1.000024
 29.6700, 9.044984, 1.000002, 9.641257, 0.999998, 9.301211, 1.000025
 29.6800, 9.044992, 1.000002, 9.641250, 0.999998, 9.301308, 1.000026
 29.6900, 9.045003, 1.000003, 9.641240, 0.999997, 9.301410, 1.000027
 29.7000, 9.045016, 1.000004, 9.641228, 0.999996, 9.301515, 1.000028
 29.7100, 9.045032, 1.000005, 9.641214, 0.999996, 9.301623, 1.000029
 29.7200, 9.045051, 1.000005, 9.641197, 0.999995, 9.301733, 1.000029
 29.7300, 9.045073, 1.000006, 9.641178, 0.999995, 9.301845, 1.000030
 29.7400, 9.045097, 1.000007, 9.641157, 0.999994, 9.301958, 1.000030
 29.7500, 9.045125, 1.000008, 9.641135, 0.999994, 9.302071, 1.000030
 29.7600, 9.045155, 1.000008, 9.641110, 0.999993, 9.302185, 1.000030
 29.7700, 9.045188, 1.000009, 9.641084, 0.999993, 9.302297, 1.000030
 29.7800, 9.045224, 1.000010, 9.641057, 0.999993, 9.302409, 1.000029
 29.7900, 9.045263, 1.000011, 9.641029, 0.999992, 9.302518, 1.000029
 29.8000, 9.045305, 1.000011, 9.641000, 0.999992, 9.302625, 1.000028
 29.8100, 9.045349, 1.000012, 9.640970, 0.999992, 9.302728, 1.000027
 29.8200, 9.045397, 1.000013, 9.640939, 0.999992, 9.302828, 1.000026
 29.8300, 9.045446, 1.000014, 9.640907, 0.999992, 9.302924, 1.000025
 29.8400, 9.045499, 1.000014, 9.640875, 0.999992, 9.303015, 1.000023
 29.8500, 9.045554, 1.000015, 9.640843, 0.999991, 9.303101, 1.000022
 29.8600, 9.045611, 1.000016, 9.640811, 0.999991, 9.303181, 1.000020
 29.8700, 9.045671, 1.000016, 9.640779, 0.999992, 9.303255, 1.000019
 29.8800, 9.045733, 1.000017, 9.640747, 0.999992, 9.303323, 1.000017
 29.8900, 9.045798, 1.000017, 9.640716, 0.999992, 9.303384, 1.000015
 29.9000, 9.045864, 1.000018, 9.640684, 0.999992, 9.303438, 1.000013
 29.9100, 9.045933, 1.000018, 9.640654, 0.999992, 9.303484, 1.000011
 29.9200, 9.046003, 1.000019, 9.640624, 0.999992, 9.303523, 1.000009
 29.9300, 9.046076, 1.000019, 9.640595, 0.999992, 9.303554, 1.000007
 29.9400, 9.046150, 1.000020, 9.640567, 0.999993, 9.303577, 1.000005
 29.9500, 9.046226, 1.000020, 9.640539, 0.999993, 9.303593, 1.000003
 29.9600, 9.046303, 1.000021, 9.640513, 0.999993, 9.303600, 1.000001
 29.9700, 9.046382, 1.000021, 9.640488, 0.999993, 9.303599, 0.999999
 29.9800, 9.046461, 1.000021, 9.640464, 0.999994, 9.303591, 0.999997
 29.9900, 9.046542, 1.000022, 9.640441, 0.999994, 9.303575, 0.999995
