
WARNING  [INIT] : object name '1515A' does not follow strict naming rules and may not link correctly during load time
[2025-07-10 21:10:21.620] [console] [info] IEEE_8500node_fed::registering Input 
[2025-07-10 21:10:21.620] [console] [info] IEEE_8500node_fed::registering Input 
[2025-07-10 21:10:21.620] [console] [info] IEEE_8500node_fed::registering Input 
WARNING  [INIT] : last warning message was repeated 156 times
WARNING  [INIT] : switch objects may not behave properly under FBS!
WARNING  [INIT] : last warning message was repeated 36 times
WARNING  [INIT] : 193-46661 (id:5556) already has a link parented - this could give invalid answers in FBS!
WARNING  [INIT] : switch objects may not behave properly under FBS!
WARNING  [INIT] : 193-103041 (id:5559) already has a link parented - this could give invalid answers in FBS!
WARNING  [INIT] : switch objects may not behave properly under FBS!
[2025-07-10 21:10:21.689] [console] [debug] IEEE_8500node_fed (131073)[initializing]::Granting Initialization
[2025-07-10 21:10:21.689] [console] [debug] IEEE_8500node_fed (131073)[initializing]::Granted Time=-9223372036.854776
[2025-07-10 21:10:21.690] [console] [debug] IEEE_8500node_fed (131073)[executing]::Granting Execution
[2025-07-10 21:10:21.690] [console] [debug] IEEE_8500node_fed (131073)[0]::Granted Time=0
WARNING  [2000-09-01 12:00:00 PDT] : last warning message was repeated 1 times
WARNING  [2000-09-01 12:00:00 PDT] : Regulator VREG3 has phase A at the maximum tap value
WARNING  [2000-09-01 12:00:00 PDT] : Line:HVMV_Sub_connector is at 103.98% of its emergency rating on phase A!
WARNING  [2000-09-01 12:00:00 PDT] : Line:HVMV_Sub_connector is at 100.33% of its emergency rating on phase B!
WARNING  [2000-09-01 12:00:00 PDT] : Line:CAP_3 is at 103.93% of its emergency rating on phase A!
WARNING  [2000-09-01 12:00:00 PDT] : Line:CAP_3 is at 100.33% of its emergency rating on phase B!
WARNING  [2000-09-01 12:00:00 PDT] : Line:LN6351510-1 is at 104.99% of its emergency rating on phase C!
WARNING  [2000-09-01 12:00:00 PDT] : Line:Tpx227944551C0 is at 138.68% of its emergency rating on phase 1!
WARNING  [2000-09-01 12:00:00 PDT] : Line:Tpx227944551C0 is at 138.68% of its emergency rating on phase 2!
WARNING  [2000-09-01 12:00:00 PDT] : Line:Tpx227944551A0 is at 120.93% of its emergency rating on phase 1!
WARNING  [2000-09-01 12:00:00 PDT] : Line:Tpx227944551A0 is at 120.93% of its emergency rating on phase 2!
WARNING  [2000-09-01 12:00:00 PDT] : Line:Tpx227944551B0 is at 132.63% of its emergency rating on phase 1!
WARNING  [2000-09-01 12:00:00 PDT] : Line:Tpx227944551B0 is at 132.63% of its emergency rating on phase 2!
WARNING  [2000-09-01 12:00:00 PDT] : Regulator VREG3 has phase A at the maximum tap value
WARNING  [2000-09-01 12:00:00 PDT] : Line:LN6351510-1 is at 101.49% of its emergency rating on phase C!
WARNING  [2000-09-01 12:00:00 PDT] : Line:Tpx227944551C0 is at 142.90% of its emergency rating on phase 1!
WARNING  [2000-09-01 12:00:00 PDT] : Line:Tpx227944551C0 is at 142.90% of its emergency rating on phase 2!
WARNING  [2000-09-01 12:00:00 PDT] : Line:Tpx227944551A0 is at 123.47% of its emergency rating on phase 1!
WARNING  [2000-09-01 12:00:00 PDT] : Line:Tpx227944551A0 is at 123.47% of its emergency rating on phase 2!
WARNING  [2000-09-01 12:00:00 PDT] : Line:Tpx227944551B0 is at 135.14% of its emergency rating on phase 1!
WARNING  [2000-09-01 12:00:00 PDT] : Line:Tpx227944551B0 is at 135.14% of its emergency rating on phase 2!
WARNING  [2000-09-01 12:00:00 PDT] : Regulator VREG3 has phase A at the maximum tap value
WARNING  [2000-09-01 12:00:00 PDT] : Line:HVMV_Sub_connector is at 104.53% of its emergency rating on phase A!
WARNING  [2000-09-01 12:00:00 PDT] : Line:HVMV_Sub_connector is at 101.40% of its emergency rating on phase B!
WARNING  [2000-09-01 12:00:00 PDT] : Line:CAP_3 is at 104.48% of its emergency rating on phase A!
WARNING  [2000-09-01 12:00:00 PDT] : Line:CAP_3 is at 101.40% of its emergency rating on phase B!
WARNING  [2000-09-01 12:00:00 PDT] : Line:LN6351510-1 is at 109.61% of its emergency rating on phase C!
WARNING  [2000-09-01 12:00:00 PDT] : Line:Tpx227944551C0 is at 149.06% of its emergency rating on phase 1!
WARNING  [2000-09-01 12:00:00 PDT] : Line:Tpx227944551C0 is at 149.06% of its emergency rating on phase 2!
WARNING  [2000-09-01 12:00:00 PDT] : Line:Tpx227944551A0 is at 129.67% of its emergency rating on phase 1!
WARNING  [2000-09-01 12:00:00 PDT] : Line:Tpx227944551A0 is at 129.67% of its emergency rating on phase 2!
WARNING  [2000-09-01 12:00:00 PDT] : Line:Tpx227944551B0 is at 142.34% of its emergency rating on phase 1!
WARNING  [2000-09-01 12:00:00 PDT] : Line:Tpx227944551B0 is at 142.34% of its emergency rating on phase 2!
WARNING  [2000-09-01 12:00:00 PDT] : Regulator VREG3 has phase A at the maximum tap value
WARNING  [2000-09-01 12:00:00 PDT] : Line:HVMV_Sub_connector is at 105.84% of its emergency rating on phase A!
WARNING  [2000-09-01 12:00:00 PDT] : Line:HVMV_Sub_connector is at 102.68% of its emergency rating on phase B!
WARNING  [2000-09-01 12:00:00 PDT] : Line:CAP_3 is at 105.80% of its emergency rating on phase A!
WARNING  [2000-09-01 12:00:00 PDT] : Line:CAP_3 is at 102.68% of its emergency rating on phase B!
WARNING  [2000-09-01 12:00:00 PDT] : Line:LN6351510-1 is at 110.52% of its emergency rating on phase C!
WARNING  [2000-09-01 12:00:00 PDT] : Line:Tpx227944551C0 is at 149.91% of its emergency rating on phase 1!
WARNING  [2000-09-01 12:00:00 PDT] : Line:Tpx227944551C0 is at 149.91% of its emergency rating on phase 2!
WARNING  [2000-09-01 12:00:00 PDT] : Line:Tpx227944551A0 is at 130.64% of its emergency rating on phase 1!
WARNING  [2000-09-01 12:00:00 PDT] : Line:Tpx227944551A0 is at 130.64% of its emergency rating on phase 2!
WARNING  [2000-09-01 12:00:00 PDT] : Line:Tpx227944551B0 is at 143.55% of its emergency rating on phase 1!
WARNING  [2000-09-01 12:00:00 PDT] : Line:Tpx227944551B0 is at 143.55% of its emergency rating on phase 2!
WARNING  [2000-09-01 12:00:00 PDT] : Regulator VREG3 has phase A at the maximum tap value
WARNING  [2000-09-01 12:00:00 PDT] : Line:HVMV_Sub_connector is at 107.79% of its emergency rating on phase A!
WARNING  [2000-09-01 12:00:00 PDT] : Line:HVMV_Sub_connector is at 104.05% of its emergency rating on phase B!
WARNING  [2000-09-01 12:00:00 PDT] : Line:CAP_3 is at 107.74% of its emergency rating on phase A!
WARNING  [2000-09-01 12:00:00 PDT] : Line:CAP_3 is at 104.05% of its emergency rating on phase B!
WARNING  [2000-09-01 12:00:00 PDT] : Line:CAP_2 is at 101.23% of its emergency rating on phase A!
WARNING  [2000-09-01 12:00:00 PDT] : Line:CAP_2 is at 100.19% of its emergency rating on phase B!
WARNING  [2000-09-01 12:00:00 PDT] : Line:LN6351510-1 is at 110.34% of its emergency rating on phase C!
WARNING  [2000-09-01 12:00:00 PDT] : Line:Tpx227944551C0 is at 149.86% of its emergency rating on phase 1!
WARNING  [2000-09-01 12:00:00 PDT] : Line:Tpx227944551C0 is at 149.86% of its emergency rating on phase 2!
WARNING  [2000-09-01 12:00:00 PDT] : Line:Tpx227944551A0 is at 131.20% of its emergency rating on phase 1!
WARNING  [2000-09-01 12:00:00 PDT] : Line:Tpx227944551A0 is at 131.20% of its emergency rating on phase 2!
WARNING  [2000-09-01 12:00:00 PDT] : Line:Tpx227944551B0 is at 144.13% of its emergency rating on phase 1!
WARNING  [2000-09-01 12:00:00 PDT] : Line:Tpx227944551B0 is at 144.13% of its emergency rating on phase 2!
WARNING  [2000-09-01 12:00:00 PDT] : Regulator VREG3 has phase A at the maximum tap value
WARNING  [2000-09-01 12:00:00 PDT] : Line:HVMV_Sub_connector is at 108.09% of its emergency rating on phase A!
WARNING  [2000-09-01 12:00:00 PDT] : Line:HVMV_Sub_connector is at 104.32% of its emergency rating on phase B!
WARNING  [2000-09-01 12:00:00 PDT] : Line:CAP_3 is at 108.04% of its emergency rating on phase A!
WARNING  [2000-09-01 12:00:00 PDT] : Line:CAP_3 is at 104.32% of its emergency rating on phase B!
WARNING  [2000-09-01 12:00:00 PDT] : Line:CAP_2 is at 101.57% of its emergency rating on phase A!
WARNING  [2000-09-01 12:00:00 PDT] : Line:CAP_2 is at 100.49% of its emergency rating on phase B!
WARNING  [2000-09-01 12:00:00 PDT] : Line:LN6351510-1 is at 110.24% of its emergency rating on phase C!
WARNING  [2000-09-01 12:00:00 PDT] : Line:LN6290228-5 is at 100.10% of its emergency rating on phase A!
WARNING  [2000-09-01 12:00:00 PDT] : last warning message was repeated 1 times
WARNING  [2000-09-01 12:00:00 PDT] : Line:Tpx227944551C0 is at 149.80% of its emergency rating on phase 1!
WARNING  [2000-09-01 12:00:00 PDT] : Line:Tpx227944551C0 is at 149.80% of its emergency rating on phase 2!
WARNING  [2000-09-01 12:00:00 PDT] : Line:Tpx227944551A0 is at 131.34% of its emergency rating on phase 1!
WARNING  [2000-09-01 12:00:00 PDT] : Line:Tpx227944551A0 is at 131.34% of its emergency rating on phase 2!
WARNING  [2000-09-01 12:00:00 PDT] : Line:Tpx227944551B0 is at 144.29% of its emergency rating on phase 1!
WARNING  [2000-09-01 12:00:00 PDT] : Line:Tpx227944551B0 is at 144.29% of its emergency rating on phase 2!
WARNING  [2000-09-01 12:00:00 PDT] : Regulator VREG3 has phase A at the maximum tap value
WARNING  [2000-09-01 12:00:00 PDT] : Line:HVMV_Sub_connector is at 108.50% of its emergency rating on phase A!
WARNING  [2000-09-01 12:00:00 PDT] : Line:HVMV_Sub_connector is at 104.46% of its emergency rating on phase B!
WARNING  [2000-09-01 12:00:00 PDT] : Line:CAP_3 is at 108.45% of its emergency rating on phase A!
WARNING  [2000-09-01 12:00:00 PDT] : Line:CAP_3 is at 104.46% of its emergency rating on phase B!
WARNING  [2000-09-01 12:00:00 PDT] : Line:CAP_2 is at 101.97% of its emergency rating on phase A!
WARNING  [2000-09-01 12:00:00 PDT] : Line:CAP_2 is at 100.64% of its emergency rating on phase B!
WARNING  [2000-09-01 12:00:00 PDT] : Line:LN6351510-1 is at 110.10% of its emergency rating on phase C!
WARNING  [2000-09-01 12:00:00 PDT] : Line:LN6290228-5 is at 100.58% of its emergency rating on phase A!
WARNING  [2000-09-01 12:00:00 PDT] : last warning message was repeated 2 times
WARNING  [2000-09-01 12:00:00 PDT] : Line:Tpx227944551C0 is at 149.71% of its emergency rating on phase 1!
WARNING  [2000-09-01 12:00:00 PDT] : Line:Tpx227944551C0 is at 149.71% of its emergency rating on phase 2!
WARNING  [2000-09-01 12:00:00 PDT] : Line:Tpx227944551A0 is at 131.45% of its emergency rating on phase 1!
WARNING  [2000-09-01 12:00:00 PDT] : Line:Tpx227944551A0 is at 131.45% of its emergency rating on phase 2!
WARNING  [2000-09-01 12:00:00 PDT] : Line:Tpx227944551B0 is at 144.36% of its emergency rating on phase 1!
WARNING  [2000-09-01 12:00:00 PDT] : Line:Tpx227944551B0 is at 144.36% of its emergency rating on phase 2!
WARNING  [2000-09-01 12:00:00 PDT] : Regulator VREG3 has phase A at the maximum tap value
WARNING  [2000-09-01 12:00:00 PDT] : Line:HVMV_Sub_connector is at 108.58% of its emergency rating on phase A!
WARNING  [2000-09-01 12:00:00 PDT] : Line:HVMV_Sub_connector is at 104.51% of its emergency rating on phase B!
WARNING  [2000-09-01 12:00:00 PDT] : Line:CAP_3 is at 108.53% of its emergency rating on phase A!
WARNING  [2000-09-01 12:00:00 PDT] : Line:CAP_3 is at 104.51% of its emergency rating on phase B!
WARNING  [2000-09-01 12:00:00 PDT] : Line:CAP_2 is at 102.07% of its emergency rating on phase A!
WARNING  [2000-09-01 12:00:00 PDT] : Line:CAP_2 is at 100.69% of its emergency rating on phase B!
WARNING  [2000-09-01 12:00:00 PDT] : Line:LN6351510-1 is at 110.05% of its emergency rating on phase C!
WARNING  [2000-09-01 12:00:00 PDT] : Line:LN6350556-2 is at 100.03% of its emergency rating on phase A!
WARNING  [2000-09-01 12:00:00 PDT] : last warning message was repeated 5 times
WARNING  [2000-09-01 12:00:00 PDT] : Line:Tpx227944551C0 is at 149.68% of its emergency rating on phase 1!
WARNING  [2000-09-01 12:00:00 PDT] : Line:Tpx227944551C0 is at 149.68% of its emergency rating on phase 2!
WARNING  [2000-09-01 12:00:00 PDT] : Line:Tpx227944551A0 is at 131.49% of its emergency rating on phase 1!
WARNING  [2000-09-01 12:00:00 PDT] : Line:Tpx227944551A0 is at 131.49% of its emergency rating on phase 2!
WARNING  [2000-09-01 12:00:00 PDT] : Line:Tpx227944551B0 is at 144.39% of its emergency rating on phase 1!
WARNING  [2000-09-01 12:00:00 PDT] : Line:Tpx227944551B0 is at 144.39% of its emergency rating on phase 2!
Processing 2000-09-01 12:00:00 PDT...WARNING  [2000-09-01 12:00:00 PDT] : Regulator VREG3 has phase A at the maximum tap value
WARNING  [2000-09-01 12:00:00 PDT] : Line:HVMV_Sub_connector is at 108.68% of its emergency rating on phase A!
WARNING  [2000-09-01 12:00:00 PDT] : Line:HVMV_Sub_connector is at 104.51% of its emergency rating on phase B!
WARNING  [2000-09-01 12:00:00 PDT] : Line:CAP_3 is at 108.63% of its emergency rating on phase A!
WARNING  [2000-09-01 12:00:00 PDT] : Line:CAP_3 is at 104.51% of its emergency rating on phase B!
WARNING  [2000-09-01 12:00:00 PDT] : Line:CAP_2 is at 102.17% of its emergency rating on phase A!
WARNING  [2000-09-01 12:00:00 PDT] : Line:CAP_2 is at 100.70% of its emergency rating on phase B!
WARNING  [2000-09-01 12:00:00 PDT] : Line:LN6351510-1 is at 110.01% of its emergency rating on phase C!
WARNING  [2000-09-01 12:00:00 PDT] : Line:LN6350556-2 is at 100.15% of its emergency rating on phase A!
WARNING  [2000-09-01 12:00:00 PDT] : last warning message was repeated 5 times
WARNING  [2000-09-01 12:00:00 PDT] : Line:Tpx227944551C0 is at 149.66% of its emergency rating on phase 1!
WARNING  [2000-09-01 12:00:00 PDT] : Line:Tpx227944551C0 is at 149.66% of its emergency rating on phase 2!
WARNING  [2000-09-01 12:00:00 PDT] : Line:Tpx227944551A0 is at 131.51% of its emergency rating on phase 1!
WARNING  [2000-09-01 12:00:00 PDT] : Line:Tpx227944551A0 is at 131.51% of its emergency rating on phase 2!
WARNING  [2000-09-01 12:00:00 PDT] : Line:Tpx227944551B0 is at 144.40% of its emergency rating on phase 1!
WARNING  [2000-09-01 12:00:00 PDT] : Line:Tpx227944551B0 is at 144.40% of its emergency rating on phase 2!
WARNING  [2000-09-01 12:00:00 PDT] : Regulator VREG3 has phase A at the maximum tap value
WARNING  [2000-09-01 12:00:00 PDT] : Line:HVMV_Sub_connector is at 108.71% of its emergency rating on phase A!
WARNING  [2000-09-01 12:00:00 PDT] : Line:HVMV_Sub_connector is at 104.51% of its emergency rating on phase B!
WARNING  [2000-09-01 12:00:00 PDT] : Line:CAP_3 is at 108.66% of its emergency rating on phase A!
WARNING  [2000-09-01 12:00:00 PDT] : Line:CAP_3 is at 104.51% of its emergency rating on phase B!
WARNING  [2000-09-01 12:00:00 PDT] : Line:CAP_2 is at 102.20% of its emergency rating on phase A!
WARNING  [2000-09-01 12:00:00 PDT] : Line:CAP_2 is at 100.70% of its emergency rating on phase B!
WARNING  [2000-09-01 12:00:00 PDT] : Line:LN6351510-1 is at 110.00% of its emergency rating on phase C!
WARNING  [2000-09-01 12:00:00 PDT] : Line:LN6350556-2 is at 100.19% of its emergency rating on phase A!
WARNING  [2000-09-01 12:00:00 PDT] : last warning message was repeated 5 times
WARNING  [2000-09-01 12:00:00 PDT] : Line:Tpx227944551C0 is at 149.65% of its emergency rating on phase 1!
WARNING  [2000-09-01 12:00:00 PDT] : Line:Tpx227944551C0 is at 149.65% of its emergency rating on phase 2!
WARNING  [2000-09-01 12:00:00 PDT] : Line:Tpx227944551A0 is at 131.52% of its emergency rating on phase 1!
WARNING  [2000-09-01 12:00:00 PDT] : Line:Tpx227944551A0 is at 131.52% of its emergency rating on phase 2!
WARNING  [2000-09-01 12:00:00 PDT] : Line:Tpx227944551B0 is at 144.40% of its emergency rating on phase 1!
WARNING  [2000-09-01 12:00:00 PDT] : Line:Tpx227944551B0 is at 144.40% of its emergency rating on phase 2!
WARNING  [2000-09-01 12:00:00 PDT] : Regulator VREG3 has phase A at the maximum tap value
WARNING  [2000-09-01 12:00:00 PDT] : Line:HVMV_Sub_connector is at 108.74% of its emergency rating on phase A!
WARNING  [2000-09-01 12:00:00 PDT] : Line:HVMV_Sub_connector is at 104.51% of its emergency rating on phase B!
WARNING  [2000-09-01 12:00:00 PDT] : Line:CAP_3 is at 108.69% of its emergency rating on phase A!
WARNING  [2000-09-01 12:00:00 PDT] : Line:CAP_3 is at 104.51% of its emergency rating on phase B!
WARNING  [2000-09-01 12:00:00 PDT] : Line:CAP_2 is at 102.22% of its emergency rating on phase A!
WARNING  [2000-09-01 12:00:00 PDT] : Line:CAP_2 is at 100.69% of its emergency rating on phase B!
WARNING  [2000-09-01 12:00:00 PDT] : Line:LN6351510-1 is at 109.99% of its emergency rating on phase C!
WARNING  [2000-09-01 12:00:00 PDT] : Line:LN6350556-2 is at 100.23% of its emergency rating on phase A!
WARNING  [2000-09-01 12:00:00 PDT] : last warning message was repeated 5 times
WARNING  [2000-09-01 12:00:00 PDT] : Line:Tpx227944551C0 is at 149.65% of its emergency rating on phase 1!
WARNING  [2000-09-01 12:00:00 PDT] : Line:Tpx227944551C0 is at 149.65% of its emergency rating on phase 2!
WARNING  [2000-09-01 12:00:00 PDT] : Line:Tpx227944551A0 is at 131.53% of its emergency rating on phase 1!
WARNING  [2000-09-01 12:00:00 PDT] : Line:Tpx227944551A0 is at 131.53% of its emergency rating on phase 2!
WARNING  [2000-09-01 12:00:00 PDT] : Line:Tpx227944551B0 is at 144.40% of its emergency rating on phase 1!
WARNING  [2000-09-01 12:00:00 PDT] : Line:Tpx227944551B0 is at 144.40% of its emergency rating on phase 2!
WARNING  [2000-09-01 12:00:00 PDT] : Regulator VREG3 has phase A at the maximum tap value
WARNING  [2000-09-01 12:00:00 PDT] : Line:HVMV_Sub_connector is at 108.75% of its emergency rating on phase A!
WARNING  [2000-09-01 12:00:00 PDT] : Line:HVMV_Sub_connector is at 104.50% of its emergency rating on phase B!
WARNING  [2000-09-01 12:00:00 PDT] : Line:CAP_3 is at 108.70% of its emergency rating on phase A!
WARNING  [2000-09-01 12:00:00 PDT] : Line:CAP_3 is at 104.50% of its emergency rating on phase B!
WARNING  [2000-09-01 12:00:00 PDT] : Line:CAP_2 is at 102.23% of its emergency rating on phase A!
WARNING  [2000-09-01 12:00:00 PDT] : Line:CAP_2 is at 100.69% of its emergency rating on phase B!
WARNING  [2000-09-01 12:00:00 PDT] : Line:LN6351510-1 is at 109.99% of its emergency rating on phase C!
WARNING  [2000-09-01 12:00:00 PDT] : Line:LN6350556-2 is at 100.24% of its emergency rating on phase A!
WARNING  [2000-09-01 12:00:00 PDT] : last warning message was repeated 5 times
WARNING  [2000-09-01 12:00:00 PDT] : Line:Tpx227944551C0 is at 149.64% of its emergency rating on phase 1!
WARNING  [2000-09-01 12:00:00 PDT] : Line:Tpx227944551C0 is at 149.64% of its emergency rating on phase 2!
WARNING  [2000-09-01 12:00:00 PDT] : Line:Tpx227944551A0 is at 131.54% of its emergency rating on phase 1!
WARNING  [2000-09-01 12:00:00 PDT] : Line:Tpx227944551A0 is at 131.54% of its emergency rating on phase 2!
WARNING  [2000-09-01 12:00:00 PDT] : Line:Tpx227944551B0 is at 144.40% of its emergency rating on phase 1!
WARNING  [2000-09-01 12:00:00 PDT] : Line:Tpx227944551B0 is at 144.40% of its emergency rating on phase 2!
WARNING  [2000-09-01 12:00:00 PDT] : Regulator VREG3 has phase A at the maximum tap value
WARNING  [2000-09-01 12:00:00 PDT] : Line:HVMV_Sub_connector is at 108.75% of its emergency rating on phase A!
WARNING  [2000-09-01 12:00:00 PDT] : Line:HVMV_Sub_connector is at 104.50% of its emergency rating on phase B!
WARNING  [2000-09-01 12:00:00 PDT] : Line:CAP_3 is at 108.71% of its emergency rating on phase A!
WARNING  [2000-09-01 12:00:00 PDT] : Line:CAP_3 is at 104.50% of its emergency rating on phase B!
WARNING  [2000-09-01 12:00:00 PDT] : Line:CAP_2 is at 102.24% of its emergency rating on phase A!
WARNING  [2000-09-01 12:00:00 PDT] : Line:CAP_2 is at 100.69% of its emergency rating on phase B!
WARNING  [2000-09-01 12:00:00 PDT] : Line:LN6351510-1 is at 109.99% of its emergency rating on phase C!
WARNING  [2000-09-01 12:00:00 PDT] : Line:LN6350556-2 is at 100.25% of its emergency rating on phase A!
WARNING  [2000-09-01 12:00:00 PDT] : last warning message was repeated 5 times
WARNING  [2000-09-01 12:00:00 PDT] : Line:Tpx227944551C0 is at 149.64% of its emergency rating on phase 1!
WARNING  [2000-09-01 12:00:00 PDT] : Line:Tpx227944551C0 is at 149.64% of its emergency rating on phase 2!
WARNING  [2000-09-01 12:00:00 PDT] : Line:Tpx227944551A0 is at 131.54% of its emergency rating on phase 1!
WARNING  [2000-09-01 12:00:00 PDT] : Line:Tpx227944551A0 is at 131.54% of its emergency rating on phase 2!
WARNING  [2000-09-01 12:00:00 PDT] : Line:Tpx227944551B0 is at 144.40% of its emergency rating on phase 1!
WARNING  [2000-09-01 12:00:00 PDT] : Line:Tpx227944551B0 is at 144.40% of its emergency rating on phase 2!
WARNING  [2000-09-01 12:00:00 PDT] : Regulator VREG3 has phase A at the maximum tap value
WARNING  [2000-09-01 12:00:00 PDT] : Line:HVMV_Sub_connector is at 108.76% of its emergency rating on phase A!
WARNING  [2000-09-01 12:00:00 PDT] : Line:HVMV_Sub_connector is at 104.50% of its emergency rating on phase B!
WARNING  [2000-09-01 12:00:00 PDT] : Line:CAP_3 is at 108.71% of its emergency rating on phase A!
WARNING  [2000-09-01 12:00:00 PDT] : Line:CAP_3 is at 104.50% of its emergency rating on phase B!
WARNING  [2000-09-01 12:00:00 PDT] : Line:CAP_2 is at 102.25% of its emergency rating on phase A!
WARNING  [2000-09-01 12:00:00 PDT] : Line:CAP_2 is at 100.69% of its emergency rating on phase B!
WARNING  [2000-09-01 12:00:00 PDT] : Line:LN6351510-1 is at 109.99% of its emergency rating on phase C!
WARNING  [2000-09-01 12:00:00 PDT] : Line:LN6350556-2 is at 100.26% of its emergency rating on phase A!
WARNING  [2000-09-01 12:00:00 PDT] : last warning message was repeated 5 times
WARNING  [2000-09-01 12:00:00 PDT] : Line:Tpx227944551C0 is at 149.64% of its emergency rating on phase 1!
WARNING  [2000-09-01 12:00:00 PDT] : Line:Tpx227944551C0 is at 149.64% of its emergency rating on phase 2!
WARNING  [2000-09-01 12:00:00 PDT] : Line:Tpx227944551A0 is at 131.54% of its emergency rating on phase 1!
WARNING  [2000-09-01 12:00:00 PDT] : Line:Tpx227944551A0 is at 131.54% of its emergency rating on phase 2!
WARNING  [2000-09-01 12:00:00 PDT] : Line:Tpx227944551B0 is at 144.40% of its emergency rating on phase 1!
WARNING  [2000-09-01 12:00:00 PDT] : Line:Tpx227944551B0 is at 144.40% of its emergency rating on phase 2!
[2025-07-10 21:10:22.262] [console] [debug] IEEE_8500node_fed[0]::setting value for gld_hlc_conn/Sa size 24
[2025-07-10 21:10:22.262] [console] [debug] IEEE_8500node_fed[0]::setting value for gld_hlc_conn/Sb size 24
[2025-07-10 21:10:22.262] [console] [debug] IEEE_8500node_fed[0]::setting value for gld_hlc_conn/Sc size 24
[2025-07-10 21:10:22.265] [console] [debug] IEEE_8500node_fed (131073)[0]::receive PUBLICATION pub:From (131072) handle(3) size 0 at 0 to 131073 from gridpack/Va
[2025-07-10 21:10:22.265] [console] [debug] IEEE_8500node_fed (131073)[0]::receive PUBLICATION pub:From (131072) handle(4) size 0 at 0 to 131073 from gridpack/Vb
[2025-07-10 21:10:22.265] [console] [debug] IEEE_8500node_fed (131073)[0]::receive PUBLICATION pub:From (131072) handle(5) size 0 at 0 to 131073 from gridpack/Vc
[2025-07-10 21:10:22.265] [console] [debug] IEEE_8500node_fed (131073)[1]::Granted Time=1
WARNING  [2000-09-01 12:00:01 PDT] : Regulator VREG3 has phase A at the maximum tap value
WARNING  [2000-09-01 12:00:01 PDT] : Line:HVMV_Sub_connector is at 108.76% of its emergency rating on phase A!
WARNING  [2000-09-01 12:00:01 PDT] : Line:HVMV_Sub_connector is at 104.50% of its emergency rating on phase B!
WARNING  [2000-09-01 12:00:01 PDT] : Line:CAP_3 is at 108.71% of its emergency rating on phase A!
WARNING  [2000-09-01 12:00:01 PDT] : Line:CAP_3 is at 104.50% of its emergency rating on phase B!
WARNING  [2000-09-01 12:00:01 PDT] : Line:CAP_2 is at 102.25% of its emergency rating on phase A!
WARNING  [2000-09-01 12:00:01 PDT] : Line:CAP_2 is at 100.68% of its emergency rating on phase B!
WARNING  [2000-09-01 12:00:01 PDT] : Line:LN6351510-1 is at 109.99% of its emergency rating on phase C!
WARNING  [2000-09-01 12:00:01 PDT] : Line:LN6350556-2 is at 100.26% of its emergency rating on phase A!
WARNING  [2000-09-01 12:00:01 PDT] : last warning message was repeated 5 times
WARNING  [2000-09-01 12:00:01 PDT] : Line:Tpx227944551C0 is at 149.64% of its emergency rating on phase 1!
WARNING  [2000-09-01 12:00:01 PDT] : Line:Tpx227944551C0 is at 149.64% of its emergency rating on phase 2!
WARNING  [2000-09-01 12:00:01 PDT] : Line:Tpx227944551A0 is at 131.54% of its emergency rating on phase 1!
WARNING  [2000-09-01 12:00:01 PDT] : Line:Tpx227944551A0 is at 131.54% of its emergency rating on phase 2!
WARNING  [2000-09-01 12:00:01 PDT] : Line:Tpx227944551B0 is at 144.40% of its emergency rating on phase 1!
WARNING  [2000-09-01 12:00:01 PDT] : Line:Tpx227944551B0 is at 144.40% of its emergency rating on phase 2!
WARNING  [2000-09-01 12:00:01 PDT] : Regulator VREG3 has phase A at the maximum tap value
WARNING  [2000-09-01 12:00:01 PDT] : Line:HVMV_Sub_connector is at 109.08% of its emergency rating on phase A!
WARNING  [2000-09-01 12:00:01 PDT] : Line:HVMV_Sub_connector is at 104.83% of its emergency rating on phase B!
WARNING  [2000-09-01 12:00:01 PDT] : Line:CAP_3 is at 109.04% of its emergency rating on phase A!
WARNING  [2000-09-01 12:00:01 PDT] : Line:CAP_3 is at 104.83% of its emergency rating on phase B!
WARNING  [2000-09-01 12:00:01 PDT] : Line:CAP_2 is at 102.56% of its emergency rating on phase A!
WARNING  [2000-09-01 12:00:01 PDT] : Line:CAP_2 is at 101.01% of its emergency rating on phase B!
WARNING  [2000-09-01 12:00:01 PDT] : Line:LN6351510-1 is at 110.16% of its emergency rating on phase C!
WARNING  [2000-09-01 12:00:01 PDT] : Line:LN6350556-2 is at 100.62% of its emergency rating on phase A!
WARNING  [2000-09-01 12:00:01 PDT] : last warning message was repeated 5 times
WARNING  [2000-09-01 12:00:01 PDT] : Line:Tpx227944551C0 is at 149.74% of its emergency rating on phase 1!
WARNING  [2000-09-01 12:00:01 PDT] : Line:Tpx227944551C0 is at 149.74% of its emergency rating on phase 2!
WARNING  [2000-09-01 12:00:01 PDT] : Line:Tpx227944551A0 is at 131.63% of its emergency rating on phase 1!
WARNING  [2000-09-01 12:00:01 PDT] : Line:Tpx227944551A0 is at 131.63% of its emergency rating on phase 2!
WARNING  [2000-09-01 12:00:01 PDT] : Line:Tpx227944551B0 is at 144.50% of its emergency rating on phase 1!
WARNING  [2000-09-01 12:00:01 PDT] : Line:Tpx227944551B0 is at 144.50% of its emergency rating on phase 2!
WARNING  [2000-09-01 12:00:01 PDT] : Regulator VREG3 has phase A at the maximum tap value
WARNING  [2000-09-01 12:00:01 PDT] : Line:HVMV_Sub_connector is at 108.77% of its emergency rating on phase A!
WARNING  [2000-09-01 12:00:01 PDT] : Line:HVMV_Sub_connector is at 104.49% of its emergency rating on phase B!
WARNING  [2000-09-01 12:00:01 PDT] : Line:CAP_3 is at 108.72% of its emergency rating on phase A!
WARNING  [2000-09-01 12:00:01 PDT] : Line:CAP_3 is at 104.49% of its emergency rating on phase B!
WARNING  [2000-09-01 12:00:01 PDT] : Line:CAP_2 is at 102.27% of its emergency rating on phase A!
WARNING  [2000-09-01 12:00:01 PDT] : Line:CAP_2 is at 100.69% of its emergency rating on phase B!
WARNING  [2000-09-01 12:00:01 PDT] : Line:LN6351510-1 is at 110.00% of its emergency rating on phase C!
WARNING  [2000-09-01 12:00:01 PDT] : Line:LN6350556-2 is at 100.29% of its emergency rating on phase A!
WARNING  [2000-09-01 12:00:01 PDT] : last warning message was repeated 5 times
WARNING  [2000-09-01 12:00:01 PDT] : Line:Tpx227944551C0 is at 149.65% of its emergency rating on phase 1!
WARNING  [2000-09-01 12:00:01 PDT] : Line:Tpx227944551C0 is at 149.65% of its emergency rating on phase 2!
WARNING  [2000-09-01 12:00:01 PDT] : Line:Tpx227944551A0 is at 131.56% of its emergency rating on phase 1!
WARNING  [2000-09-01 12:00:01 PDT] : Line:Tpx227944551A0 is at 131.56% of its emergency rating on phase 2!
WARNING  [2000-09-01 12:00:01 PDT] : Line:Tpx227944551B0 is at 144.41% of its emergency rating on phase 1!
WARNING  [2000-09-01 12:00:01 PDT] : Line:Tpx227944551B0 is at 144.41% of its emergency rating on phase 2!
WARNING  [2000-09-01 12:00:01 PDT] : Regulator VREG3 has phase A at the maximum tap value
WARNING  [2000-09-01 12:00:01 PDT] : Line:HVMV_Sub_connector is at 108.81% of its emergency rating on phase A!
WARNING  [2000-09-01 12:00:01 PDT] : Line:HVMV_Sub_connector is at 104.53% of its emergency rating on phase B!
WARNING  [2000-09-01 12:00:01 PDT] : Line:CAP_3 is at 108.76% of its emergency rating on phase A!
WARNING  [2000-09-01 12:00:01 PDT] : Line:CAP_3 is at 104.53% of its emergency rating on phase B!
WARNING  [2000-09-01 12:00:01 PDT] : Line:CAP_2 is at 102.30% of its emergency rating on phase A!
WARNING  [2000-09-01 12:00:01 PDT] : Line:CAP_2 is at 100.72% of its emergency rating on phase B!
WARNING  [2000-09-01 12:00:01 PDT] : Line:LN6351510-1 is at 109.98% of its emergency rating on phase C!
WARNING  [2000-09-01 12:00:01 PDT] : Line:LN6350556-2 is at 100.32% of its emergency rating on phase A!
WARNING  [2000-09-01 12:00:01 PDT] : last warning message was repeated 5 times
WARNING  [2000-09-01 12:00:01 PDT] : Line:Tpx227944551C0 is at 149.64% of its emergency rating on phase 1!
WARNING  [2000-09-01 12:00:01 PDT] : Line:Tpx227944551C0 is at 149.64% of its emergency rating on phase 2!
WARNING  [2000-09-01 12:00:01 PDT] : Line:Tpx227944551A0 is at 131.55% of its emergency rating on phase 1!
WARNING  [2000-09-01 12:00:01 PDT] : Line:Tpx227944551A0 is at 131.55% of its emergency rating on phase 2!
WARNING  [2000-09-01 12:00:01 PDT] : Line:Tpx227944551B0 is at 144.41% of its emergency rating on phase 1!
WARNING  [2000-09-01 12:00:01 PDT] : Line:Tpx227944551B0 is at 144.41% of its emergency rating on phase 2!
WARNING  [2000-09-01 12:00:01 PDT] : Regulator VREG3 has phase A at the maximum tap value
WARNING  [2000-09-01 12:00:01 PDT] : Line:HVMV_Sub_connector is at 108.77% of its emergency rating on phase A!
WARNING  [2000-09-01 12:00:01 PDT] : Line:HVMV_Sub_connector is at 104.50% of its emergency rating on phase B!
WARNING  [2000-09-01 12:00:01 PDT] : Line:CAP_3 is at 108.72% of its emergency rating on phase A!
WARNING  [2000-09-01 12:00:01 PDT] : Line:CAP_3 is at 104.50% of its emergency rating on phase B!
WARNING  [2000-09-01 12:00:01 PDT] : Line:CAP_2 is at 102.26% of its emergency rating on phase A!
WARNING  [2000-09-01 12:00:01 PDT] : Line:CAP_2 is at 100.68% of its emergency rating on phase B!
WARNING  [2000-09-01 12:00:01 PDT] : Line:LN6351510-1 is at 109.99% of its emergency rating on phase C!
WARNING  [2000-09-01 12:00:01 PDT] : Line:LN6350556-2 is at 100.27% of its emergency rating on phase A!
WARNING  [2000-09-01 12:00:01 PDT] : last warning message was repeated 5 times
WARNING  [2000-09-01 12:00:01 PDT] : Line:Tpx227944551C0 is at 149.64% of its emergency rating on phase 1!
WARNING  [2000-09-01 12:00:01 PDT] : Line:Tpx227944551C0 is at 149.64% of its emergency rating on phase 2!
WARNING  [2000-09-01 12:00:01 PDT] : Line:Tpx227944551A0 is at 131.54% of its emergency rating on phase 1!
WARNING  [2000-09-01 12:00:01 PDT] : Line:Tpx227944551A0 is at 131.54% of its emergency rating on phase 2!
WARNING  [2000-09-01 12:00:01 PDT] : Line:Tpx227944551B0 is at 144.40% of its emergency rating on phase 1!
WARNING  [2000-09-01 12:00:01 PDT] : Line:Tpx227944551B0 is at 144.40% of its emergency rating on phase 2!
WARNING  [2000-09-01 12:00:01 PDT] : Regulator VREG3 has phase A at the maximum tap value
WARNING  [2000-09-01 12:00:01 PDT] : Line:HVMV_Sub_connector is at 108.77% of its emergency rating on phase A!
WARNING  [2000-09-01 12:00:01 PDT] : Line:HVMV_Sub_connector is at 104.50% of its emergency rating on phase B!
WARNING  [2000-09-01 12:00:01 PDT] : Line:CAP_3 is at 108.73% of its emergency rating on phase A!
WARNING  [2000-09-01 12:00:01 PDT] : Line:CAP_3 is at 104.50% of its emergency rating on phase B!
WARNING  [2000-09-01 12:00:01 PDT] : Line:CAP_2 is at 102.26% of its emergency rating on phase A!
WARNING  [2000-09-01 12:00:01 PDT] : Line:CAP_2 is at 100.68% of its emergency rating on phase B!
WARNING  [2000-09-01 12:00:01 PDT] : Line:LN6351510-1 is at 109.98% of its emergency rating on phase C!
WARNING  [2000-09-01 12:00:01 PDT] : Line:LN6350556-2 is at 100.28% of its emergency rating on phase A!
WARNING  [2000-09-01 12:00:01 PDT] : last warning message was repeated 5 times
WARNING  [2000-09-01 12:00:01 PDT] : Line:Tpx227944551C0 is at 149.64% of its emergency rating on phase 1!
WARNING  [2000-09-01 12:00:01 PDT] : Line:Tpx227944551C0 is at 149.64% of its emergency rating on phase 2!
WARNING  [2000-09-01 12:00:01 PDT] : Line:Tpx227944551A0 is at 131.55% of its emergency rating on phase 1!
WARNING  [2000-09-01 12:00:01 PDT] : Line:Tpx227944551A0 is at 131.55% of its emergency rating on phase 2!
WARNING  [2000-09-01 12:00:01 PDT] : Line:Tpx227944551B0 is at 144.40% of its emergency rating on phase 1!
WARNING  [2000-09-01 12:00:01 PDT] : Line:Tpx227944551B0 is at 144.40% of its emergency rating on phase 2!
WARNING  [2000-09-01 12:00:01 PDT] : Regulator VREG3 has phase A at the maximum tap value
WARNING  [2000-09-01 12:00:01 PDT] : Line:HVMV_Sub_connector is at 108.77% of its emergency rating on phase A!
WARNING  [2000-09-01 12:00:01 PDT] : Line:HVMV_Sub_connector is at 104.49% of its emergency rating on phase B!
WARNING  [2000-09-01 12:00:01 PDT] : Line:CAP_3 is at 108.72% of its emergency rating on phase A!
WARNING  [2000-09-01 12:00:01 PDT] : Line:CAP_3 is at 104.49% of its emergency rating on phase B!
WARNING  [2000-09-01 12:00:01 PDT] : Line:CAP_2 is at 102.25% of its emergency rating on phase A!
WARNING  [2000-09-01 12:00:01 PDT] : Line:CAP_2 is at 100.68% of its emergency rating on phase B!
WARNING  [2000-09-01 12:00:01 PDT] : Line:LN6351510-1 is at 109.99% of its emergency rating on phase C!
WARNING  [2000-09-01 12:00:01 PDT] : Line:LN6350556-2 is at 100.27% of its emergency rating on phase A!
WARNING  [2000-09-01 12:00:01 PDT] : last warning message was repeated 5 times
WARNING  [2000-09-01 12:00:01 PDT] : Line:Tpx227944551C0 is at 149.64% of its emergency rating on phase 1!
WARNING  [2000-09-01 12:00:01 PDT] : Line:Tpx227944551C0 is at 149.64% of its emergency rating on phase 2!
WARNING  [2000-09-01 12:00:01 PDT] : Line:Tpx227944551A0 is at 131.54% of its emergency rating on phase 1!
WARNING  [2000-09-01 12:00:01 PDT] : Line:Tpx227944551A0 is at 131.54% of its emergency rating on phase 2!
WARNING  [2000-09-01 12:00:01 PDT] : Line:Tpx227944551B0 is at 144.40% of its emergency rating on phase 1!
WARNING  [2000-09-01 12:00:01 PDT] : Line:Tpx227944551B0 is at 144.40% of its emergency rating on phase 2!
WARNING  [2000-09-01 12:00:01 PDT] : Regulator VREG3 has phase A at the maximum tap value
WARNING  [2000-09-01 12:00:01 PDT] : Line:HVMV_Sub_connector is at 108.77% of its emergency rating on phase A!
WARNING  [2000-09-01 12:00:01 PDT] : Line:HVMV_Sub_connector is at 104.49% of its emergency rating on phase B!
WARNING  [2000-09-01 12:00:01 PDT] : Line:CAP_3 is at 108.72% of its emergency rating on phase A!
WARNING  [2000-09-01 12:00:01 PDT] : Line:CAP_3 is at 104.49% of its emergency rating on phase B!
WARNING  [2000-09-01 12:00:01 PDT] : Line:CAP_2 is at 102.26% of its emergency rating on phase A!
WARNING  [2000-09-01 12:00:01 PDT] : Line:CAP_2 is at 100.68% of its emergency rating on phase B!
WARNING  [2000-09-01 12:00:01 PDT] : Line:LN6351510-1 is at 109.99% of its emergency rating on phase C!
WARNING  [2000-09-01 12:00:01 PDT] : Line:LN6350556-2 is at 100.27% of its emergency rating on phase A!
WARNING  [2000-09-01 12:00:01 PDT] : last warning message was repeated 5 times
WARNING  [2000-09-01 12:00:01 PDT] : Line:Tpx227944551C0 is at 149.64% of its emergency rating on phase 1!
WARNING  [2000-09-01 12:00:01 PDT] : Line:Tpx227944551C0 is at 149.64% of its emergency rating on phase 2!
WARNING  [2000-09-01 12:00:01 PDT] : Line:Tpx227944551A0 is at 131.54% of its emergency rating on phase 1!
WARNING  [2000-09-01 12:00:01 PDT] : Line:Tpx227944551A0 is at 131.54% of its emergency rating on phase 2!
WARNING  [2000-09-01 12:00:01 PDT] : Line:Tpx227944551B0 is at 144.39% of its emergency rating on phase 1!
WARNING  [2000-09-01 12:00:01 PDT] : Line:Tpx227944551B0 is at 144.39% of its emergency rating on phase 2!
[2025-07-10 21:10:22.617] [console] [debug] IEEE_8500node_fed[1]::setting value for gld_hlc_conn/Sa size 24
[2025-07-10 21:10:22.617] [console] [debug] IEEE_8500node_fed[1]::setting value for gld_hlc_conn/Sb size 24
[2025-07-10 21:10:22.617] [console] [debug] IEEE_8500node_fed[1]::setting value for gld_hlc_conn/Sc size 24
[2025-07-10 21:10:22.761] [console] [debug] IEEE_8500node_fed (131073)[1]::receive PUBLICATION pub:From (131072) handle(3) size 0 at 1 to 131073 from gridpack/Va
[2025-07-10 21:10:22.761] [console] [debug] IEEE_8500node_fed (131073)[1]::receive PUBLICATION pub:From (131072) handle(4) size 0 at 1 to 131073 from gridpack/Vb
[2025-07-10 21:10:22.761] [console] [debug] IEEE_8500node_fed (131073)[1]::receive PUBLICATION pub:From (131072) handle(5) size 0 at 1 to 131073 from gridpack/Vc
[2025-07-10 21:10:22.761] [console] [debug] IEEE_8500node_fed (131073)[2]::Granted Time=2
WARNING  [2000-09-01 12:00:02 PDT] : Regulator VREG3 has phase A at the maximum tap value
WARNING  [2000-09-01 12:00:02 PDT] : Line:HVMV_Sub_connector is at 108.76% of its emergency rating on phase A!
WARNING  [2000-09-01 12:00:02 PDT] : Line:HVMV_Sub_connector is at 104.49% of its emergency rating on phase B!
WARNING  [2000-09-01 12:00:02 PDT] : Line:CAP_3 is at 108.72% of its emergency rating on phase A!
WARNING  [2000-09-01 12:00:02 PDT] : Line:CAP_3 is at 104.49% of its emergency rating on phase B!
WARNING  [2000-09-01 12:00:02 PDT] : Line:CAP_2 is at 102.25% of its emergency rating on phase A!
WARNING  [2000-09-01 12:00:02 PDT] : Line:CAP_2 is at 100.68% of its emergency rating on phase B!
WARNING  [2000-09-01 12:00:02 PDT] : Line:LN6351510-1 is at 109.99% of its emergency rating on phase C!
WARNING  [2000-09-01 12:00:02 PDT] : Line:LN6350556-2 is at 100.27% of its emergency rating on phase A!
WARNING  [2000-09-01 12:00:02 PDT] : last warning message was repeated 5 times
WARNING  [2000-09-01 12:00:02 PDT] : Line:Tpx227944551C0 is at 149.64% of its emergency rating on phase 1!
WARNING  [2000-09-01 12:00:02 PDT] : Line:Tpx227944551C0 is at 149.64% of its emergency rating on phase 2!
WARNING  [2000-09-01 12:00:02 PDT] : Line:Tpx227944551A0 is at 131.54% of its emergency rating on phase 1!
WARNING  [2000-09-01 12:00:02 PDT] : Line:Tpx227944551A0 is at 131.54% of its emergency rating on phase 2!
WARNING  [2000-09-01 12:00:02 PDT] : Line:Tpx227944551B0 is at 144.39% of its emergency rating on phase 1!
WARNING  [2000-09-01 12:00:02 PDT] : Line:Tpx227944551B0 is at 144.39% of its emergency rating on phase 2!
WARNING  [2000-09-01 12:00:02 PDT] : Regulator VREG3 has phase A at the maximum tap value
WARNING  [2000-09-01 12:00:02 PDT] : Line:HVMV_Sub_connector is at 117.76% of its emergency rating on phase A!
WARNING  [2000-09-01 12:00:02 PDT] : Line:HVMV_Sub_connector is at 113.93% of its emergency rating on phase B!
WARNING  [2000-09-01 12:00:02 PDT] : Line:HVMV_Sub_connector is at 103.15% of its emergency rating on phase C!
WARNING  [2000-09-01 12:00:02 PDT] : Line:LN5710794-3 is at 100.19% of its emergency rating on phase A!
WARNING  [2000-09-01 12:00:02 PDT] : last warning message was repeated 8 times
WARNING  [2000-09-01 12:00:02 PDT] : Line:CAP_3 is at 113.93% of its emergency rating on phase B!
WARNING  [2000-09-01 12:00:02 PDT] : Line:CAP_3 is at 103.04% of its emergency rating on phase C!
WARNING  [2000-09-01 12:00:02 PDT] : Line:LN5513564-2 is at 100.15% of its emergency rating on phase A!
WARNING  [2000-09-01 12:00:02 PDT] : last warning message was repeated 5 times
WARNING  [2000-09-01 12:00:02 PDT] : Line:CAP_2 is at 109.92% of its emergency rating on phase B!
WARNING  [2000-09-01 12:00:02 PDT] : last warning message was repeated 1 times
WARNING  [2000-09-01 12:00:02 PDT] : Line:LN6351510-1 is at 115.84% of its emergency rating on phase C!
WARNING  [2000-09-01 12:00:02 PDT] : Line:LN6350556-2 is at 109.81% of its emergency rating on phase A!
WARNING  [2000-09-01 12:00:02 PDT] : last warning message was repeated 14 times
WARNING  [2000-09-01 12:00:02 PDT] : Line:Tpx227944551C0 is at 154.53% of its emergency rating on phase 1!
WARNING  [2000-09-01 12:00:02 PDT] : Line:Tpx227944551C0 is at 154.53% of its emergency rating on phase 2!
WARNING  [2000-09-01 12:00:02 PDT] : Line:Tpx227944551A0 is at 136.05% of its emergency rating on phase 1!
WARNING  [2000-09-01 12:00:02 PDT] : Line:Tpx227944551A0 is at 136.05% of its emergency rating on phase 2!
WARNING  [2000-09-01 12:00:02 PDT] : Line:Tpx227944551B0 is at 149.48% of its emergency rating on phase 1!
WARNING  [2000-09-01 12:00:02 PDT] : Line:Tpx227944551B0 is at 149.48% of its emergency rating on phase 2!
WARNING  [2000-09-01 12:00:02 PDT] : Regulator VREG3 has phase A at the maximum tap value
WARNING  [2000-09-01 12:00:02 PDT] : Line:HVMV_Sub_connector is at 111.82% of its emergency rating on phase A!
WARNING  [2000-09-01 12:00:02 PDT] : Line:HVMV_Sub_connector is at 107.11% of its emergency rating on phase B!
WARNING  [2000-09-01 12:00:02 PDT] : Line:HVMV_Sub_connector is at 100.44% of its emergency rating on phase C!
WARNING  [2000-09-01 12:00:02 PDT] : Line:CAP_3 is at 111.77% of its emergency rating on phase A!
WARNING  [2000-09-01 12:00:02 PDT] : Line:CAP_3 is at 107.11% of its emergency rating on phase B!
WARNING  [2000-09-01 12:00:02 PDT] : Line:CAP_3 is at 100.33% of its emergency rating on phase C!
WARNING  [2000-09-01 12:00:02 PDT] : Line:CAP_2 is at 105.42% of its emergency rating on phase A!
WARNING  [2000-09-01 12:00:02 PDT] : Line:CAP_2 is at 103.44% of its emergency rating on phase B!
WARNING  [2000-09-01 12:00:02 PDT] : Line:LN6351510-1 is at 112.99% of its emergency rating on phase C!
WARNING  [2000-09-01 12:00:02 PDT] : Line:LN6350556-2 is at 103.86% of its emergency rating on phase A!
WARNING  [2000-09-01 12:00:02 PDT] : last warning message was repeated 11 times
WARNING  [2000-09-01 12:00:02 PDT] : Line:Tpx227944551C0 is at 153.64% of its emergency rating on phase 1!
WARNING  [2000-09-01 12:00:02 PDT] : Line:Tpx227944551C0 is at 153.64% of its emergency rating on phase 2!
WARNING  [2000-09-01 12:00:02 PDT] : Line:Tpx227944551A0 is at 135.14% of its emergency rating on phase 1!
WARNING  [2000-09-01 12:00:02 PDT] : Line:Tpx227944551A0 is at 135.14% of its emergency rating on phase 2!
WARNING  [2000-09-01 12:00:02 PDT] : Line:Tpx227944551B0 is at 148.35% of its emergency rating on phase 1!
WARNING  [2000-09-01 12:00:02 PDT] : Line:Tpx227944551B0 is at 148.35% of its emergency rating on phase 2!
WARNING  [2000-09-01 12:00:02 PDT] : Regulator VREG3 has phase A at the maximum tap value
WARNING  [2000-09-01 12:00:02 PDT] : Line:HVMV_Sub_connector is at 113.73% of its emergency rating on phase A!
WARNING  [2000-09-01 12:00:02 PDT] : Line:HVMV_Sub_connector is at 108.64% of its emergency rating on phase B!
WARNING  [2000-09-01 12:00:02 PDT] : Line:CAP_3 is at 113.68% of its emergency rating on phase A!
WARNING  [2000-09-01 12:00:02 PDT] : Line:CAP_3 is at 108.64% of its emergency rating on phase B!
WARNING  [2000-09-01 12:00:02 PDT] : Line:CAP_2 is at 107.12% of its emergency rating on phase A!
WARNING  [2000-09-01 12:00:02 PDT] : Line:CAP_2 is at 104.87% of its emergency rating on phase B!
WARNING  [2000-09-01 12:00:02 PDT] : Line:LN6351510-1 is at 112.66% of its emergency rating on phase C!
WARNING  [2000-09-01 12:00:02 PDT] : Line:LN6350556-2 is at 105.76% of its emergency rating on phase A!
WARNING  [2000-09-01 12:00:02 PDT] : last warning message was repeated 11 times
WARNING  [2000-09-01 12:00:02 PDT] : Line:Tpx227944551C0 is at 153.42% of its emergency rating on phase 1!
WARNING  [2000-09-01 12:00:02 PDT] : Line:Tpx227944551C0 is at 153.42% of its emergency rating on phase 2!
WARNING  [2000-09-01 12:00:02 PDT] : Line:Tpx227944551A0 is at 135.39% of its emergency rating on phase 1!
WARNING  [2000-09-01 12:00:02 PDT] : Line:Tpx227944551A0 is at 135.39% of its emergency rating on phase 2!
WARNING  [2000-09-01 12:00:02 PDT] : Line:Tpx227944551B0 is at 148.61% of its emergency rating on phase 1!
WARNING  [2000-09-01 12:00:02 PDT] : Line:Tpx227944551B0 is at 148.61% of its emergency rating on phase 2!
WARNING  [2000-09-01 12:00:02 PDT] : Regulator VREG3 has phase A at the maximum tap value
WARNING  [2000-09-01 12:00:02 PDT] : Line:HVMV_Sub_connector is at 112.83% of its emergency rating on phase A!
WARNING  [2000-09-01 12:00:02 PDT] : Line:HVMV_Sub_connector is at 107.91% of its emergency rating on phase B!
WARNING  [2000-09-01 12:00:02 PDT] : Line:HVMV_Sub_connector is at 100.20% of its emergency rating on phase C!
WARNING  [2000-09-01 12:00:02 PDT] : Line:CAP_3 is at 112.78% of its emergency rating on phase A!
WARNING  [2000-09-01 12:00:02 PDT] : Line:CAP_3 is at 107.91% of its emergency rating on phase B!
WARNING  [2000-09-01 12:00:02 PDT] : Line:CAP_3 is at 100.09% of its emergency rating on phase C!
WARNING  [2000-09-01 12:00:02 PDT] : Line:CAP_2 is at 106.31% of its emergency rating on phase A!
WARNING  [2000-09-01 12:00:02 PDT] : Line:CAP_2 is at 104.15% of its emergency rating on phase B!
WARNING  [2000-09-01 12:00:02 PDT] : Line:LN6351510-1 is at 112.74% of its emergency rating on phase C!
WARNING  [2000-09-01 12:00:02 PDT] : Line:LN6350556-2 is at 104.85% of its emergency rating on phase A!
WARNING  [2000-09-01 12:00:02 PDT] : last warning message was repeated 11 times
WARNING  [2000-09-01 12:00:02 PDT] : Line:Tpx227944551C0 is at 153.46% of its emergency rating on phase 1!
WARNING  [2000-09-01 12:00:02 PDT] : Line:Tpx227944551C0 is at 153.46% of its emergency rating on phase 2!
WARNING  [2000-09-01 12:00:02 PDT] : Line:Tpx227944551A0 is at 135.26% of its emergency rating on phase 1!
WARNING  [2000-09-01 12:00:02 PDT] : Line:Tpx227944551A0 is at 135.26% of its emergency rating on phase 2!
WARNING  [2000-09-01 12:00:02 PDT] : Line:Tpx227944551B0 is at 148.43% of its emergency rating on phase 1!
WARNING  [2000-09-01 12:00:02 PDT] : Line:Tpx227944551B0 is at 148.43% of its emergency rating on phase 2!
                                      Processing 2000-09-01 12:00:02 PDT...WARNING  [2000-09-01 12:00:02 PDT] : Regulator VREG3 has phase A at the maximum tap value
WARNING  [2000-09-01 12:00:02 PDT] : Line:HVMV_Sub_connector is at 113.30% of its emergency rating on phase A!
WARNING  [2000-09-01 12:00:02 PDT] : Line:HVMV_Sub_connector is at 107.98% of its emergency rating on phase B!
WARNING  [2000-09-01 12:00:02 PDT] : Line:HVMV_Sub_connector is at 100.03% of its emergency rating on phase C!
WARNING  [2000-09-01 12:00:02 PDT] : Line:CAP_3 is at 113.25% of its emergency rating on phase A!
WARNING  [2000-09-01 12:00:02 PDT] : Line:CAP_3 is at 107.98% of its emergency rating on phase B!
WARNING  [2000-09-01 12:00:02 PDT] : Line:CAP_2 is at 106.75% of its emergency rating on phase A!
WARNING  [2000-09-01 12:00:02 PDT] : Line:CAP_2 is at 104.22% of its emergency rating on phase B!
WARNING  [2000-09-01 12:00:02 PDT] : Line:LN6351510-1 is at 112.63% of its emergency rating on phase C!
WARNING  [2000-09-01 12:00:02 PDT] : Line:LN6350556-2 is at 105.36% of its emergency rating on phase A!
WARNING  [2000-09-01 12:00:02 PDT] : last warning message was repeated 11 times
WARNING  [2000-09-01 12:00:02 PDT] : Line:Tpx227944551C0 is at 153.40% of its emergency rating on phase 1!
WARNING  [2000-09-01 12:00:02 PDT] : Line:Tpx227944551C0 is at 153.40% of its emergency rating on phase 2!
WARNING  [2000-09-01 12:00:02 PDT] : Line:Tpx227944551A0 is at 135.33% of its emergency rating on phase 1!
WARNING  [2000-09-01 12:00:02 PDT] : Line:Tpx227944551A0 is at 135.33% of its emergency rating on phase 2!
WARNING  [2000-09-01 12:00:02 PDT] : Line:Tpx227944551B0 is at 148.44% of its emergency rating on phase 1!
WARNING  [2000-09-01 12:00:02 PDT] : Line:Tpx227944551B0 is at 148.44% of its emergency rating on phase 2!
WARNING  [2000-09-01 12:00:02 PDT] : Regulator VREG3 has phase A at the maximum tap value
WARNING  [2000-09-01 12:00:02 PDT] : Line:HVMV_Sub_connector is at 113.11% of its emergency rating on phase A!
WARNING  [2000-09-01 12:00:02 PDT] : Line:HVMV_Sub_connector is at 107.91% of its emergency rating on phase B!
WARNING  [2000-09-01 12:00:02 PDT] : Line:HVMV_Sub_connector is at 100.11% of its emergency rating on phase C!
WARNING  [2000-09-01 12:00:02 PDT] : Line:CAP_3 is at 113.06% of its emergency rating on phase A!
WARNING  [2000-09-01 12:00:02 PDT] : Line:CAP_3 is at 107.91% of its emergency rating on phase B!
WARNING  [2000-09-01 12:00:02 PDT] : Line:CAP_3 is at 100.00% of its emergency rating on phase C!
WARNING  [2000-09-01 12:00:02 PDT] : Line:CAP_2 is at 106.57% of its emergency rating on phase A!
WARNING  [2000-09-01 12:00:02 PDT] : Line:CAP_2 is at 104.15% of its emergency rating on phase B!
WARNING  [2000-09-01 12:00:02 PDT] : Line:LN6351510-1 is at 112.68% of its emergency rating on phase C!
WARNING  [2000-09-01 12:00:02 PDT] : Line:LN6350556-2 is at 105.16% of its emergency rating on phase A!
WARNING  [2000-09-01 12:00:02 PDT] : last warning message was repeated 11 times
WARNING  [2000-09-01 12:00:02 PDT] : Line:Tpx227944551C0 is at 153.42% of its emergency rating on phase 1!
WARNING  [2000-09-01 12:00:02 PDT] : Line:Tpx227944551C0 is at 153.42% of its emergency rating on phase 2!
WARNING  [2000-09-01 12:00:02 PDT] : Line:Tpx227944551A0 is at 135.31% of its emergency rating on phase 1!
WARNING  [2000-09-01 12:00:02 PDT] : Line:Tpx227944551A0 is at 135.31% of its emergency rating on phase 2!
WARNING  [2000-09-01 12:00:02 PDT] : Line:Tpx227944551B0 is at 148.41% of its emergency rating on phase 1!
WARNING  [2000-09-01 12:00:02 PDT] : Line:Tpx227944551B0 is at 148.41% of its emergency rating on phase 2!
WARNING  [2000-09-01 12:00:02 PDT] : Regulator VREG3 has phase A at the maximum tap value
WARNING  [2000-09-01 12:00:02 PDT] : Line:HVMV_Sub_connector is at 113.24% of its emergency rating on phase A!
WARNING  [2000-09-01 12:00:02 PDT] : Line:HVMV_Sub_connector is at 107.87% of its emergency rating on phase B!
WARNING  [2000-09-01 12:00:02 PDT] : Line:HVMV_Sub_connector is at 100.08% of its emergency rating on phase C!
WARNING  [2000-09-01 12:00:02 PDT] : Line:CAP_3 is at 113.19% of its emergency rating on phase A!
WARNING  [2000-09-01 12:00:02 PDT] : Line:CAP_3 is at 107.87% of its emergency rating on phase B!
WARNING  [2000-09-01 12:00:02 PDT] : Line:CAP_2 is at 106.70% of its emergency rating on phase A!
WARNING  [2000-09-01 12:00:02 PDT] : Line:CAP_2 is at 104.11% of its emergency rating on phase B!
WARNING  [2000-09-01 12:00:02 PDT] : Line:LN6351510-1 is at 112.66% of its emergency rating on phase C!
WARNING  [2000-09-01 12:00:02 PDT] : Line:LN6350556-2 is at 105.31% of its emergency rating on phase A!
WARNING  [2000-09-01 12:00:02 PDT] : last warning message was repeated 11 times
WARNING  [2000-09-01 12:00:02 PDT] : Line:Tpx227944551C0 is at 153.41% of its emergency rating on phase 1!
WARNING  [2000-09-01 12:00:02 PDT] : Line:Tpx227944551C0 is at 153.41% of its emergency rating on phase 2!
WARNING  [2000-09-01 12:00:02 PDT] : Line:Tpx227944551A0 is at 135.33% of its emergency rating on phase 1!
WARNING  [2000-09-01 12:00:02 PDT] : Line:Tpx227944551A0 is at 135.33% of its emergency rating on phase 2!
WARNING  [2000-09-01 12:00:02 PDT] : Line:Tpx227944551B0 is at 148.40% of its emergency rating on phase 1!
WARNING  [2000-09-01 12:00:02 PDT] : Line:Tpx227944551B0 is at 148.40% of its emergency rating on phase 2!
WARNING  [2000-09-01 12:00:02 PDT] : Regulator VREG3 has phase A at the maximum tap value
WARNING  [2000-09-01 12:00:02 PDT] : Line:HVMV_Sub_connector is at 113.20% of its emergency rating on phase A!
WARNING  [2000-09-01 12:00:02 PDT] : Line:HVMV_Sub_connector is at 107.87% of its emergency rating on phase B!
WARNING  [2000-09-01 12:00:02 PDT] : Line:HVMV_Sub_connector is at 100.10% of its emergency rating on phase C!
WARNING  [2000-09-01 12:00:02 PDT] : Line:CAP_3 is at 113.15% of its emergency rating on phase A!
WARNING  [2000-09-01 12:00:02 PDT] : Line:CAP_3 is at 107.87% of its emergency rating on phase B!
WARNING  [2000-09-01 12:00:02 PDT] : Line:CAP_2 is at 106.66% of its emergency rating on phase A!
WARNING  [2000-09-01 12:00:02 PDT] : Line:CAP_2 is at 104.10% of its emergency rating on phase B!
WARNING  [2000-09-01 12:00:02 PDT] : Line:LN6351510-1 is at 112.67% of its emergency rating on phase C!
WARNING  [2000-09-01 12:00:02 PDT] : Line:LN6350556-2 is at 105.27% of its emergency rating on phase A!
WARNING  [2000-09-01 12:00:02 PDT] : last warning message was repeated 11 times
WARNING  [2000-09-01 12:00:02 PDT] : Line:Tpx227944551C0 is at 153.42% of its emergency rating on phase 1!
WARNING  [2000-09-01 12:00:02 PDT] : Line:Tpx227944551C0 is at 153.42% of its emergency rating on phase 2!
WARNING  [2000-09-01 12:00:02 PDT] : Line:Tpx227944551A0 is at 135.33% of its emergency rating on phase 1!
WARNING  [2000-09-01 12:00:02 PDT] : Line:Tpx227944551A0 is at 135.33% of its emergency rating on phase 2!
WARNING  [2000-09-01 12:00:02 PDT] : Line:Tpx227944551B0 is at 148.40% of its emergency rating on phase 1!
WARNING  [2000-09-01 12:00:02 PDT] : Line:Tpx227944551B0 is at 148.40% of its emergency rating on phase 2!
WARNING  [2000-09-01 12:00:02 PDT] : Regulator VREG3 has phase A at the maximum tap value
WARNING  [2000-09-01 12:00:02 PDT] : Line:HVMV_Sub_connector is at 113.24% of its emergency rating on phase A!
WARNING  [2000-09-01 12:00:02 PDT] : Line:HVMV_Sub_connector is at 107.84% of its emergency rating on phase B!
WARNING  [2000-09-01 12:00:02 PDT] : Line:HVMV_Sub_connector is at 100.09% of its emergency rating on phase C!
WARNING  [2000-09-01 12:00:02 PDT] : Line:CAP_3 is at 113.19% of its emergency rating on phase A!
WARNING  [2000-09-01 12:00:02 PDT] : Line:CAP_3 is at 107.84% of its emergency rating on phase B!
WARNING  [2000-09-01 12:00:02 PDT] : Line:CAP_2 is at 106.70% of its emergency rating on phase A!
WARNING  [2000-09-01 12:00:02 PDT] : Line:CAP_2 is at 104.08% of its emergency rating on phase B!
WARNING  [2000-09-01 12:00:02 PDT] : Line:LN6351510-1 is at 112.66% of its emergency rating on phase C!
WARNING  [2000-09-01 12:00:02 PDT] : Line:LN6350556-2 is at 105.32% of its emergency rating on phase A!
WARNING  [2000-09-01 12:00:02 PDT] : last warning message was repeated 11 times
WARNING  [2000-09-01 12:00:02 PDT] : Line:Tpx227944551C0 is at 153.41% of its emergency rating on phase 1!
WARNING  [2000-09-01 12:00:02 PDT] : Line:Tpx227944551C0 is at 153.41% of its emergency rating on phase 2!
WARNING  [2000-09-01 12:00:02 PDT] : Line:Tpx227944551A0 is at 135.34% of its emergency rating on phase 1!
WARNING  [2000-09-01 12:00:02 PDT] : Line:Tpx227944551A0 is at 135.34% of its emergency rating on phase 2!
WARNING  [2000-09-01 12:00:02 PDT] : Line:Tpx227944551B0 is at 148.39% of its emergency rating on phase 1!
WARNING  [2000-09-01 12:00:02 PDT] : Line:Tpx227944551B0 is at 148.39% of its emergency rating on phase 2!
WARNING  [2000-09-01 12:00:02 PDT] : Regulator VREG3 has phase A at the maximum tap value
WARNING  [2000-09-01 12:00:02 PDT] : Line:HVMV_Sub_connector is at 113.23% of its emergency rating on phase A!
WARNING  [2000-09-01 12:00:02 PDT] : Line:HVMV_Sub_connector is at 107.84% of its emergency rating on phase B!
WARNING  [2000-09-01 12:00:02 PDT] : Line:HVMV_Sub_connector is at 100.10% of its emergency rating on phase C!
WARNING  [2000-09-01 12:00:02 PDT] : Line:CAP_3 is at 113.18% of its emergency rating on phase A!
WARNING  [2000-09-01 12:00:02 PDT] : Line:CAP_3 is at 107.84% of its emergency rating on phase B!
WARNING  [2000-09-01 12:00:02 PDT] : Line:CAP_2 is at 106.69% of its emergency rating on phase A!
WARNING  [2000-09-01 12:00:02 PDT] : Line:CAP_2 is at 104.08% of its emergency rating on phase B!
WARNING  [2000-09-01 12:00:02 PDT] : Line:LN6351510-1 is at 112.67% of its emergency rating on phase C!
WARNING  [2000-09-01 12:00:02 PDT] : Line:LN6350556-2 is at 105.31% of its emergency rating on phase A!
WARNING  [2000-09-01 12:00:02 PDT] : last warning message was repeated 11 times
WARNING  [2000-09-01 12:00:02 PDT] : Line:Tpx227944551C0 is at 153.41% of its emergency rating on phase 1!
WARNING  [2000-09-01 12:00:02 PDT] : Line:Tpx227944551C0 is at 153.41% of its emergency rating on phase 2!
WARNING  [2000-09-01 12:00:02 PDT] : Line:Tpx227944551A0 is at 135.34% of its emergency rating on phase 1!
WARNING  [2000-09-01 12:00:02 PDT] : Line:Tpx227944551A0 is at 135.34% of its emergency rating on phase 2!
WARNING  [2000-09-01 12:00:02 PDT] : Line:Tpx227944551B0 is at 148.39% of its emergency rating on phase 1!
WARNING  [2000-09-01 12:00:02 PDT] : Line:Tpx227944551B0 is at 148.39% of its emergency rating on phase 2!
WARNING  [2000-09-01 12:00:02 PDT] : Regulator VREG3 has phase A at the maximum tap value
WARNING  [2000-09-01 12:00:02 PDT] : Line:HVMV_Sub_connector is at 113.24% of its emergency rating on phase A!
WARNING  [2000-09-01 12:00:02 PDT] : Line:HVMV_Sub_connector is at 107.83% of its emergency rating on phase B!
WARNING  [2000-09-01 12:00:02 PDT] : Line:HVMV_Sub_connector is at 100.10% of its emergency rating on phase C!
WARNING  [2000-09-01 12:00:02 PDT] : Line:CAP_3 is at 113.19% of its emergency rating on phase A!
WARNING  [2000-09-01 12:00:02 PDT] : Line:CAP_3 is at 107.83% of its emergency rating on phase B!
WARNING  [2000-09-01 12:00:02 PDT] : Line:CAP_2 is at 106.70% of its emergency rating on phase A!
WARNING  [2000-09-01 12:00:02 PDT] : Line:CAP_2 is at 104.07% of its emergency rating on phase B!
WARNING  [2000-09-01 12:00:02 PDT] : Line:LN6351510-1 is at 112.67% of its emergency rating on phase C!
WARNING  [2000-09-01 12:00:02 PDT] : Line:LN6350556-2 is at 105.33% of its emergency rating on phase A!
WARNING  [2000-09-01 12:00:02 PDT] : last warning message was repeated 11 times
WARNING  [2000-09-01 12:00:02 PDT] : Line:Tpx227944551C0 is at 153.41% of its emergency rating on phase 1!
WARNING  [2000-09-01 12:00:02 PDT] : Line:Tpx227944551C0 is at 153.41% of its emergency rating on phase 2!
WARNING  [2000-09-01 12:00:02 PDT] : Line:Tpx227944551A0 is at 135.34% of its emergency rating on phase 1!
WARNING  [2000-09-01 12:00:02 PDT] : Line:Tpx227944551A0 is at 135.34% of its emergency rating on phase 2!
WARNING  [2000-09-01 12:00:02 PDT] : Line:Tpx227944551B0 is at 148.39% of its emergency rating on phase 1!
WARNING  [2000-09-01 12:00:02 PDT] : Line:Tpx227944551B0 is at 148.39% of its emergency rating on phase 2!
WARNING  [2000-09-01 12:00:02 PDT] : Regulator VREG3 has phase A at the maximum tap value
WARNING  [2000-09-01 12:00:02 PDT] : Line:HVMV_Sub_connector is at 113.24% of its emergency rating on phase A!
WARNING  [2000-09-01 12:00:02 PDT] : Line:HVMV_Sub_connector is at 107.83% of its emergency rating on phase B!
WARNING  [2000-09-01 12:00:02 PDT] : Line:HVMV_Sub_connector is at 100.10% of its emergency rating on phase C!
WARNING  [2000-09-01 12:00:02 PDT] : Line:CAP_3 is at 113.19% of its emergency rating on phase A!
WARNING  [2000-09-01 12:00:02 PDT] : Line:CAP_3 is at 107.83% of its emergency rating on phase B!
WARNING  [2000-09-01 12:00:02 PDT] : Line:CAP_2 is at 106.70% of its emergency rating on phase A!
WARNING  [2000-09-01 12:00:02 PDT] : Line:CAP_2 is at 104.06% of its emergency rating on phase B!
WARNING  [2000-09-01 12:00:02 PDT] : Line:LN6351510-1 is at 112.67% of its emergency rating on phase C!
WARNING  [2000-09-01 12:00:02 PDT] : Line:LN6350556-2 is at 105.33% of its emergency rating on phase A!
WARNING  [2000-09-01 12:00:02 PDT] : last warning message was repeated 11 times
WARNING  [2000-09-01 12:00:02 PDT] : Line:Tpx227944551C0 is at 153.41% of its emergency rating on phase 1!
WARNING  [2000-09-01 12:00:02 PDT] : Line:Tpx227944551C0 is at 153.41% of its emergency rating on phase 2!
WARNING  [2000-09-01 12:00:02 PDT] : Line:Tpx227944551A0 is at 135.34% of its emergency rating on phase 1!
WARNING  [2000-09-01 12:00:02 PDT] : Line:Tpx227944551A0 is at 135.34% of its emergency rating on phase 2!
WARNING  [2000-09-01 12:00:02 PDT] : Line:Tpx227944551B0 is at 148.39% of its emergency rating on phase 1!
WARNING  [2000-09-01 12:00:02 PDT] : Line:Tpx227944551B0 is at 148.39% of its emergency rating on phase 2!
WARNING  [2000-09-01 12:00:02 PDT] : Regulator VREG3 has phase A at the maximum tap value
WARNING  [2000-09-01 12:00:02 PDT] : Line:HVMV_Sub_connector is at 113.25% of its emergency rating on phase A!
WARNING  [2000-09-01 12:00:02 PDT] : Line:HVMV_Sub_connector is at 107.83% of its emergency rating on phase B!
WARNING  [2000-09-01 12:00:02 PDT] : Line:HVMV_Sub_connector is at 100.10% of its emergency rating on phase C!
WARNING  [2000-09-01 12:00:02 PDT] : Line:CAP_3 is at 113.20% of its emergency rating on phase A!
WARNING  [2000-09-01 12:00:02 PDT] : Line:CAP_3 is at 107.83% of its emergency rating on phase B!
WARNING  [2000-09-01 12:00:02 PDT] : Line:CAP_2 is at 106.71% of its emergency rating on phase A!
WARNING  [2000-09-01 12:00:02 PDT] : Line:CAP_2 is at 104.06% of its emergency rating on phase B!
WARNING  [2000-09-01 12:00:02 PDT] : Line:LN6351510-1 is at 112.67% of its emergency rating on phase C!
WARNING  [2000-09-01 12:00:02 PDT] : Line:LN6350556-2 is at 105.33% of its emergency rating on phase A!
WARNING  [2000-09-01 12:00:02 PDT] : last warning message was repeated 11 times
WARNING  [2000-09-01 12:00:02 PDT] : Line:Tpx227944551C0 is at 153.41% of its emergency rating on phase 1!
WARNING  [2000-09-01 12:00:02 PDT] : Line:Tpx227944551C0 is at 153.41% of its emergency rating on phase 2!
WARNING  [2000-09-01 12:00:02 PDT] : Line:Tpx227944551A0 is at 135.34% of its emergency rating on phase 1!
WARNING  [2000-09-01 12:00:02 PDT] : Line:Tpx227944551A0 is at 135.34% of its emergency rating on phase 2!
WARNING  [2000-09-01 12:00:02 PDT] : Line:Tpx227944551B0 is at 148.39% of its emergency rating on phase 1!
WARNING  [2000-09-01 12:00:02 PDT] : Line:Tpx227944551B0 is at 148.39% of its emergency rating on phase 2!
[2025-07-10 21:10:23.411] [console] [debug] IEEE_8500node_fed[2]::setting value for gld_hlc_conn/Sa size 24
[2025-07-10 21:10:23.411] [console] [debug] IEEE_8500node_fed[2]::setting value for gld_hlc_conn/Sb size 24
[2025-07-10 21:10:23.411] [console] [debug] IEEE_8500node_fed[2]::setting value for gld_hlc_conn/Sc size 24
[2025-07-10 21:10:23.520] [console] [debug] IEEE_8500node_fed (131073)[2]::receive PUBLICATION pub:From (131072) handle(3) size 0 at 2 to 131073 from gridpack/Va
[2025-07-10 21:10:23.520] [console] [debug] IEEE_8500node_fed (131073)[2]::receive PUBLICATION pub:From (131072) handle(4) size 0 at 2 to 131073 from gridpack/Vb
[2025-07-10 21:10:23.520] [console] [debug] IEEE_8500node_fed (131073)[2]::receive PUBLICATION pub:From (131072) handle(5) size 0 at 2 to 131073 from gridpack/Vc
[2025-07-10 21:10:23.520] [console] [debug] IEEE_8500node_fed (131073)[3]::Granted Time=3
WARNING  [2000-09-01 12:00:03 PDT] : Regulator VREG3 has phase A at the maximum tap value
WARNING  [2000-09-01 12:00:03 PDT] : Line:HVMV_Sub_connector is at 113.25% of its emergency rating on phase A!
WARNING  [2000-09-01 12:00:03 PDT] : Line:HVMV_Sub_connector is at 107.83% of its emergency rating on phase B!
WARNING  [2000-09-01 12:00:03 PDT] : Line:HVMV_Sub_connector is at 100.10% of its emergency rating on phase C!
WARNING  [2000-09-01 12:00:03 PDT] : Line:CAP_3 is at 113.20% of its emergency rating on phase A!
WARNING  [2000-09-01 12:00:03 PDT] : Line:CAP_3 is at 107.83% of its emergency rating on phase B!
WARNING  [2000-09-01 12:00:03 PDT] : Line:CAP_2 is at 106.71% of its emergency rating on phase A!
WARNING  [2000-09-01 12:00:03 PDT] : Line:CAP_2 is at 104.06% of its emergency rating on phase B!
WARNING  [2000-09-01 12:00:03 PDT] : Line:LN6351510-1 is at 112.67% of its emergency rating on phase C!
WARNING  [2000-09-01 12:00:03 PDT] : Line:LN6350556-2 is at 105.33% of its emergency rating on phase A!
WARNING  [2000-09-01 12:00:03 PDT] : last warning message was repeated 11 times
WARNING  [2000-09-01 12:00:03 PDT] : Line:Tpx227944551C0 is at 153.41% of its emergency rating on phase 1!
WARNING  [2000-09-01 12:00:03 PDT] : Line:Tpx227944551C0 is at 153.41% of its emergency rating on phase 2!
WARNING  [2000-09-01 12:00:03 PDT] : Line:Tpx227944551A0 is at 135.34% of its emergency rating on phase 1!
WARNING  [2000-09-01 12:00:03 PDT] : Line:Tpx227944551A0 is at 135.34% of its emergency rating on phase 2!
WARNING  [2000-09-01 12:00:03 PDT] : Line:Tpx227944551B0 is at 148.39% of its emergency rating on phase 1!
WARNING  [2000-09-01 12:00:03 PDT] : Line:Tpx227944551B0 is at 148.39% of its emergency rating on phase 2!
[2025-07-10 21:10:23.586] [console] [debug] IEEE_8500node_fed[3]::setting value for gld_hlc_conn/Sa size 24
[2025-07-10 21:10:23.586] [console] [debug] IEEE_8500node_fed[3]::setting value for gld_hlc_conn/Sb size 24
[2025-07-10 21:10:23.586] [console] [debug] IEEE_8500node_fed[3]::setting value for gld_hlc_conn/Sc size 24
[2025-07-10 21:10:23.693] [console] [debug] IEEE_8500node_fed (131073)[3]::receive PUBLICATION pub:From (131072) handle(3) size 0 at 3 to 131073 from gridpack/Va
[2025-07-10 21:10:23.693] [console] [debug] IEEE_8500node_fed (131073)[3]::receive PUBLICATION pub:From (131072) handle(4) size 0 at 3 to 131073 from gridpack/Vb
[2025-07-10 21:10:23.693] [console] [debug] IEEE_8500node_fed (131073)[3]::receive PUBLICATION pub:From (131072) handle(5) size 0 at 3 to 131073 from gridpack/Vc
[2025-07-10 21:10:23.693] [console] [debug] IEEE_8500node_fed (131073)[4]::Granted Time=4
WARNING  [2000-09-01 12:00:04 PDT] : Regulator VREG3 has phase A at the maximum tap value
WARNING  [2000-09-01 12:00:04 PDT] : Line:HVMV_Sub_connector is at 113.25% of its emergency rating on phase A!
WARNING  [2000-09-01 12:00:04 PDT] : Line:HVMV_Sub_connector is at 107.82% of its emergency rating on phase B!
WARNING  [2000-09-01 12:00:04 PDT] : Line:HVMV_Sub_connector is at 100.10% of its emergency rating on phase C!
WARNING  [2000-09-01 12:00:04 PDT] : Line:CAP_3 is at 113.20% of its emergency rating on phase A!
WARNING  [2000-09-01 12:00:04 PDT] : Line:CAP_3 is at 107.82% of its emergency rating on phase B!
WARNING  [2000-09-01 12:00:04 PDT] : Line:CAP_2 is at 106.71% of its emergency rating on phase A!
WARNING  [2000-09-01 12:00:04 PDT] : Line:CAP_2 is at 104.06% of its emergency rating on phase B!
WARNING  [2000-09-01 12:00:04 PDT] : Line:LN6351510-1 is at 112.67% of its emergency rating on phase C!
WARNING  [2000-09-01 12:00:04 PDT] : Line:LN6350556-2 is at 105.34% of its emergency rating on phase A!
WARNING  [2000-09-01 12:00:04 PDT] : last warning message was repeated 11 times
WARNING  [2000-09-01 12:00:04 PDT] : Line:Tpx227944551C0 is at 153.41% of its emergency rating on phase 1!
WARNING  [2000-09-01 12:00:04 PDT] : Line:Tpx227944551C0 is at 153.41% of its emergency rating on phase 2!
WARNING  [2000-09-01 12:00:04 PDT] : Line:Tpx227944551A0 is at 135.34% of its emergency rating on phase 1!
WARNING  [2000-09-01 12:00:04 PDT] : Line:Tpx227944551A0 is at 135.34% of its emergency rating on phase 2!
WARNING  [2000-09-01 12:00:04 PDT] : Line:Tpx227944551B0 is at 148.39% of its emergency rating on phase 1!
WARNING  [2000-09-01 12:00:04 PDT] : Line:Tpx227944551B0 is at 148.39% of its emergency rating on phase 2!
[2025-07-10 21:10:23.733] [console] [debug] IEEE_8500node_fed[4]::setting value for gld_hlc_conn/Sa size 24
[2025-07-10 21:10:23.733] [console] [debug] IEEE_8500node_fed[4]::setting value for gld_hlc_conn/Sb size 24
[2025-07-10 21:10:23.733] [console] [debug] IEEE_8500node_fed[4]::setting value for gld_hlc_conn/Sc size 24
[2025-07-10 21:10:23.841] [console] [debug] IEEE_8500node_fed (131073)[4]::receive PUBLICATION pub:From (131072) handle(3) size 0 at 4 to 131073 from gridpack/Va
[2025-07-10 21:10:23.841] [console] [debug] IEEE_8500node_fed (131073)[4]::receive PUBLICATION pub:From (131072) handle(4) size 0 at 4 to 131073 from gridpack/Vb
[2025-07-10 21:10:23.841] [console] [debug] IEEE_8500node_fed (131073)[4]::receive PUBLICATION pub:From (131072) handle(5) size 0 at 4 to 131073 from gridpack/Vc
[2025-07-10 21:10:23.841] [console] [debug] IEEE_8500node_fed (131073)[5]::Granted Time=5
WARNING  [2000-09-01 12:00:05 PDT] : Regulator VREG3 has phase A at the maximum tap value
WARNING  [2000-09-01 12:00:05 PDT] : Line:HVMV_Sub_connector is at 113.25% of its emergency rating on phase A!
WARNING  [2000-09-01 12:00:05 PDT] : Line:HVMV_Sub_connector is at 107.82% of its emergency rating on phase B!
WARNING  [2000-09-01 12:00:05 PDT] : Line:HVMV_Sub_connector is at 100.10% of its emergency rating on phase C!
WARNING  [2000-09-01 12:00:05 PDT] : Line:CAP_3 is at 113.20% of its emergency rating on phase A!
WARNING  [2000-09-01 12:00:05 PDT] : Line:CAP_3 is at 107.82% of its emergency rating on phase B!
WARNING  [2000-09-01 12:00:05 PDT] : Line:CAP_2 is at 106.71% of its emergency rating on phase A!
WARNING  [2000-09-01 12:00:05 PDT] : Line:CAP_2 is at 104.06% of its emergency rating on phase B!
WARNING  [2000-09-01 12:00:05 PDT] : Line:LN6351510-1 is at 112.67% of its emergency rating on phase C!
WARNING  [2000-09-01 12:00:05 PDT] : Line:LN6350556-2 is at 105.34% of its emergency rating on phase A!
WARNING  [2000-09-01 12:00:05 PDT] : last warning message was repeated 11 times
WARNING  [2000-09-01 12:00:05 PDT] : Line:Tpx227944551C0 is at 153.41% of its emergency rating on phase 1!
WARNING  [2000-09-01 12:00:05 PDT] : Line:Tpx227944551C0 is at 153.41% of its emergency rating on phase 2!
WARNING  [2000-09-01 12:00:05 PDT] : Line:Tpx227944551A0 is at 135.34% of its emergency rating on phase 1!
WARNING  [2000-09-01 12:00:05 PDT] : Line:Tpx227944551A0 is at 135.34% of its emergency rating on phase 2!
WARNING  [2000-09-01 12:00:05 PDT] : Line:Tpx227944551B0 is at 148.39% of its emergency rating on phase 1!
WARNING  [2000-09-01 12:00:05 PDT] : Line:Tpx227944551B0 is at 148.39% of its emergency rating on phase 2!
[2025-07-10 21:10:23.882] [console] [debug] IEEE_8500node_fed[5]::setting value for gld_hlc_conn/Sa size 24
[2025-07-10 21:10:23.882] [console] [debug] IEEE_8500node_fed[5]::setting value for gld_hlc_conn/Sb size 24
[2025-07-10 21:10:23.882] [console] [debug] IEEE_8500node_fed[5]::setting value for gld_hlc_conn/Sc size 24
[2025-07-10 21:10:23.984] [console] [debug] IEEE_8500node_fed (131073)[5]::receive PUBLICATION pub:From (131072) handle(3) size 0 at 5 to 131073 from gridpack/Va
[2025-07-10 21:10:23.984] [console] [debug] IEEE_8500node_fed (131073)[5]::receive PUBLICATION pub:From (131072) handle(4) size 0 at 5 to 131073 from gridpack/Vb
[2025-07-10 21:10:23.984] [console] [debug] IEEE_8500node_fed (131073)[5]::receive PUBLICATION pub:From (131072) handle(5) size 0 at 5 to 131073 from gridpack/Vc
[2025-07-10 21:10:23.984] [console] [debug] IEEE_8500node_fed (131073)[6]::Granted Time=6
WARNING  [2000-09-01 12:00:06 PDT] : Regulator VREG3 has phase A at the maximum tap value
WARNING  [2000-09-01 12:00:06 PDT] : Line:HVMV_Sub_connector is at 113.25% of its emergency rating on phase A!
WARNING  [2000-09-01 12:00:06 PDT] : Line:HVMV_Sub_connector is at 107.82% of its emergency rating on phase B!
WARNING  [2000-09-01 12:00:06 PDT] : Line:HVMV_Sub_connector is at 100.10% of its emergency rating on phase C!
WARNING  [2000-09-01 12:00:06 PDT] : Line:CAP_3 is at 113.20% of its emergency rating on phase A!
WARNING  [2000-09-01 12:00:06 PDT] : Line:CAP_3 is at 107.82% of its emergency rating on phase B!
WARNING  [2000-09-01 12:00:06 PDT] : Line:CAP_2 is at 106.71% of its emergency rating on phase A!
WARNING  [2000-09-01 12:00:06 PDT] : Line:CAP_2 is at 104.06% of its emergency rating on phase B!
WARNING  [2000-09-01 12:00:06 PDT] : Line:LN6351510-1 is at 112.67% of its emergency rating on phase C!
WARNING  [2000-09-01 12:00:06 PDT] : Line:LN6350556-2 is at 105.34% of its emergency rating on phase A!
WARNING  [2000-09-01 12:00:06 PDT] : last warning message was repeated 11 times
WARNING  [2000-09-01 12:00:06 PDT] : Line:Tpx227944551C0 is at 153.41% of its emergency rating on phase 1!
WARNING  [2000-09-01 12:00:06 PDT] : Line:Tpx227944551C0 is at 153.41% of its emergency rating on phase 2!
WARNING  [2000-09-01 12:00:06 PDT] : Line:Tpx227944551A0 is at 135.34% of its emergency rating on phase 1!
WARNING  [2000-09-01 12:00:06 PDT] : Line:Tpx227944551A0 is at 135.34% of its emergency rating on phase 2!
WARNING  [2000-09-01 12:00:06 PDT] : Line:Tpx227944551B0 is at 148.39% of its emergency rating on phase 1!
WARNING  [2000-09-01 12:00:06 PDT] : Line:Tpx227944551B0 is at 148.39% of its emergency rating on phase 2!
                                      Processing 2000-09-01 12:00:06 PDT...[2025-07-10 21:10:24.026] [console] [debug] IEEE_8500node_fed[6]::setting value for gld_hlc_conn/Sa size 24
[2025-07-10 21:10:24.026] [console] [debug] IEEE_8500node_fed[6]::setting value for gld_hlc_conn/Sb size 24
[2025-07-10 21:10:24.026] [console] [debug] IEEE_8500node_fed[6]::setting value for gld_hlc_conn/Sc size 24
[2025-07-10 21:10:24.131] [console] [debug] IEEE_8500node_fed (131073)[6]::receive PUBLICATION pub:From (131072) handle(3) size 0 at 6 to 131073 from gridpack/Va
[2025-07-10 21:10:24.131] [console] [debug] IEEE_8500node_fed (131073)[6]::receive PUBLICATION pub:From (131072) handle(4) size 0 at 6 to 131073 from gridpack/Vb
[2025-07-10 21:10:24.131] [console] [debug] IEEE_8500node_fed (131073)[6]::receive PUBLICATION pub:From (131072) handle(5) size 0 at 6 to 131073 from gridpack/Vc
[2025-07-10 21:10:24.131] [console] [debug] IEEE_8500node_fed (131073)[7]::Granted Time=7
WARNING  [2000-09-01 12:00:07 PDT] : Regulator VREG3 has phase A at the maximum tap value
WARNING  [2000-09-01 12:00:07 PDT] : Line:HVMV_Sub_connector is at 113.25% of its emergency rating on phase A!
WARNING  [2000-09-01 12:00:07 PDT] : Line:HVMV_Sub_connector is at 107.82% of its emergency rating on phase B!
WARNING  [2000-09-01 12:00:07 PDT] : Line:HVMV_Sub_connector is at 100.10% of its emergency rating on phase C!
WARNING  [2000-09-01 12:00:07 PDT] : Line:CAP_3 is at 113.20% of its emergency rating on phase A!
WARNING  [2000-09-01 12:00:07 PDT] : Line:CAP_3 is at 107.82% of its emergency rating on phase B!
WARNING  [2000-09-01 12:00:07 PDT] : Line:CAP_2 is at 106.71% of its emergency rating on phase A!
WARNING  [2000-09-01 12:00:07 PDT] : Line:CAP_2 is at 104.06% of its emergency rating on phase B!
WARNING  [2000-09-01 12:00:07 PDT] : Line:LN6351510-1 is at 112.67% of its emergency rating on phase C!
WARNING  [2000-09-01 12:00:07 PDT] : Line:LN6350556-2 is at 105.34% of its emergency rating on phase A!
WARNING  [2000-09-01 12:00:07 PDT] : last warning message was repeated 11 times
WARNING  [2000-09-01 12:00:07 PDT] : Line:Tpx227944551C0 is at 153.41% of its emergency rating on phase 1!
WARNING  [2000-09-01 12:00:07 PDT] : Line:Tpx227944551C0 is at 153.41% of its emergency rating on phase 2!
WARNING  [2000-09-01 12:00:07 PDT] : Line:Tpx227944551A0 is at 135.34% of its emergency rating on phase 1!
WARNING  [2000-09-01 12:00:07 PDT] : Line:Tpx227944551A0 is at 135.34% of its emergency rating on phase 2!
WARNING  [2000-09-01 12:00:07 PDT] : Line:Tpx227944551B0 is at 148.38% of its emergency rating on phase 1!
WARNING  [2000-09-01 12:00:07 PDT] : Line:Tpx227944551B0 is at 148.38% of its emergency rating on phase 2!
[2025-07-10 21:10:24.177] [console] [debug] IEEE_8500node_fed[7]::setting value for gld_hlc_conn/Sa size 24
[2025-07-10 21:10:24.178] [console] [debug] IEEE_8500node_fed[7]::setting value for gld_hlc_conn/Sb size 24
[2025-07-10 21:10:24.178] [console] [debug] IEEE_8500node_fed[7]::setting value for gld_hlc_conn/Sc size 24
[2025-07-10 21:10:24.290] [console] [debug] IEEE_8500node_fed (131073)[7]::receive PUBLICATION pub:From (131072) handle(3) size 0 at 7 to 131073 from gridpack/Va
[2025-07-10 21:10:24.290] [console] [debug] IEEE_8500node_fed (131073)[7]::receive PUBLICATION pub:From (131072) handle(4) size 0 at 7 to 131073 from gridpack/Vb
[2025-07-10 21:10:24.290] [console] [debug] IEEE_8500node_fed (131073)[7]::receive PUBLICATION pub:From (131072) handle(5) size 0 at 7 to 131073 from gridpack/Vc
[2025-07-10 21:10:24.290] [console] [debug] IEEE_8500node_fed (131073)[8]::Granted Time=8
WARNING  [2000-09-01 12:00:08 PDT] : Regulator VREG3 has phase A at the maximum tap value
WARNING  [2000-09-01 12:00:08 PDT] : Line:HVMV_Sub_connector is at 113.25% of its emergency rating on phase A!
WARNING  [2000-09-01 12:00:08 PDT] : Line:HVMV_Sub_connector is at 107.82% of its emergency rating on phase B!
WARNING  [2000-09-01 12:00:08 PDT] : Line:HVMV_Sub_connector is at 100.10% of its emergency rating on phase C!
WARNING  [2000-09-01 12:00:08 PDT] : Line:CAP_3 is at 113.20% of its emergency rating on phase A!
WARNING  [2000-09-01 12:00:08 PDT] : Line:CAP_3 is at 107.82% of its emergency rating on phase B!
WARNING  [2000-09-01 12:00:08 PDT] : Line:CAP_2 is at 106.71% of its emergency rating on phase A!
WARNING  [2000-09-01 12:00:08 PDT] : Line:CAP_2 is at 104.06% of its emergency rating on phase B!
WARNING  [2000-09-01 12:00:08 PDT] : Line:LN6351510-1 is at 112.67% of its emergency rating on phase C!
WARNING  [2000-09-01 12:00:08 PDT] : Line:LN6350556-2 is at 105.34% of its emergency rating on phase A!
WARNING  [2000-09-01 12:00:08 PDT] : last warning message was repeated 11 times
WARNING  [2000-09-01 12:00:08 PDT] : Line:Tpx227944551C0 is at 153.41% of its emergency rating on phase 1!
WARNING  [2000-09-01 12:00:08 PDT] : Line:Tpx227944551C0 is at 153.41% of its emergency rating on phase 2!
WARNING  [2000-09-01 12:00:08 PDT] : Line:Tpx227944551A0 is at 135.34% of its emergency rating on phase 1!
WARNING  [2000-09-01 12:00:08 PDT] : Line:Tpx227944551A0 is at 135.34% of its emergency rating on phase 2!
WARNING  [2000-09-01 12:00:08 PDT] : Line:Tpx227944551B0 is at 148.38% of its emergency rating on phase 1!
WARNING  [2000-09-01 12:00:08 PDT] : Line:Tpx227944551B0 is at 148.38% of its emergency rating on phase 2!
[2025-07-10 21:10:24.330] [console] [debug] IEEE_8500node_fed[8]::setting value for gld_hlc_conn/Sa size 24
[2025-07-10 21:10:24.330] [console] [debug] IEEE_8500node_fed[8]::setting value for gld_hlc_conn/Sb size 24
[2025-07-10 21:10:24.330] [console] [debug] IEEE_8500node_fed[8]::setting value for gld_hlc_conn/Sc size 24
[2025-07-10 21:10:24.435] [console] [debug] IEEE_8500node_fed (131073)[8]::receive PUBLICATION pub:From (131072) handle(3) size 0 at 8 to 131073 from gridpack/Va
[2025-07-10 21:10:24.435] [console] [debug] IEEE_8500node_fed (131073)[8]::receive PUBLICATION pub:From (131072) handle(4) size 0 at 8 to 131073 from gridpack/Vb
[2025-07-10 21:10:24.435] [console] [debug] IEEE_8500node_fed (131073)[8]::receive PUBLICATION pub:From (131072) handle(5) size 0 at 8 to 131073 from gridpack/Vc
[2025-07-10 21:10:24.435] [console] [debug] IEEE_8500node_fed (131073)[9]::Granted Time=9
WARNING  [2000-09-01 12:00:09 PDT] : Regulator VREG3 has phase A at the maximum tap value
WARNING  [2000-09-01 12:00:09 PDT] : Line:HVMV_Sub_connector is at 113.25% of its emergency rating on phase A!
WARNING  [2000-09-01 12:00:09 PDT] : Line:HVMV_Sub_connector is at 107.82% of its emergency rating on phase B!
WARNING  [2000-09-01 12:00:09 PDT] : Line:HVMV_Sub_connector is at 100.10% of its emergency rating on phase C!
WARNING  [2000-09-01 12:00:09 PDT] : Line:CAP_3 is at 113.20% of its emergency rating on phase A!
WARNING  [2000-09-01 12:00:09 PDT] : Line:CAP_3 is at 107.82% of its emergency rating on phase B!
WARNING  [2000-09-01 12:00:09 PDT] : Line:CAP_2 is at 106.71% of its emergency rating on phase A!
WARNING  [2000-09-01 12:00:09 PDT] : Line:CAP_2 is at 104.06% of its emergency rating on phase B!
WARNING  [2000-09-01 12:00:09 PDT] : Line:LN6351510-1 is at 112.67% of its emergency rating on phase C!
WARNING  [2000-09-01 12:00:09 PDT] : Line:LN6350556-2 is at 105.34% of its emergency rating on phase A!
WARNING  [2000-09-01 12:00:09 PDT] : last warning message was repeated 11 times
WARNING  [2000-09-01 12:00:09 PDT] : Line:Tpx227944551C0 is at 153.41% of its emergency rating on phase 1!
WARNING  [2000-09-01 12:00:09 PDT] : Line:Tpx227944551C0 is at 153.41% of its emergency rating on phase 2!
WARNING  [2000-09-01 12:00:09 PDT] : Line:Tpx227944551A0 is at 135.34% of its emergency rating on phase 1!
WARNING  [2000-09-01 12:00:09 PDT] : Line:Tpx227944551A0 is at 135.34% of its emergency rating on phase 2!
WARNING  [2000-09-01 12:00:09 PDT] : Line:Tpx227944551B0 is at 148.38% of its emergency rating on phase 1!
WARNING  [2000-09-01 12:00:09 PDT] : Line:Tpx227944551B0 is at 148.38% of its emergency rating on phase 2!
[2025-07-10 21:10:24.476] [console] [debug] IEEE_8500node_fed[9]::setting value for gld_hlc_conn/Sa size 24
[2025-07-10 21:10:24.477] [console] [debug] IEEE_8500node_fed[9]::setting value for gld_hlc_conn/Sb size 24
[2025-07-10 21:10:24.477] [console] [debug] IEEE_8500node_fed[9]::setting value for gld_hlc_conn/Sc size 24
[2025-07-10 21:10:24.592] [console] [debug] IEEE_8500node_fed (131073)[9]::receive PUBLICATION pub:From (131072) handle(3) size 0 at 9 to 131073 from gridpack/Va
[2025-07-10 21:10:24.592] [console] [debug] IEEE_8500node_fed (131073)[9]::receive PUBLICATION pub:From (131072) handle(4) size 0 at 9 to 131073 from gridpack/Vb
[2025-07-10 21:10:24.592] [console] [debug] IEEE_8500node_fed (131073)[9]::receive PUBLICATION pub:From (131072) handle(5) size 0 at 9 to 131073 from gridpack/Vc
[2025-07-10 21:10:24.592] [console] [debug] IEEE_8500node_fed (131073)[10]::Granted Time=10
WARNING  [2000-09-01 12:00:10 PDT] : Regulator VREG3 has phase A at the maximum tap value
WARNING  [2000-09-01 12:00:10 PDT] : Line:HVMV_Sub_connector is at 113.25% of its emergency rating on phase A!
WARNING  [2000-09-01 12:00:10 PDT] : Line:HVMV_Sub_connector is at 107.82% of its emergency rating on phase B!
WARNING  [2000-09-01 12:00:10 PDT] : Line:HVMV_Sub_connector is at 100.10% of its emergency rating on phase C!
WARNING  [2000-09-01 12:00:10 PDT] : Line:CAP_3 is at 113.20% of its emergency rating on phase A!
WARNING  [2000-09-01 12:00:10 PDT] : Line:CAP_3 is at 107.82% of its emergency rating on phase B!
WARNING  [2000-09-01 12:00:10 PDT] : Line:CAP_2 is at 106.71% of its emergency rating on phase A!
WARNING  [2000-09-01 12:00:10 PDT] : Line:CAP_2 is at 104.06% of its emergency rating on phase B!
WARNING  [2000-09-01 12:00:10 PDT] : Line:LN6351510-1 is at 112.67% of its emergency rating on phase C!
WARNING  [2000-09-01 12:00:10 PDT] : Line:LN6350556-2 is at 105.34% of its emergency rating on phase A!
WARNING  [2000-09-01 12:00:10 PDT] : last warning message was repeated 11 times
WARNING  [2000-09-01 12:00:10 PDT] : Line:Tpx227944551C0 is at 153.41% of its emergency rating on phase 1!
WARNING  [2000-09-01 12:00:10 PDT] : Line:Tpx227944551C0 is at 153.41% of its emergency rating on phase 2!
WARNING  [2000-09-01 12:00:10 PDT] : Line:Tpx227944551A0 is at 135.34% of its emergency rating on phase 1!
WARNING  [2000-09-01 12:00:10 PDT] : Line:Tpx227944551A0 is at 135.34% of its emergency rating on phase 2!
WARNING  [2000-09-01 12:00:10 PDT] : Line:Tpx227944551B0 is at 148.38% of its emergency rating on phase 1!
WARNING  [2000-09-01 12:00:10 PDT] : Line:Tpx227944551B0 is at 148.38% of its emergency rating on phase 2!
[2025-07-10 21:10:24.632] [console] [debug] IEEE_8500node_fed[10]::setting value for gld_hlc_conn/Sa size 24
[2025-07-10 21:10:24.632] [console] [debug] IEEE_8500node_fed[10]::setting value for gld_hlc_conn/Sb size 24
[2025-07-10 21:10:24.632] [console] [debug] IEEE_8500node_fed[10]::setting value for gld_hlc_conn/Sc size 24
[2025-07-10 21:10:24.743] [console] [debug] IEEE_8500node_fed (131073)[10]::receive PUBLICATION pub:From (131072) handle(3) size 0 at 10 to 131073 from gridpack/Va
[2025-07-10 21:10:24.743] [console] [debug] IEEE_8500node_fed (131073)[10]::receive PUBLICATION pub:From (131072) handle(4) size 0 at 10 to 131073 from gridpack/Vb
[2025-07-10 21:10:24.743] [console] [debug] IEEE_8500node_fed (131073)[10]::receive PUBLICATION pub:From (131072) handle(5) size 0 at 10 to 131073 from gridpack/Vc
[2025-07-10 21:10:24.743] [console] [debug] IEEE_8500node_fed (131073)[11]::Granted Time=11
WARNING  [2000-09-01 12:00:11 PDT] : Regulator VREG3 has phase A at the maximum tap value
WARNING  [2000-09-01 12:00:11 PDT] : Line:HVMV_Sub_connector is at 113.25% of its emergency rating on phase A!
WARNING  [2000-09-01 12:00:11 PDT] : Line:HVMV_Sub_connector is at 107.82% of its emergency rating on phase B!
WARNING  [2000-09-01 12:00:11 PDT] : Line:HVMV_Sub_connector is at 100.10% of its emergency rating on phase C!
WARNING  [2000-09-01 12:00:11 PDT] : Line:CAP_3 is at 113.20% of its emergency rating on phase A!
WARNING  [2000-09-01 12:00:11 PDT] : Line:CAP_3 is at 107.82% of its emergency rating on phase B!
WARNING  [2000-09-01 12:00:11 PDT] : Line:CAP_2 is at 106.71% of its emergency rating on phase A!
WARNING  [2000-09-01 12:00:11 PDT] : Line:CAP_2 is at 104.06% of its emergency rating on phase B!
WARNING  [2000-09-01 12:00:11 PDT] : Line:LN6351510-1 is at 112.67% of its emergency rating on phase C!
WARNING  [2000-09-01 12:00:11 PDT] : Line:LN6350556-2 is at 105.34% of its emergency rating on phase A!
WARNING  [2000-09-01 12:00:11 PDT] : last warning message was repeated 11 times
WARNING  [2000-09-01 12:00:11 PDT] : Line:Tpx227944551C0 is at 153.41% of its emergency rating on phase 1!
WARNING  [2000-09-01 12:00:11 PDT] : Line:Tpx227944551C0 is at 153.41% of its emergency rating on phase 2!
WARNING  [2000-09-01 12:00:11 PDT] : Line:Tpx227944551A0 is at 135.34% of its emergency rating on phase 1!
WARNING  [2000-09-01 12:00:11 PDT] : Line:Tpx227944551A0 is at 135.34% of its emergency rating on phase 2!
WARNING  [2000-09-01 12:00:11 PDT] : Line:Tpx227944551B0 is at 148.38% of its emergency rating on phase 1!
WARNING  [2000-09-01 12:00:11 PDT] : Line:Tpx227944551B0 is at 148.38% of its emergency rating on phase 2!
[2025-07-10 21:10:24.784] [console] [debug] IEEE_8500node_fed[11]::setting value for gld_hlc_conn/Sa size 24
[2025-07-10 21:10:24.784] [console] [debug] IEEE_8500node_fed[11]::setting value for gld_hlc_conn/Sb size 24
[2025-07-10 21:10:24.784] [console] [debug] IEEE_8500node_fed[11]::setting value for gld_hlc_conn/Sc size 24
[2025-07-10 21:10:24.895] [console] [debug] IEEE_8500node_fed (131073)[11]::receive PUBLICATION pub:From (131072) handle(3) size 0 at 11 to 131073 from gridpack/Va
[2025-07-10 21:10:24.895] [console] [debug] IEEE_8500node_fed (131073)[11]::receive PUBLICATION pub:From (131072) handle(4) size 0 at 11 to 131073 from gridpack/Vb
[2025-07-10 21:10:24.895] [console] [debug] IEEE_8500node_fed (131073)[11]::receive PUBLICATION pub:From (131072) handle(5) size 0 at 11 to 131073 from gridpack/Vc
[2025-07-10 21:10:24.895] [console] [debug] IEEE_8500node_fed (131073)[12]::Granted Time=12
WARNING  [2000-09-01 12:00:12 PDT] : Regulator VREG3 has phase A at the maximum tap value
WARNING  [2000-09-01 12:00:12 PDT] : Line:HVMV_Sub_connector is at 113.25% of its emergency rating on phase A!
WARNING  [2000-09-01 12:00:12 PDT] : Line:HVMV_Sub_connector is at 107.82% of its emergency rating on phase B!
WARNING  [2000-09-01 12:00:12 PDT] : Line:HVMV_Sub_connector is at 100.10% of its emergency rating on phase C!
WARNING  [2000-09-01 12:00:12 PDT] : Line:CAP_3 is at 113.20% of its emergency rating on phase A!
WARNING  [2000-09-01 12:00:12 PDT] : Line:CAP_3 is at 107.82% of its emergency rating on phase B!
WARNING  [2000-09-01 12:00:12 PDT] : Line:CAP_2 is at 106.71% of its emergency rating on phase A!
WARNING  [2000-09-01 12:00:12 PDT] : Line:CAP_2 is at 104.06% of its emergency rating on phase B!
WARNING  [2000-09-01 12:00:12 PDT] : Line:LN6351510-1 is at 112.67% of its emergency rating on phase C!
WARNING  [2000-09-01 12:00:12 PDT] : Line:LN6350556-2 is at 105.34% of its emergency rating on phase A!
WARNING  [2000-09-01 12:00:12 PDT] : last warning message was repeated 11 times
WARNING  [2000-09-01 12:00:12 PDT] : Line:Tpx227944551C0 is at 153.41% of its emergency rating on phase 1!
WARNING  [2000-09-01 12:00:12 PDT] : Line:Tpx227944551C0 is at 153.41% of its emergency rating on phase 2!
WARNING  [2000-09-01 12:00:12 PDT] : Line:Tpx227944551A0 is at 135.34% of its emergency rating on phase 1!
WARNING  [2000-09-01 12:00:12 PDT] : Line:Tpx227944551A0 is at 135.34% of its emergency rating on phase 2!
WARNING  [2000-09-01 12:00:12 PDT] : Line:Tpx227944551B0 is at 148.38% of its emergency rating on phase 1!
WARNING  [2000-09-01 12:00:12 PDT] : Line:Tpx227944551B0 is at 148.38% of its emergency rating on phase 2!
[2025-07-10 21:10:24.937] [console] [debug] IEEE_8500node_fed[12]::setting value for gld_hlc_conn/Sa size 24
[2025-07-10 21:10:24.937] [console] [debug] IEEE_8500node_fed[12]::setting value for gld_hlc_conn/Sb size 24
[2025-07-10 21:10:24.937] [console] [debug] IEEE_8500node_fed[12]::setting value for gld_hlc_conn/Sc size 24
[2025-07-10 21:10:25.065] [console] [debug] IEEE_8500node_fed (131073)[12]::receive PUBLICATION pub:From (131072) handle(3) size 0 at 12 to 131073 from gridpack/Va
[2025-07-10 21:10:25.065] [console] [debug] IEEE_8500node_fed (131073)[12]::receive PUBLICATION pub:From (131072) handle(4) size 0 at 12 to 131073 from gridpack/Vb
[2025-07-10 21:10:25.065] [console] [debug] IEEE_8500node_fed (131073)[12]::receive PUBLICATION pub:From (131072) handle(5) size 0 at 12 to 131073 from gridpack/Vc
[2025-07-10 21:10:25.065] [console] [debug] IEEE_8500node_fed (131073)[13]::Granted Time=13
WARNING  [2000-09-01 12:00:13 PDT] : Regulator VREG3 has phase A at the maximum tap value
WARNING  [2000-09-01 12:00:13 PDT] : Line:HVMV_Sub_connector is at 113.25% of its emergency rating on phase A!
WARNING  [2000-09-01 12:00:13 PDT] : Line:HVMV_Sub_connector is at 107.82% of its emergency rating on phase B!
WARNING  [2000-09-01 12:00:13 PDT] : Line:HVMV_Sub_connector is at 100.10% of its emergency rating on phase C!
WARNING  [2000-09-01 12:00:13 PDT] : Line:CAP_3 is at 113.20% of its emergency rating on phase A!
WARNING  [2000-09-01 12:00:13 PDT] : Line:CAP_3 is at 107.82% of its emergency rating on phase B!
WARNING  [2000-09-01 12:00:13 PDT] : Line:CAP_2 is at 106.71% of its emergency rating on phase A!
WARNING  [2000-09-01 12:00:13 PDT] : Line:CAP_2 is at 104.06% of its emergency rating on phase B!
WARNING  [2000-09-01 12:00:13 PDT] : Line:LN6351510-1 is at 112.67% of its emergency rating on phase C!
WARNING  [2000-09-01 12:00:13 PDT] : Line:LN6350556-2 is at 105.34% of its emergency rating on phase A!
WARNING  [2000-09-01 12:00:13 PDT] : last warning message was repeated 11 times
WARNING  [2000-09-01 12:00:13 PDT] : Line:Tpx227944551C0 is at 153.41% of its emergency rating on phase 1!
WARNING  [2000-09-01 12:00:13 PDT] : Line:Tpx227944551C0 is at 153.41% of its emergency rating on phase 2!
WARNING  [2000-09-01 12:00:13 PDT] : Line:Tpx227944551A0 is at 135.34% of its emergency rating on phase 1!
WARNING  [2000-09-01 12:00:13 PDT] : Line:Tpx227944551A0 is at 135.34% of its emergency rating on phase 2!
WARNING  [2000-09-01 12:00:13 PDT] : Line:Tpx227944551B0 is at 148.38% of its emergency rating on phase 1!
WARNING  [2000-09-01 12:00:13 PDT] : Line:Tpx227944551B0 is at 148.38% of its emergency rating on phase 2!
                                      Processing 2000-09-01 12:00:13 PDT...[2025-07-10 21:10:25.105] [console] [debug] IEEE_8500node_fed[13]::setting value for gld_hlc_conn/Sa size 24
[2025-07-10 21:10:25.105] [console] [debug] IEEE_8500node_fed[13]::setting value for gld_hlc_conn/Sb size 24
[2025-07-10 21:10:25.105] [console] [debug] IEEE_8500node_fed[13]::setting value for gld_hlc_conn/Sc size 24
[2025-07-10 21:10:25.230] [console] [debug] IEEE_8500node_fed (131073)[13]::receive PUBLICATION pub:From (131072) handle(3) size 0 at 13 to 131073 from gridpack/Va
[2025-07-10 21:10:25.230] [console] [debug] IEEE_8500node_fed (131073)[13]::receive PUBLICATION pub:From (131072) handle(4) size 0 at 13 to 131073 from gridpack/Vb
[2025-07-10 21:10:25.230] [console] [debug] IEEE_8500node_fed (131073)[13]::receive PUBLICATION pub:From (131072) handle(5) size 0 at 13 to 131073 from gridpack/Vc
[2025-07-10 21:10:25.230] [console] [debug] IEEE_8500node_fed (131073)[14]::Granted Time=14
WARNING  [2000-09-01 12:00:14 PDT] : Regulator VREG3 has phase A at the maximum tap value
WARNING  [2000-09-01 12:00:14 PDT] : Line:HVMV_Sub_connector is at 113.25% of its emergency rating on phase A!
WARNING  [2000-09-01 12:00:14 PDT] : Line:HVMV_Sub_connector is at 107.82% of its emergency rating on phase B!
WARNING  [2000-09-01 12:00:14 PDT] : Line:HVMV_Sub_connector is at 100.10% of its emergency rating on phase C!
WARNING  [2000-09-01 12:00:14 PDT] : Line:CAP_3 is at 113.20% of its emergency rating on phase A!
WARNING  [2000-09-01 12:00:14 PDT] : Line:CAP_3 is at 107.82% of its emergency rating on phase B!
WARNING  [2000-09-01 12:00:14 PDT] : Line:CAP_2 is at 106.71% of its emergency rating on phase A!
WARNING  [2000-09-01 12:00:14 PDT] : Line:CAP_2 is at 104.06% of its emergency rating on phase B!
WARNING  [2000-09-01 12:00:14 PDT] : Line:LN6351510-1 is at 112.67% of its emergency rating on phase C!
WARNING  [2000-09-01 12:00:14 PDT] : Line:LN6350556-2 is at 105.34% of its emergency rating on phase A!
WARNING  [2000-09-01 12:00:14 PDT] : last warning message was repeated 11 times
WARNING  [2000-09-01 12:00:14 PDT] : Line:Tpx227944551C0 is at 153.41% of its emergency rating on phase 1!
WARNING  [2000-09-01 12:00:14 PDT] : Line:Tpx227944551C0 is at 153.41% of its emergency rating on phase 2!
WARNING  [2000-09-01 12:00:14 PDT] : Line:Tpx227944551A0 is at 135.34% of its emergency rating on phase 1!
WARNING  [2000-09-01 12:00:14 PDT] : Line:Tpx227944551A0 is at 135.34% of its emergency rating on phase 2!
WARNING  [2000-09-01 12:00:14 PDT] : Line:Tpx227944551B0 is at 148.38% of its emergency rating on phase 1!
WARNING  [2000-09-01 12:00:14 PDT] : Line:Tpx227944551B0 is at 148.38% of its emergency rating on phase 2!
[2025-07-10 21:10:25.271] [console] [debug] IEEE_8500node_fed[14]::setting value for gld_hlc_conn/Sa size 24
[2025-07-10 21:10:25.271] [console] [debug] IEEE_8500node_fed[14]::setting value for gld_hlc_conn/Sb size 24
[2025-07-10 21:10:25.271] [console] [debug] IEEE_8500node_fed[14]::setting value for gld_hlc_conn/Sc size 24
[2025-07-10 21:10:25.402] [console] [debug] IEEE_8500node_fed (131073)[14]::receive PUBLICATION pub:From (131072) handle(3) size 0 at 14 to 131073 from gridpack/Va
[2025-07-10 21:10:25.402] [console] [debug] IEEE_8500node_fed (131073)[14]::receive PUBLICATION pub:From (131072) handle(4) size 0 at 14 to 131073 from gridpack/Vb
[2025-07-10 21:10:25.402] [console] [debug] IEEE_8500node_fed (131073)[14]::receive PUBLICATION pub:From (131072) handle(5) size 0 at 14 to 131073 from gridpack/Vc
[2025-07-10 21:10:25.403] [console] [debug] IEEE_8500node_fed (131073)[15]::Granted Time=15
WARNING  [2000-09-01 12:00:15 PDT] : Regulator VREG3 has phase A at the maximum tap value
WARNING  [2000-09-01 12:00:15 PDT] : Line:HVMV_Sub_connector is at 113.25% of its emergency rating on phase A!
WARNING  [2000-09-01 12:00:15 PDT] : Line:HVMV_Sub_connector is at 107.82% of its emergency rating on phase B!
WARNING  [2000-09-01 12:00:15 PDT] : Line:HVMV_Sub_connector is at 100.10% of its emergency rating on phase C!
WARNING  [2000-09-01 12:00:15 PDT] : Line:CAP_3 is at 113.20% of its emergency rating on phase A!
WARNING  [2000-09-01 12:00:15 PDT] : Line:CAP_3 is at 107.82% of its emergency rating on phase B!
WARNING  [2000-09-01 12:00:15 PDT] : Line:CAP_2 is at 106.71% of its emergency rating on phase A!
WARNING  [2000-09-01 12:00:15 PDT] : Line:CAP_2 is at 104.06% of its emergency rating on phase B!
WARNING  [2000-09-01 12:00:15 PDT] : Line:LN6351510-1 is at 112.67% of its emergency rating on phase C!
WARNING  [2000-09-01 12:00:15 PDT] : Line:LN6350556-2 is at 105.34% of its emergency rating on phase A!
WARNING  [2000-09-01 12:00:15 PDT] : last warning message was repeated 11 times
WARNING  [2000-09-01 12:00:15 PDT] : Line:Tpx227944551C0 is at 153.41% of its emergency rating on phase 1!
WARNING  [2000-09-01 12:00:15 PDT] : Line:Tpx227944551C0 is at 153.41% of its emergency rating on phase 2!
WARNING  [2000-09-01 12:00:15 PDT] : Line:Tpx227944551A0 is at 135.35% of its emergency rating on phase 1!
WARNING  [2000-09-01 12:00:15 PDT] : Line:Tpx227944551A0 is at 135.35% of its emergency rating on phase 2!
WARNING  [2000-09-01 12:00:15 PDT] : Line:Tpx227944551B0 is at 148.38% of its emergency rating on phase 1!
WARNING  [2000-09-01 12:00:15 PDT] : Line:Tpx227944551B0 is at 148.38% of its emergency rating on phase 2!
[2025-07-10 21:10:25.446] [console] [debug] IEEE_8500node_fed[15]::setting value for gld_hlc_conn/Sa size 24
[2025-07-10 21:10:25.446] [console] [debug] IEEE_8500node_fed[15]::setting value for gld_hlc_conn/Sb size 24
[2025-07-10 21:10:25.446] [console] [debug] IEEE_8500node_fed[15]::setting value for gld_hlc_conn/Sc size 24
[2025-07-10 21:10:25.470] [console] [debug] IEEE_8500node_fed (131073)[15]::receive PUBLICATION pub:From (131072) handle(3) size 0 at 15 to 131073 from gridpack/Va
[2025-07-10 21:10:25.470] [console] [debug] IEEE_8500node_fed (131073)[15]::receive PUBLICATION pub:From (131072) handle(4) size 0 at 15 to 131073 from gridpack/Vb
[2025-07-10 21:10:25.470] [console] [debug] IEEE_8500node_fed (131073)[15]::receive PUBLICATION pub:From (131072) handle(5) size 0 at 15 to 131073 from gridpack/Vc
[2025-07-10 21:10:25.471] [console] [debug] IEEE_8500node_fed (131073)[16]::Granted Time=16
WARNING  [2000-09-01 12:00:16 PDT] : Regulator VREG3 has phase A at the maximum tap value
WARNING  [2000-09-01 12:00:16 PDT] : Line:HVMV_Sub_connector is at 113.25% of its emergency rating on phase A!
WARNING  [2000-09-01 12:00:16 PDT] : Line:HVMV_Sub_connector is at 107.82% of its emergency rating on phase B!
WARNING  [2000-09-01 12:00:16 PDT] : Line:HVMV_Sub_connector is at 100.10% of its emergency rating on phase C!
WARNING  [2000-09-01 12:00:16 PDT] : Line:CAP_3 is at 113.20% of its emergency rating on phase A!
WARNING  [2000-09-01 12:00:16 PDT] : Line:CAP_3 is at 107.82% of its emergency rating on phase B!
WARNING  [2000-09-01 12:00:16 PDT] : Line:CAP_2 is at 106.71% of its emergency rating on phase A!
WARNING  [2000-09-01 12:00:16 PDT] : Line:CAP_2 is at 104.06% of its emergency rating on phase B!
WARNING  [2000-09-01 12:00:16 PDT] : Line:LN6351510-1 is at 112.67% of its emergency rating on phase C!
WARNING  [2000-09-01 12:00:16 PDT] : Line:LN6350556-2 is at 105.34% of its emergency rating on phase A!
WARNING  [2000-09-01 12:00:16 PDT] : last warning message was repeated 11 times
WARNING  [2000-09-01 12:00:16 PDT] : Line:Tpx227944551C0 is at 153.41% of its emergency rating on phase 1!
WARNING  [2000-09-01 12:00:16 PDT] : Line:Tpx227944551C0 is at 153.41% of its emergency rating on phase 2!
WARNING  [2000-09-01 12:00:16 PDT] : Line:Tpx227944551A0 is at 135.35% of its emergency rating on phase 1!
WARNING  [2000-09-01 12:00:16 PDT] : Line:Tpx227944551A0 is at 135.35% of its emergency rating on phase 2!
WARNING  [2000-09-01 12:00:16 PDT] : Line:Tpx227944551B0 is at 148.38% of its emergency rating on phase 1!
WARNING  [2000-09-01 12:00:16 PDT] : Line:Tpx227944551B0 is at 148.38% of its emergency rating on phase 2!
[2025-07-10 21:10:25.517] [console] [debug] IEEE_8500node_fed[16]::setting value for gld_hlc_conn/Sa size 24
[2025-07-10 21:10:25.517] [console] [debug] IEEE_8500node_fed[16]::setting value for gld_hlc_conn/Sb size 24
[2025-07-10 21:10:25.517] [console] [debug] IEEE_8500node_fed[16]::setting value for gld_hlc_conn/Sc size 24
[2025-07-10 21:10:25.655] [console] [debug] IEEE_8500node_fed (131073)[16]::receive PUBLICATION pub:From (131072) handle(3) size 0 at 16 to 131073 from gridpack/Va
[2025-07-10 21:10:25.655] [console] [debug] IEEE_8500node_fed (131073)[16]::receive PUBLICATION pub:From (131072) handle(4) size 0 at 16 to 131073 from gridpack/Vb
[2025-07-10 21:10:25.655] [console] [debug] IEEE_8500node_fed (131073)[16]::receive PUBLICATION pub:From (131072) handle(5) size 0 at 16 to 131073 from gridpack/Vc
[2025-07-10 21:10:25.655] [console] [debug] IEEE_8500node_fed (131073)[17]::Granted Time=17
WARNING  [2000-09-01 12:00:17 PDT] : Regulator VREG3 has phase A at the maximum tap value
WARNING  [2000-09-01 12:00:17 PDT] : Line:HVMV_Sub_connector is at 113.25% of its emergency rating on phase A!
WARNING  [2000-09-01 12:00:17 PDT] : Line:HVMV_Sub_connector is at 107.82% of its emergency rating on phase B!
WARNING  [2000-09-01 12:00:17 PDT] : Line:HVMV_Sub_connector is at 100.10% of its emergency rating on phase C!
WARNING  [2000-09-01 12:00:17 PDT] : Line:CAP_3 is at 113.20% of its emergency rating on phase A!
WARNING  [2000-09-01 12:00:17 PDT] : Line:CAP_3 is at 107.82% of its emergency rating on phase B!
WARNING  [2000-09-01 12:00:17 PDT] : Line:CAP_2 is at 106.71% of its emergency rating on phase A!
WARNING  [2000-09-01 12:00:17 PDT] : Line:CAP_2 is at 104.06% of its emergency rating on phase B!
WARNING  [2000-09-01 12:00:17 PDT] : Line:LN6351510-1 is at 112.67% of its emergency rating on phase C!
WARNING  [2000-09-01 12:00:17 PDT] : Line:LN6350556-2 is at 105.34% of its emergency rating on phase A!
WARNING  [2000-09-01 12:00:17 PDT] : last warning message was repeated 11 times
WARNING  [2000-09-01 12:00:17 PDT] : Line:Tpx227944551C0 is at 153.41% of its emergency rating on phase 1!
WARNING  [2000-09-01 12:00:17 PDT] : Line:Tpx227944551C0 is at 153.41% of its emergency rating on phase 2!
WARNING  [2000-09-01 12:00:17 PDT] : Line:Tpx227944551A0 is at 135.35% of its emergency rating on phase 1!
WARNING  [2000-09-01 12:00:17 PDT] : Line:Tpx227944551A0 is at 135.35% of its emergency rating on phase 2!
WARNING  [2000-09-01 12:00:17 PDT] : Line:Tpx227944551B0 is at 148.38% of its emergency rating on phase 1!
WARNING  [2000-09-01 12:00:17 PDT] : Line:Tpx227944551B0 is at 148.38% of its emergency rating on phase 2!
[2025-07-10 21:10:25.710] [console] [debug] IEEE_8500node_fed[17]::setting value for gld_hlc_conn/Sa size 24
[2025-07-10 21:10:25.710] [console] [debug] IEEE_8500node_fed[17]::setting value for gld_hlc_conn/Sb size 24
[2025-07-10 21:10:25.710] [console] [debug] IEEE_8500node_fed[17]::setting value for gld_hlc_conn/Sc size 24
[2025-07-10 21:10:25.870] [console] [debug] IEEE_8500node_fed (131073)[17]::receive PUBLICATION pub:From (131072) handle(3) size 0 at 17 to 131073 from gridpack/Va
[2025-07-10 21:10:25.870] [console] [debug] IEEE_8500node_fed (131073)[17]::receive PUBLICATION pub:From (131072) handle(4) size 0 at 17 to 131073 from gridpack/Vb
[2025-07-10 21:10:25.870] [console] [debug] IEEE_8500node_fed (131073)[17]::receive PUBLICATION pub:From (131072) handle(5) size 0 at 17 to 131073 from gridpack/Vc
[2025-07-10 21:10:25.870] [console] [debug] IEEE_8500node_fed (131073)[18]::Granted Time=18
WARNING  [2000-09-01 12:00:18 PDT] : Regulator VREG3 has phase A at the maximum tap value
WARNING  [2000-09-01 12:00:18 PDT] : Line:HVMV_Sub_connector is at 113.25% of its emergency rating on phase A!
WARNING  [2000-09-01 12:00:18 PDT] : Line:HVMV_Sub_connector is at 107.82% of its emergency rating on phase B!
WARNING  [2000-09-01 12:00:18 PDT] : Line:HVMV_Sub_connector is at 100.10% of its emergency rating on phase C!
WARNING  [2000-09-01 12:00:18 PDT] : Line:CAP_3 is at 113.20% of its emergency rating on phase A!
WARNING  [2000-09-01 12:00:18 PDT] : Line:CAP_3 is at 107.82% of its emergency rating on phase B!
WARNING  [2000-09-01 12:00:18 PDT] : Line:CAP_2 is at 106.71% of its emergency rating on phase A!
WARNING  [2000-09-01 12:00:18 PDT] : Line:CAP_2 is at 104.06% of its emergency rating on phase B!
WARNING  [2000-09-01 12:00:18 PDT] : Line:LN6351510-1 is at 112.67% of its emergency rating on phase C!
WARNING  [2000-09-01 12:00:18 PDT] : Line:LN6350556-2 is at 105.34% of its emergency rating on phase A!
WARNING  [2000-09-01 12:00:18 PDT] : last warning message was repeated 11 times
WARNING  [2000-09-01 12:00:18 PDT] : Line:Tpx227944551C0 is at 153.41% of its emergency rating on phase 1!
WARNING  [2000-09-01 12:00:18 PDT] : Line:Tpx227944551C0 is at 153.41% of its emergency rating on phase 2!
WARNING  [2000-09-01 12:00:18 PDT] : Line:Tpx227944551A0 is at 135.35% of its emergency rating on phase 1!
WARNING  [2000-09-01 12:00:18 PDT] : Line:Tpx227944551A0 is at 135.35% of its emergency rating on phase 2!
WARNING  [2000-09-01 12:00:18 PDT] : Line:Tpx227944551B0 is at 148.38% of its emergency rating on phase 1!
WARNING  [2000-09-01 12:00:18 PDT] : Line:Tpx227944551B0 is at 148.38% of its emergency rating on phase 2!
[2025-07-10 21:10:25.910] [console] [debug] IEEE_8500node_fed[18]::setting value for gld_hlc_conn/Sa size 24
[2025-07-10 21:10:25.910] [console] [debug] IEEE_8500node_fed[18]::setting value for gld_hlc_conn/Sb size 24
[2025-07-10 21:10:25.910] [console] [debug] IEEE_8500node_fed[18]::setting value for gld_hlc_conn/Sc size 24
[2025-07-10 21:10:26.063] [console] [debug] IEEE_8500node_fed (131073)[18]::receive PUBLICATION pub:From (131072) handle(3) size 0 at 18 to 131073 from gridpack/Va
[2025-07-10 21:10:26.063] [console] [debug] IEEE_8500node_fed (131073)[18]::receive PUBLICATION pub:From (131072) handle(4) size 0 at 18 to 131073 from gridpack/Vb
[2025-07-10 21:10:26.063] [console] [debug] IEEE_8500node_fed (131073)[18]::receive PUBLICATION pub:From (131072) handle(5) size 0 at 18 to 131073 from gridpack/Vc
[2025-07-10 21:10:26.063] [console] [debug] IEEE_8500node_fed (131073)[19]::Granted Time=19
WARNING  [2000-09-01 12:00:19 PDT] : Regulator VREG3 has phase A at the maximum tap value
WARNING  [2000-09-01 12:00:19 PDT] : Line:HVMV_Sub_connector is at 113.25% of its emergency rating on phase A!
WARNING  [2000-09-01 12:00:19 PDT] : Line:HVMV_Sub_connector is at 107.82% of its emergency rating on phase B!
WARNING  [2000-09-01 12:00:19 PDT] : Line:HVMV_Sub_connector is at 100.10% of its emergency rating on phase C!
WARNING  [2000-09-01 12:00:19 PDT] : Line:CAP_3 is at 113.20% of its emergency rating on phase A!
WARNING  [2000-09-01 12:00:19 PDT] : Line:CAP_3 is at 107.82% of its emergency rating on phase B!
WARNING  [2000-09-01 12:00:19 PDT] : Line:CAP_2 is at 106.71% of its emergency rating on phase A!
WARNING  [2000-09-01 12:00:19 PDT] : Line:CAP_2 is at 104.06% of its emergency rating on phase B!
WARNING  [2000-09-01 12:00:19 PDT] : Line:LN6351510-1 is at 112.67% of its emergency rating on phase C!
WARNING  [2000-09-01 12:00:19 PDT] : Line:LN6350556-2 is at 105.34% of its emergency rating on phase A!
WARNING  [2000-09-01 12:00:19 PDT] : last warning message was repeated 11 times
WARNING  [2000-09-01 12:00:19 PDT] : Line:Tpx227944551C0 is at 153.41% of its emergency rating on phase 1!
WARNING  [2000-09-01 12:00:19 PDT] : Line:Tpx227944551C0 is at 153.41% of its emergency rating on phase 2!
WARNING  [2000-09-01 12:00:19 PDT] : Line:Tpx227944551A0 is at 135.35% of its emergency rating on phase 1!
WARNING  [2000-09-01 12:00:19 PDT] : Line:Tpx227944551A0 is at 135.35% of its emergency rating on phase 2!
WARNING  [2000-09-01 12:00:19 PDT] : Line:Tpx227944551B0 is at 148.38% of its emergency rating on phase 1!
WARNING  [2000-09-01 12:00:19 PDT] : Line:Tpx227944551B0 is at 148.38% of its emergency rating on phase 2!
                                      Processing 2000-09-01 12:00:19 PDT...[2025-07-10 21:10:26.115] [console] [debug] IEEE_8500node_fed[19]::setting value for gld_hlc_conn/Sa size 24
[2025-07-10 21:10:26.116] [console] [debug] IEEE_8500node_fed[19]::setting value for gld_hlc_conn/Sb size 24
[2025-07-10 21:10:26.116] [console] [debug] IEEE_8500node_fed[19]::setting value for gld_hlc_conn/Sc size 24
[2025-07-10 21:10:26.245] [console] [debug] IEEE_8500node_fed (131073)[19]::receive PUBLICATION pub:From (131072) handle(3) size 0 at 19 to 131073 from gridpack/Va
[2025-07-10 21:10:26.245] [console] [debug] IEEE_8500node_fed (131073)[19]::receive PUBLICATION pub:From (131072) handle(4) size 0 at 19 to 131073 from gridpack/Vb
[2025-07-10 21:10:26.245] [console] [debug] IEEE_8500node_fed (131073)[19]::receive PUBLICATION pub:From (131072) handle(5) size 0 at 19 to 131073 from gridpack/Vc
[2025-07-10 21:10:26.245] [console] [debug] IEEE_8500node_fed (131073)[20]::Granted Time=20
WARNING  [2000-09-01 12:00:20 PDT] : Regulator VREG3 has phase A at the maximum tap value
WARNING  [2000-09-01 12:00:20 PDT] : Line:HVMV_Sub_connector is at 113.25% of its emergency rating on phase A!
WARNING  [2000-09-01 12:00:20 PDT] : Line:HVMV_Sub_connector is at 107.82% of its emergency rating on phase B!
WARNING  [2000-09-01 12:00:20 PDT] : Line:HVMV_Sub_connector is at 100.10% of its emergency rating on phase C!
WARNING  [2000-09-01 12:00:20 PDT] : Line:CAP_3 is at 113.20% of its emergency rating on phase A!
WARNING  [2000-09-01 12:00:20 PDT] : Line:CAP_3 is at 107.82% of its emergency rating on phase B!
WARNING  [2000-09-01 12:00:20 PDT] : Line:CAP_2 is at 106.71% of its emergency rating on phase A!
WARNING  [2000-09-01 12:00:20 PDT] : Line:CAP_2 is at 104.06% of its emergency rating on phase B!
WARNING  [2000-09-01 12:00:20 PDT] : Line:LN6351510-1 is at 112.67% of its emergency rating on phase C!
WARNING  [2000-09-01 12:00:20 PDT] : Line:LN6350556-2 is at 105.34% of its emergency rating on phase A!
WARNING  [2000-09-01 12:00:20 PDT] : last warning message was repeated 11 times
WARNING  [2000-09-01 12:00:20 PDT] : Line:Tpx227944551C0 is at 153.41% of its emergency rating on phase 1!
WARNING  [2000-09-01 12:00:20 PDT] : Line:Tpx227944551C0 is at 153.41% of its emergency rating on phase 2!
WARNING  [2000-09-01 12:00:20 PDT] : Line:Tpx227944551A0 is at 135.35% of its emergency rating on phase 1!
WARNING  [2000-09-01 12:00:20 PDT] : Line:Tpx227944551A0 is at 135.35% of its emergency rating on phase 2!
WARNING  [2000-09-01 12:00:20 PDT] : Line:Tpx227944551B0 is at 148.38% of its emergency rating on phase 1!
WARNING  [2000-09-01 12:00:20 PDT] : Line:Tpx227944551B0 is at 148.38% of its emergency rating on phase 2!
[2025-07-10 21:10:26.283] [console] [debug] IEEE_8500node_fed[20]::setting value for gld_hlc_conn/Sa size 24
[2025-07-10 21:10:26.283] [console] [debug] IEEE_8500node_fed[20]::setting value for gld_hlc_conn/Sb size 24
[2025-07-10 21:10:26.283] [console] [debug] IEEE_8500node_fed[20]::setting value for gld_hlc_conn/Sc size 24
[2025-07-10 21:10:26.424] [console] [debug] IEEE_8500node_fed (131073)[20]::receive PUBLICATION pub:From (131072) handle(3) size 0 at 20 to 131073 from gridpack/Va
[2025-07-10 21:10:26.424] [console] [debug] IEEE_8500node_fed (131073)[20]::receive PUBLICATION pub:From (131072) handle(4) size 0 at 20 to 131073 from gridpack/Vb
[2025-07-10 21:10:26.424] [console] [debug] IEEE_8500node_fed (131073)[20]::receive PUBLICATION pub:From (131072) handle(5) size 0 at 20 to 131073 from gridpack/Vc
[2025-07-10 21:10:26.424] [console] [debug] IEEE_8500node_fed (131073)[21]::Granted Time=21
WARNING  [2000-09-01 12:00:21 PDT] : Regulator VREG3 has phase A at the maximum tap value
WARNING  [2000-09-01 12:00:21 PDT] : Line:HVMV_Sub_connector is at 113.25% of its emergency rating on phase A!
WARNING  [2000-09-01 12:00:21 PDT] : Line:HVMV_Sub_connector is at 107.82% of its emergency rating on phase B!
WARNING  [2000-09-01 12:00:21 PDT] : Line:HVMV_Sub_connector is at 100.10% of its emergency rating on phase C!
WARNING  [2000-09-01 12:00:21 PDT] : Line:CAP_3 is at 113.20% of its emergency rating on phase A!
WARNING  [2000-09-01 12:00:21 PDT] : Line:CAP_3 is at 107.82% of its emergency rating on phase B!
WARNING  [2000-09-01 12:00:21 PDT] : Line:CAP_2 is at 106.71% of its emergency rating on phase A!
WARNING  [2000-09-01 12:00:21 PDT] : Line:CAP_2 is at 104.06% of its emergency rating on phase B!
WARNING  [2000-09-01 12:00:21 PDT] : Line:LN6351510-1 is at 112.67% of its emergency rating on phase C!
WARNING  [2000-09-01 12:00:21 PDT] : Line:LN6350556-2 is at 105.34% of its emergency rating on phase A!
WARNING  [2000-09-01 12:00:21 PDT] : last warning message was repeated 11 times
WARNING  [2000-09-01 12:00:21 PDT] : Line:Tpx227944551C0 is at 153.41% of its emergency rating on phase 1!
WARNING  [2000-09-01 12:00:21 PDT] : Line:Tpx227944551C0 is at 153.41% of its emergency rating on phase 2!
WARNING  [2000-09-01 12:00:21 PDT] : Line:Tpx227944551A0 is at 135.35% of its emergency rating on phase 1!
WARNING  [2000-09-01 12:00:21 PDT] : Line:Tpx227944551A0 is at 135.35% of its emergency rating on phase 2!
WARNING  [2000-09-01 12:00:21 PDT] : Line:Tpx227944551B0 is at 148.38% of its emergency rating on phase 1!
WARNING  [2000-09-01 12:00:21 PDT] : Line:Tpx227944551B0 is at 148.38% of its emergency rating on phase 2!
[2025-07-10 21:10:26.467] [console] [debug] IEEE_8500node_fed[21]::setting value for gld_hlc_conn/Sa size 24
[2025-07-10 21:10:26.467] [console] [debug] IEEE_8500node_fed[21]::setting value for gld_hlc_conn/Sb size 24
[2025-07-10 21:10:26.467] [console] [debug] IEEE_8500node_fed[21]::setting value for gld_hlc_conn/Sc size 24
[2025-07-10 21:10:26.604] [console] [debug] IEEE_8500node_fed (131073)[21]::receive PUBLICATION pub:From (131072) handle(3) size 0 at 21 to 131073 from gridpack/Va
[2025-07-10 21:10:26.604] [console] [debug] IEEE_8500node_fed (131073)[21]::receive PUBLICATION pub:From (131072) handle(4) size 0 at 21 to 131073 from gridpack/Vb
[2025-07-10 21:10:26.604] [console] [debug] IEEE_8500node_fed (131073)[21]::receive PUBLICATION pub:From (131072) handle(5) size 0 at 21 to 131073 from gridpack/Vc
[2025-07-10 21:10:26.604] [console] [debug] IEEE_8500node_fed (131073)[22]::Granted Time=22
WARNING  [2000-09-01 12:00:22 PDT] : Regulator VREG3 has phase A at the maximum tap value
WARNING  [2000-09-01 12:00:22 PDT] : Line:HVMV_Sub_connector is at 113.25% of its emergency rating on phase A!
WARNING  [2000-09-01 12:00:22 PDT] : Line:HVMV_Sub_connector is at 107.82% of its emergency rating on phase B!
WARNING  [2000-09-01 12:00:22 PDT] : Line:HVMV_Sub_connector is at 100.10% of its emergency rating on phase C!
WARNING  [2000-09-01 12:00:22 PDT] : Line:CAP_3 is at 113.20% of its emergency rating on phase A!
WARNING  [2000-09-01 12:00:22 PDT] : Line:CAP_3 is at 107.82% of its emergency rating on phase B!
WARNING  [2000-09-01 12:00:22 PDT] : Line:CAP_2 is at 106.71% of its emergency rating on phase A!
WARNING  [2000-09-01 12:00:22 PDT] : Line:CAP_2 is at 104.06% of its emergency rating on phase B!
WARNING  [2000-09-01 12:00:22 PDT] : Line:LN6351510-1 is at 112.67% of its emergency rating on phase C!
WARNING  [2000-09-01 12:00:22 PDT] : Line:LN6350556-2 is at 105.34% of its emergency rating on phase A!
WARNING  [2000-09-01 12:00:22 PDT] : last warning message was repeated 11 times
WARNING  [2000-09-01 12:00:22 PDT] : Line:Tpx227944551C0 is at 153.41% of its emergency rating on phase 1!
WARNING  [2000-09-01 12:00:22 PDT] : Line:Tpx227944551C0 is at 153.41% of its emergency rating on phase 2!
WARNING  [2000-09-01 12:00:22 PDT] : Line:Tpx227944551A0 is at 135.35% of its emergency rating on phase 1!
WARNING  [2000-09-01 12:00:22 PDT] : Line:Tpx227944551A0 is at 135.35% of its emergency rating on phase 2!
WARNING  [2000-09-01 12:00:22 PDT] : Line:Tpx227944551B0 is at 148.38% of its emergency rating on phase 1!
WARNING  [2000-09-01 12:00:22 PDT] : Line:Tpx227944551B0 is at 148.38% of its emergency rating on phase 2!
[2025-07-10 21:10:26.641] [console] [debug] IEEE_8500node_fed[22]::setting value for gld_hlc_conn/Sa size 24
[2025-07-10 21:10:26.641] [console] [debug] IEEE_8500node_fed[22]::setting value for gld_hlc_conn/Sb size 24
[2025-07-10 21:10:26.641] [console] [debug] IEEE_8500node_fed[22]::setting value for gld_hlc_conn/Sc size 24
[2025-07-10 21:10:26.780] [console] [debug] IEEE_8500node_fed (131073)[22]::receive PUBLICATION pub:From (131072) handle(3) size 0 at 22 to 131073 from gridpack/Va
[2025-07-10 21:10:26.780] [console] [debug] IEEE_8500node_fed (131073)[22]::receive PUBLICATION pub:From (131072) handle(4) size 0 at 22 to 131073 from gridpack/Vb
[2025-07-10 21:10:26.780] [console] [debug] IEEE_8500node_fed (131073)[22]::receive PUBLICATION pub:From (131072) handle(5) size 0 at 22 to 131073 from gridpack/Vc
[2025-07-10 21:10:26.780] [console] [debug] IEEE_8500node_fed (131073)[23]::Granted Time=23
WARNING  [2000-09-01 12:00:23 PDT] : Regulator VREG3 has phase A at the maximum tap value
WARNING  [2000-09-01 12:00:23 PDT] : Line:HVMV_Sub_connector is at 113.25% of its emergency rating on phase A!
WARNING  [2000-09-01 12:00:23 PDT] : Line:HVMV_Sub_connector is at 107.82% of its emergency rating on phase B!
WARNING  [2000-09-01 12:00:23 PDT] : Line:HVMV_Sub_connector is at 100.10% of its emergency rating on phase C!
WARNING  [2000-09-01 12:00:23 PDT] : Line:CAP_3 is at 113.20% of its emergency rating on phase A!
WARNING  [2000-09-01 12:00:23 PDT] : Line:CAP_3 is at 107.82% of its emergency rating on phase B!
WARNING  [2000-09-01 12:00:23 PDT] : Line:CAP_2 is at 106.71% of its emergency rating on phase A!
WARNING  [2000-09-01 12:00:23 PDT] : Line:CAP_2 is at 104.06% of its emergency rating on phase B!
WARNING  [2000-09-01 12:00:23 PDT] : Line:LN6351510-1 is at 112.67% of its emergency rating on phase C!
WARNING  [2000-09-01 12:00:23 PDT] : Line:LN6350556-2 is at 105.34% of its emergency rating on phase A!
WARNING  [2000-09-01 12:00:23 PDT] : last warning message was repeated 11 times
WARNING  [2000-09-01 12:00:23 PDT] : Line:Tpx227944551C0 is at 153.41% of its emergency rating on phase 1!
WARNING  [2000-09-01 12:00:23 PDT] : Line:Tpx227944551C0 is at 153.41% of its emergency rating on phase 2!
WARNING  [2000-09-01 12:00:23 PDT] : Line:Tpx227944551A0 is at 135.35% of its emergency rating on phase 1!
WARNING  [2000-09-01 12:00:23 PDT] : Line:Tpx227944551A0 is at 135.35% of its emergency rating on phase 2!
WARNING  [2000-09-01 12:00:23 PDT] : Line:Tpx227944551B0 is at 148.38% of its emergency rating on phase 1!
WARNING  [2000-09-01 12:00:23 PDT] : Line:Tpx227944551B0 is at 148.38% of its emergency rating on phase 2!
[2025-07-10 21:10:26.823] [console] [debug] IEEE_8500node_fed[23]::setting value for gld_hlc_conn/Sa size 24
[2025-07-10 21:10:26.823] [console] [debug] IEEE_8500node_fed[23]::setting value for gld_hlc_conn/Sb size 24
[2025-07-10 21:10:26.823] [console] [debug] IEEE_8500node_fed[23]::setting value for gld_hlc_conn/Sc size 24
[2025-07-10 21:10:26.944] [console] [debug] IEEE_8500node_fed (131073)[23]::receive PUBLICATION pub:From (131072) handle(3) size 0 at 23 to 131073 from gridpack/Va
[2025-07-10 21:10:26.944] [console] [debug] IEEE_8500node_fed (131073)[23]::receive PUBLICATION pub:From (131072) handle(4) size 0 at 23 to 131073 from gridpack/Vb
[2025-07-10 21:10:26.944] [console] [debug] IEEE_8500node_fed (131073)[23]::receive PUBLICATION pub:From (131072) handle(5) size 0 at 23 to 131073 from gridpack/Vc
[2025-07-10 21:10:26.944] [console] [debug] IEEE_8500node_fed (131073)[24]::Granted Time=24
WARNING  [2000-09-01 12:00:24 PDT] : Regulator VREG3 has phase A at the maximum tap value
WARNING  [2000-09-01 12:00:24 PDT] : Line:HVMV_Sub_connector is at 113.25% of its emergency rating on phase A!
WARNING  [2000-09-01 12:00:24 PDT] : Line:HVMV_Sub_connector is at 107.82% of its emergency rating on phase B!
WARNING  [2000-09-01 12:00:24 PDT] : Line:HVMV_Sub_connector is at 100.10% of its emergency rating on phase C!
WARNING  [2000-09-01 12:00:24 PDT] : Line:CAP_3 is at 113.20% of its emergency rating on phase A!
WARNING  [2000-09-01 12:00:24 PDT] : Line:CAP_3 is at 107.82% of its emergency rating on phase B!
WARNING  [2000-09-01 12:00:24 PDT] : Line:CAP_2 is at 106.71% of its emergency rating on phase A!
WARNING  [2000-09-01 12:00:24 PDT] : Line:CAP_2 is at 104.06% of its emergency rating on phase B!
WARNING  [2000-09-01 12:00:24 PDT] : Line:LN6351510-1 is at 112.67% of its emergency rating on phase C!
WARNING  [2000-09-01 12:00:24 PDT] : Line:LN6350556-2 is at 105.34% of its emergency rating on phase A!
WARNING  [2000-09-01 12:00:24 PDT] : last warning message was repeated 11 times
WARNING  [2000-09-01 12:00:24 PDT] : Line:Tpx227944551C0 is at 153.41% of its emergency rating on phase 1!
WARNING  [2000-09-01 12:00:24 PDT] : Line:Tpx227944551C0 is at 153.41% of its emergency rating on phase 2!
WARNING  [2000-09-01 12:00:24 PDT] : Line:Tpx227944551A0 is at 135.35% of its emergency rating on phase 1!
WARNING  [2000-09-01 12:00:24 PDT] : Line:Tpx227944551A0 is at 135.35% of its emergency rating on phase 2!
WARNING  [2000-09-01 12:00:24 PDT] : Line:Tpx227944551B0 is at 148.38% of its emergency rating on phase 1!
WARNING  [2000-09-01 12:00:24 PDT] : Line:Tpx227944551B0 is at 148.38% of its emergency rating on phase 2!
[2025-07-10 21:10:26.979] [console] [debug] IEEE_8500node_fed[24]::setting value for gld_hlc_conn/Sa size 24
[2025-07-10 21:10:26.979] [console] [debug] IEEE_8500node_fed[24]::setting value for gld_hlc_conn/Sb size 24
[2025-07-10 21:10:26.979] [console] [debug] IEEE_8500node_fed[24]::setting value for gld_hlc_conn/Sc size 24
[2025-07-10 21:10:27.124] [console] [debug] IEEE_8500node_fed (131073)[24]::receive PUBLICATION pub:From (131072) handle(3) size 0 at 24 to 131073 from gridpack/Va
[2025-07-10 21:10:27.124] [console] [debug] IEEE_8500node_fed (131073)[24]::receive PUBLICATION pub:From (131072) handle(4) size 0 at 24 to 131073 from gridpack/Vb
[2025-07-10 21:10:27.124] [console] [debug] IEEE_8500node_fed (131073)[24]::receive PUBLICATION pub:From (131072) handle(5) size 0 at 24 to 131073 from gridpack/Vc
[2025-07-10 21:10:27.124] [console] [debug] IEEE_8500node_fed (131073)[25]::Granted Time=25
WARNING  [2000-09-01 12:00:25 PDT] : Regulator VREG3 has phase A at the maximum tap value
WARNING  [2000-09-01 12:00:25 PDT] : Line:HVMV_Sub_connector is at 113.25% of its emergency rating on phase A!
WARNING  [2000-09-01 12:00:25 PDT] : Line:HVMV_Sub_connector is at 107.82% of its emergency rating on phase B!
WARNING  [2000-09-01 12:00:25 PDT] : Line:HVMV_Sub_connector is at 100.10% of its emergency rating on phase C!
WARNING  [2000-09-01 12:00:25 PDT] : Line:CAP_3 is at 113.20% of its emergency rating on phase A!
WARNING  [2000-09-01 12:00:25 PDT] : Line:CAP_3 is at 107.82% of its emergency rating on phase B!
WARNING  [2000-09-01 12:00:25 PDT] : Line:CAP_2 is at 106.71% of its emergency rating on phase A!
WARNING  [2000-09-01 12:00:25 PDT] : Line:CAP_2 is at 104.06% of its emergency rating on phase B!
WARNING  [2000-09-01 12:00:25 PDT] : Line:LN6351510-1 is at 112.67% of its emergency rating on phase C!
WARNING  [2000-09-01 12:00:25 PDT] : Line:LN6350556-2 is at 105.34% of its emergency rating on phase A!
WARNING  [2000-09-01 12:00:25 PDT] : last warning message was repeated 11 times
WARNING  [2000-09-01 12:00:25 PDT] : Line:Tpx227944551C0 is at 153.41% of its emergency rating on phase 1!
WARNING  [2000-09-01 12:00:25 PDT] : Line:Tpx227944551C0 is at 153.41% of its emergency rating on phase 2!
WARNING  [2000-09-01 12:00:25 PDT] : Line:Tpx227944551A0 is at 135.35% of its emergency rating on phase 1!
WARNING  [2000-09-01 12:00:25 PDT] : Line:Tpx227944551A0 is at 135.35% of its emergency rating on phase 2!
WARNING  [2000-09-01 12:00:25 PDT] : Line:Tpx227944551B0 is at 148.38% of its emergency rating on phase 1!
WARNING  [2000-09-01 12:00:25 PDT] : Line:Tpx227944551B0 is at 148.38% of its emergency rating on phase 2!
                                      Processing 2000-09-01 12:00:25 PDT...[2025-07-10 21:10:27.160] [console] [debug] IEEE_8500node_fed[25]::setting value for gld_hlc_conn/Sa size 24
[2025-07-10 21:10:27.160] [console] [debug] IEEE_8500node_fed[25]::setting value for gld_hlc_conn/Sb size 24
[2025-07-10 21:10:27.160] [console] [debug] IEEE_8500node_fed[25]::setting value for gld_hlc_conn/Sc size 24
[2025-07-10 21:10:27.297] [console] [debug] IEEE_8500node_fed (131073)[25]::receive PUBLICATION pub:From (131072) handle(3) size 0 at 25 to 131073 from gridpack/Va
[2025-07-10 21:10:27.297] [console] [debug] IEEE_8500node_fed (131073)[25]::receive PUBLICATION pub:From (131072) handle(4) size 0 at 25 to 131073 from gridpack/Vb
[2025-07-10 21:10:27.297] [console] [debug] IEEE_8500node_fed (131073)[25]::receive PUBLICATION pub:From (131072) handle(5) size 0 at 25 to 131073 from gridpack/Vc
[2025-07-10 21:10:27.297] [console] [debug] IEEE_8500node_fed (131073)[26]::Granted Time=26
WARNING  [2000-09-01 12:00:26 PDT] : Regulator VREG3 has phase A at the maximum tap value
WARNING  [2000-09-01 12:00:26 PDT] : Line:HVMV_Sub_connector is at 113.25% of its emergency rating on phase A!
WARNING  [2000-09-01 12:00:26 PDT] : Line:HVMV_Sub_connector is at 107.82% of its emergency rating on phase B!
WARNING  [2000-09-01 12:00:26 PDT] : Line:HVMV_Sub_connector is at 100.10% of its emergency rating on phase C!
WARNING  [2000-09-01 12:00:26 PDT] : Line:CAP_3 is at 113.20% of its emergency rating on phase A!
WARNING  [2000-09-01 12:00:26 PDT] : Line:CAP_3 is at 107.82% of its emergency rating on phase B!
WARNING  [2000-09-01 12:00:26 PDT] : Line:CAP_2 is at 106.71% of its emergency rating on phase A!
WARNING  [2000-09-01 12:00:26 PDT] : Line:CAP_2 is at 104.06% of its emergency rating on phase B!
WARNING  [2000-09-01 12:00:26 PDT] : Line:LN6351510-1 is at 112.67% of its emergency rating on phase C!
WARNING  [2000-09-01 12:00:26 PDT] : Line:LN6350556-2 is at 105.34% of its emergency rating on phase A!
WARNING  [2000-09-01 12:00:26 PDT] : last warning message was repeated 11 times
WARNING  [2000-09-01 12:00:26 PDT] : Line:Tpx227944551C0 is at 153.41% of its emergency rating on phase 1!
WARNING  [2000-09-01 12:00:26 PDT] : Line:Tpx227944551C0 is at 153.41% of its emergency rating on phase 2!
WARNING  [2000-09-01 12:00:26 PDT] : Line:Tpx227944551A0 is at 135.35% of its emergency rating on phase 1!
WARNING  [2000-09-01 12:00:26 PDT] : Line:Tpx227944551A0 is at 135.35% of its emergency rating on phase 2!
WARNING  [2000-09-01 12:00:26 PDT] : Line:Tpx227944551B0 is at 148.38% of its emergency rating on phase 1!
WARNING  [2000-09-01 12:00:26 PDT] : Line:Tpx227944551B0 is at 148.38% of its emergency rating on phase 2!
[2025-07-10 21:10:27.334] [console] [debug] IEEE_8500node_fed[26]::setting value for gld_hlc_conn/Sa size 24
[2025-07-10 21:10:27.334] [console] [debug] IEEE_8500node_fed[26]::setting value for gld_hlc_conn/Sb size 24
[2025-07-10 21:10:27.334] [console] [debug] IEEE_8500node_fed[26]::setting value for gld_hlc_conn/Sc size 24
[2025-07-10 21:10:27.469] [console] [debug] IEEE_8500node_fed (131073)[26]::receive PUBLICATION pub:From (131072) handle(3) size 0 at 26 to 131073 from gridpack/Va
[2025-07-10 21:10:27.469] [console] [debug] IEEE_8500node_fed (131073)[26]::receive PUBLICATION pub:From (131072) handle(4) size 0 at 26 to 131073 from gridpack/Vb
[2025-07-10 21:10:27.469] [console] [debug] IEEE_8500node_fed (131073)[26]::receive PUBLICATION pub:From (131072) handle(5) size 0 at 26 to 131073 from gridpack/Vc
[2025-07-10 21:10:27.469] [console] [debug] IEEE_8500node_fed (131073)[27]::Granted Time=27
WARNING  [2000-09-01 12:00:27 PDT] : Regulator VREG3 has phase A at the maximum tap value
WARNING  [2000-09-01 12:00:27 PDT] : Line:HVMV_Sub_connector is at 113.25% of its emergency rating on phase A!
WARNING  [2000-09-01 12:00:27 PDT] : Line:HVMV_Sub_connector is at 107.82% of its emergency rating on phase B!
WARNING  [2000-09-01 12:00:27 PDT] : Line:HVMV_Sub_connector is at 100.10% of its emergency rating on phase C!
WARNING  [2000-09-01 12:00:27 PDT] : Line:CAP_3 is at 113.20% of its emergency rating on phase A!
WARNING  [2000-09-01 12:00:27 PDT] : Line:CAP_3 is at 107.82% of its emergency rating on phase B!
WARNING  [2000-09-01 12:00:27 PDT] : Line:CAP_2 is at 106.71% of its emergency rating on phase A!
WARNING  [2000-09-01 12:00:27 PDT] : Line:CAP_2 is at 104.06% of its emergency rating on phase B!
WARNING  [2000-09-01 12:00:27 PDT] : Line:LN6351510-1 is at 112.67% of its emergency rating on phase C!
WARNING  [2000-09-01 12:00:27 PDT] : Line:LN6350556-2 is at 105.34% of its emergency rating on phase A!
WARNING  [2000-09-01 12:00:27 PDT] : last warning message was repeated 11 times
WARNING  [2000-09-01 12:00:27 PDT] : Line:Tpx227944551C0 is at 153.41% of its emergency rating on phase 1!
WARNING  [2000-09-01 12:00:27 PDT] : Line:Tpx227944551C0 is at 153.41% of its emergency rating on phase 2!
WARNING  [2000-09-01 12:00:27 PDT] : Line:Tpx227944551A0 is at 135.35% of its emergency rating on phase 1!
WARNING  [2000-09-01 12:00:27 PDT] : Line:Tpx227944551A0 is at 135.35% of its emergency rating on phase 2!
WARNING  [2000-09-01 12:00:27 PDT] : Line:Tpx227944551B0 is at 148.38% of its emergency rating on phase 1!
WARNING  [2000-09-01 12:00:27 PDT] : Line:Tpx227944551B0 is at 148.38% of its emergency rating on phase 2!
[2025-07-10 21:10:27.507] [console] [debug] IEEE_8500node_fed[27]::setting value for gld_hlc_conn/Sa size 24
[2025-07-10 21:10:27.507] [console] [debug] IEEE_8500node_fed[27]::setting value for gld_hlc_conn/Sb size 24
[2025-07-10 21:10:27.507] [console] [debug] IEEE_8500node_fed[27]::setting value for gld_hlc_conn/Sc size 24
[2025-07-10 21:10:27.666] [console] [debug] IEEE_8500node_fed (131073)[27]::receive PUBLICATION pub:From (131072) handle(3) size 0 at 27 to 131073 from gridpack/Va
[2025-07-10 21:10:27.666] [console] [debug] IEEE_8500node_fed (131073)[27]::receive PUBLICATION pub:From (131072) handle(4) size 0 at 27 to 131073 from gridpack/Vb
[2025-07-10 21:10:27.666] [console] [debug] IEEE_8500node_fed (131073)[27]::receive PUBLICATION pub:From (131072) handle(5) size 0 at 27 to 131073 from gridpack/Vc
[2025-07-10 21:10:27.666] [console] [debug] IEEE_8500node_fed (131073)[28]::Granted Time=28
WARNING  [2000-09-01 12:00:28 PDT] : Regulator VREG3 has phase A at the maximum tap value
WARNING  [2000-09-01 12:00:28 PDT] : Line:HVMV_Sub_connector is at 113.25% of its emergency rating on phase A!
WARNING  [2000-09-01 12:00:28 PDT] : Line:HVMV_Sub_connector is at 107.82% of its emergency rating on phase B!
WARNING  [2000-09-01 12:00:28 PDT] : Line:HVMV_Sub_connector is at 100.10% of its emergency rating on phase C!
WARNING  [2000-09-01 12:00:28 PDT] : Line:CAP_3 is at 113.20% of its emergency rating on phase A!
WARNING  [2000-09-01 12:00:28 PDT] : Line:CAP_3 is at 107.82% of its emergency rating on phase B!
WARNING  [2000-09-01 12:00:28 PDT] : Line:CAP_2 is at 106.71% of its emergency rating on phase A!
WARNING  [2000-09-01 12:00:28 PDT] : Line:CAP_2 is at 104.06% of its emergency rating on phase B!
WARNING  [2000-09-01 12:00:28 PDT] : Line:LN6351510-1 is at 112.67% of its emergency rating on phase C!
WARNING  [2000-09-01 12:00:28 PDT] : Line:LN6350556-2 is at 105.34% of its emergency rating on phase A!
WARNING  [2000-09-01 12:00:28 PDT] : last warning message was repeated 11 times
WARNING  [2000-09-01 12:00:28 PDT] : Line:Tpx227944551C0 is at 153.41% of its emergency rating on phase 1!
WARNING  [2000-09-01 12:00:28 PDT] : Line:Tpx227944551C0 is at 153.41% of its emergency rating on phase 2!
WARNING  [2000-09-01 12:00:28 PDT] : Line:Tpx227944551A0 is at 135.35% of its emergency rating on phase 1!
WARNING  [2000-09-01 12:00:28 PDT] : Line:Tpx227944551A0 is at 135.35% of its emergency rating on phase 2!
WARNING  [2000-09-01 12:00:28 PDT] : Line:Tpx227944551B0 is at 148.38% of its emergency rating on phase 1!
WARNING  [2000-09-01 12:00:28 PDT] : Line:Tpx227944551B0 is at 148.38% of its emergency rating on phase 2!
[2025-07-10 21:10:27.713] [console] [debug] IEEE_8500node_fed[28]::setting value for gld_hlc_conn/Sa size 24
[2025-07-10 21:10:27.713] [console] [debug] IEEE_8500node_fed[28]::setting value for gld_hlc_conn/Sb size 24
[2025-07-10 21:10:27.713] [console] [debug] IEEE_8500node_fed[28]::setting value for gld_hlc_conn/Sc size 24
[2025-07-10 21:10:27.857] [console] [debug] IEEE_8500node_fed (131073)[28]::receive PUBLICATION pub:From (131072) handle(3) size 0 at 28 to 131073 from gridpack/Va
[2025-07-10 21:10:27.857] [console] [debug] IEEE_8500node_fed (131073)[28]::receive PUBLICATION pub:From (131072) handle(4) size 0 at 28 to 131073 from gridpack/Vb
[2025-07-10 21:10:27.857] [console] [debug] IEEE_8500node_fed (131073)[28]::receive PUBLICATION pub:From (131072) handle(5) size 0 at 28 to 131073 from gridpack/Vc
[2025-07-10 21:10:27.857] [console] [debug] IEEE_8500node_fed (131073)[29]::Granted Time=29
WARNING  [2000-09-01 12:00:29 PDT] : Regulator VREG3 has phase A at the maximum tap value
WARNING  [2000-09-01 12:00:29 PDT] : Line:HVMV_Sub_connector is at 113.25% of its emergency rating on phase A!
WARNING  [2000-09-01 12:00:29 PDT] : Line:HVMV_Sub_connector is at 107.82% of its emergency rating on phase B!
WARNING  [2000-09-01 12:00:29 PDT] : Line:HVMV_Sub_connector is at 100.10% of its emergency rating on phase C!
WARNING  [2000-09-01 12:00:29 PDT] : Line:CAP_3 is at 113.20% of its emergency rating on phase A!
WARNING  [2000-09-01 12:00:29 PDT] : Line:CAP_3 is at 107.82% of its emergency rating on phase B!
WARNING  [2000-09-01 12:00:29 PDT] : Line:CAP_2 is at 106.71% of its emergency rating on phase A!
WARNING  [2000-09-01 12:00:29 PDT] : Line:CAP_2 is at 104.06% of its emergency rating on phase B!
WARNING  [2000-09-01 12:00:29 PDT] : Line:LN6351510-1 is at 112.67% of its emergency rating on phase C!
WARNING  [2000-09-01 12:00:29 PDT] : Line:LN6350556-2 is at 105.34% of its emergency rating on phase A!
WARNING  [2000-09-01 12:00:29 PDT] : last warning message was repeated 11 times
WARNING  [2000-09-01 12:00:29 PDT] : Line:Tpx227944551C0 is at 153.41% of its emergency rating on phase 1!
WARNING  [2000-09-01 12:00:29 PDT] : Line:Tpx227944551C0 is at 153.41% of its emergency rating on phase 2!
WARNING  [2000-09-01 12:00:29 PDT] : Line:Tpx227944551A0 is at 135.35% of its emergency rating on phase 1!
WARNING  [2000-09-01 12:00:29 PDT] : Line:Tpx227944551A0 is at 135.35% of its emergency rating on phase 2!
WARNING  [2000-09-01 12:00:29 PDT] : Line:Tpx227944551B0 is at 148.38% of its emergency rating on phase 1!
WARNING  [2000-09-01 12:00:29 PDT] : Line:Tpx227944551B0 is at 148.38% of its emergency rating on phase 2!
[2025-07-10 21:10:27.896] [console] [debug] IEEE_8500node_fed[29]::setting value for gld_hlc_conn/Sa size 24
[2025-07-10 21:10:27.896] [console] [debug] IEEE_8500node_fed[29]::setting value for gld_hlc_conn/Sb size 24
[2025-07-10 21:10:27.896] [console] [debug] IEEE_8500node_fed[29]::setting value for gld_hlc_conn/Sc size 24
[2025-07-10 21:10:28.048] [console] [debug] IEEE_8500node_fed (131073)[29]::receive PUBLICATION pub:From (131072) handle(3) size 0 at 29 to 131073 from gridpack/Va
[2025-07-10 21:10:28.048] [console] [debug] IEEE_8500node_fed (131073)[29]::receive PUBLICATION pub:From (131072) handle(4) size 0 at 29 to 131073 from gridpack/Vb
[2025-07-10 21:10:28.048] [console] [debug] IEEE_8500node_fed (131073)[29]::receive PUBLICATION pub:From (131072) handle(5) size 0 at 29 to 131073 from gridpack/Vc
[2025-07-10 21:10:28.048] [console] [debug] IEEE_8500node_fed (131073)[30]::Granted Time=30
WARNING  [2000-09-01 12:00:30 PDT] : Regulator VREG3 has phase A at the maximum tap value
WARNING  [2000-09-01 12:00:30 PDT] : Line:HVMV_Sub_connector is at 113.25% of its emergency rating on phase A!
WARNING  [2000-09-01 12:00:30 PDT] : Line:HVMV_Sub_connector is at 107.82% of its emergency rating on phase B!
WARNING  [2000-09-01 12:00:30 PDT] : Line:HVMV_Sub_connector is at 100.10% of its emergency rating on phase C!
WARNING  [2000-09-01 12:00:30 PDT] : Line:CAP_3 is at 113.20% of its emergency rating on phase A!
WARNING  [2000-09-01 12:00:30 PDT] : Line:CAP_3 is at 107.82% of its emergency rating on phase B!
WARNING  [2000-09-01 12:00:30 PDT] : Line:CAP_2 is at 106.71% of its emergency rating on phase A!
WARNING  [2000-09-01 12:00:30 PDT] : Line:CAP_2 is at 104.06% of its emergency rating on phase B!
WARNING  [2000-09-01 12:00:30 PDT] : Line:LN6351510-1 is at 112.67% of its emergency rating on phase C!
WARNING  [2000-09-01 12:00:30 PDT] : Line:LN6350556-2 is at 105.34% of its emergency rating on phase A!
WARNING  [2000-09-01 12:00:30 PDT] : last warning message was repeated 11 times
WARNING  [2000-09-01 12:00:30 PDT] : Line:Tpx227944551C0 is at 153.41% of its emergency rating on phase 1!
WARNING  [2000-09-01 12:00:30 PDT] : Line:Tpx227944551C0 is at 153.41% of its emergency rating on phase 2!
WARNING  [2000-09-01 12:00:30 PDT] : Line:Tpx227944551A0 is at 135.35% of its emergency rating on phase 1!
WARNING  [2000-09-01 12:00:30 PDT] : Line:Tpx227944551A0 is at 135.35% of its emergency rating on phase 2!
WARNING  [2000-09-01 12:00:30 PDT] : Line:Tpx227944551B0 is at 148.38% of its emergency rating on phase 1!
WARNING  [2000-09-01 12:00:30 PDT] : Line:Tpx227944551B0 is at 148.38% of its emergency rating on phase 2!
                                      Processing 2000-09-01 12:00:30 PDT...[2025-07-10 21:10:28.084] [console] [debug] IEEE_8500node_fed[30]::setting value for gld_hlc_conn/Sa size 24
[2025-07-10 21:10:28.084] [console] [debug] IEEE_8500node_fed[30]::setting value for gld_hlc_conn/Sb size 24
[2025-07-10 21:10:28.084] [console] [debug] IEEE_8500node_fed[30]::setting value for gld_hlc_conn/Sc size 24
[2025-07-10 21:10:28.230] [console] [debug] IEEE_8500node_fed (131073)[30]::receive PUBLICATION pub:From (131072) handle(3) size 0 at 30 to 131073 from gridpack/Va
[2025-07-10 21:10:28.230] [console] [debug] IEEE_8500node_fed (131073)[30]::receive PUBLICATION pub:From (131072) handle(4) size 0 at 30 to 131073 from gridpack/Vb
[2025-07-10 21:10:28.230] [console] [debug] IEEE_8500node_fed (131073)[30]::receive PUBLICATION pub:From (131072) handle(5) size 0 at 30 to 131073 from gridpack/Vc
[2025-07-10 21:10:28.230] [console] [debug] IEEE_8500node_fed (131073)[31]::Granted Time=31
WARNING  [2000-09-01 12:00:31 PDT] : Regulator VREG3 has phase A at the maximum tap value
WARNING  [2000-09-01 12:00:31 PDT] : Line:HVMV_Sub_connector is at 113.25% of its emergency rating on phase A!
WARNING  [2000-09-01 12:00:31 PDT] : Line:HVMV_Sub_connector is at 107.82% of its emergency rating on phase B!
WARNING  [2000-09-01 12:00:31 PDT] : Line:HVMV_Sub_connector is at 100.10% of its emergency rating on phase C!
WARNING  [2000-09-01 12:00:31 PDT] : Line:CAP_3 is at 113.20% of its emergency rating on phase A!
WARNING  [2000-09-01 12:00:31 PDT] : Line:CAP_3 is at 107.82% of its emergency rating on phase B!
WARNING  [2000-09-01 12:00:31 PDT] : Line:CAP_2 is at 106.71% of its emergency rating on phase A!
WARNING  [2000-09-01 12:00:31 PDT] : Line:CAP_2 is at 104.06% of its emergency rating on phase B!
WARNING  [2000-09-01 12:00:31 PDT] : Line:LN6351510-1 is at 112.67% of its emergency rating on phase C!
WARNING  [2000-09-01 12:00:31 PDT] : Line:LN6350556-2 is at 105.34% of its emergency rating on phase A!
WARNING  [2000-09-01 12:00:31 PDT] : last warning message was repeated 11 times
WARNING  [2000-09-01 12:00:31 PDT] : Line:Tpx227944551C0 is at 153.41% of its emergency rating on phase 1!
WARNING  [2000-09-01 12:00:31 PDT] : Line:Tpx227944551C0 is at 153.41% of its emergency rating on phase 2!
WARNING  [2000-09-01 12:00:31 PDT] : Line:Tpx227944551A0 is at 135.35% of its emergency rating on phase 1!
WARNING  [2000-09-01 12:00:31 PDT] : Line:Tpx227944551A0 is at 135.35% of its emergency rating on phase 2!
WARNING  [2000-09-01 12:00:31 PDT] : Line:Tpx227944551B0 is at 148.38% of its emergency rating on phase 1!
WARNING  [2000-09-01 12:00:31 PDT] : Line:Tpx227944551B0 is at 148.38% of its emergency rating on phase 2!
[2025-07-10 21:10:28.277] [console] [debug] IEEE_8500node_fed[31]::setting value for gld_hlc_conn/Sa size 24
[2025-07-10 21:10:28.277] [console] [debug] IEEE_8500node_fed[31]::setting value for gld_hlc_conn/Sb size 24
[2025-07-10 21:10:28.277] [console] [debug] IEEE_8500node_fed[31]::setting value for gld_hlc_conn/Sc size 24
[2025-07-10 21:10:28.429] [console] [debug] IEEE_8500node_fed (131073)[31]::receive PUBLICATION pub:From (131072) handle(3) size 0 at 31 to 131073 from gridpack/Va
[2025-07-10 21:10:28.429] [console] [debug] IEEE_8500node_fed (131073)[31]::receive PUBLICATION pub:From (131072) handle(4) size 0 at 31 to 131073 from gridpack/Vb
[2025-07-10 21:10:28.429] [console] [debug] IEEE_8500node_fed (131073)[31]::receive PUBLICATION pub:From (131072) handle(5) size 0 at 31 to 131073 from gridpack/Vc
[2025-07-10 21:10:28.429] [console] [debug] IEEE_8500node_fed (131073)[32]::Granted Time=32
WARNING  [2000-09-01 12:00:32 PDT] : Regulator VREG3 has phase A at the maximum tap value
WARNING  [2000-09-01 12:00:32 PDT] : Line:HVMV_Sub_connector is at 113.25% of its emergency rating on phase A!
WARNING  [2000-09-01 12:00:32 PDT] : Line:HVMV_Sub_connector is at 107.82% of its emergency rating on phase B!
WARNING  [2000-09-01 12:00:32 PDT] : Line:HVMV_Sub_connector is at 100.10% of its emergency rating on phase C!
WARNING  [2000-09-01 12:00:32 PDT] : Line:CAP_3 is at 113.20% of its emergency rating on phase A!
WARNING  [2000-09-01 12:00:32 PDT] : Line:CAP_3 is at 107.82% of its emergency rating on phase B!
WARNING  [2000-09-01 12:00:32 PDT] : Line:CAP_2 is at 106.71% of its emergency rating on phase A!
WARNING  [2000-09-01 12:00:32 PDT] : Line:CAP_2 is at 104.06% of its emergency rating on phase B!
WARNING  [2000-09-01 12:00:32 PDT] : Line:LN6351510-1 is at 112.67% of its emergency rating on phase C!
WARNING  [2000-09-01 12:00:32 PDT] : Line:LN6350556-2 is at 105.34% of its emergency rating on phase A!
WARNING  [2000-09-01 12:00:32 PDT] : last warning message was repeated 11 times
WARNING  [2000-09-01 12:00:32 PDT] : Line:Tpx227944551C0 is at 153.41% of its emergency rating on phase 1!
WARNING  [2000-09-01 12:00:32 PDT] : Line:Tpx227944551C0 is at 153.41% of its emergency rating on phase 2!
WARNING  [2000-09-01 12:00:32 PDT] : Line:Tpx227944551A0 is at 135.35% of its emergency rating on phase 1!
WARNING  [2000-09-01 12:00:32 PDT] : Line:Tpx227944551A0 is at 135.35% of its emergency rating on phase 2!
WARNING  [2000-09-01 12:00:32 PDT] : Line:Tpx227944551B0 is at 148.38% of its emergency rating on phase 1!
WARNING  [2000-09-01 12:00:32 PDT] : Line:Tpx227944551B0 is at 148.38% of its emergency rating on phase 2!
[2025-07-10 21:10:28.469] [console] [debug] IEEE_8500node_fed[32]::setting value for gld_hlc_conn/Sa size 24
[2025-07-10 21:10:28.469] [console] [debug] IEEE_8500node_fed[32]::setting value for gld_hlc_conn/Sb size 24
[2025-07-10 21:10:28.469] [console] [debug] IEEE_8500node_fed[32]::setting value for gld_hlc_conn/Sc size 24
[2025-07-10 21:10:28.638] [console] [debug] IEEE_8500node_fed (131073)[32]::receive PUBLICATION pub:From (131072) handle(3) size 0 at 32 to 131073 from gridpack/Va
[2025-07-10 21:10:28.638] [console] [debug] IEEE_8500node_fed (131073)[32]::receive PUBLICATION pub:From (131072) handle(4) size 0 at 32 to 131073 from gridpack/Vb
[2025-07-10 21:10:28.638] [console] [debug] IEEE_8500node_fed (131073)[32]::receive PUBLICATION pub:From (131072) handle(5) size 0 at 32 to 131073 from gridpack/Vc
[2025-07-10 21:10:28.638] [console] [debug] IEEE_8500node_fed (131073)[33]::Granted Time=33
WARNING  [2000-09-01 12:00:33 PDT] : Regulator VREG3 has phase A at the maximum tap value
WARNING  [2000-09-01 12:00:33 PDT] : Line:HVMV_Sub_connector is at 113.25% of its emergency rating on phase A!
WARNING  [2000-09-01 12:00:33 PDT] : Line:HVMV_Sub_connector is at 107.82% of its emergency rating on phase B!
WARNING  [2000-09-01 12:00:33 PDT] : Line:HVMV_Sub_connector is at 100.10% of its emergency rating on phase C!
WARNING  [2000-09-01 12:00:33 PDT] : Line:CAP_3 is at 113.20% of its emergency rating on phase A!
WARNING  [2000-09-01 12:00:33 PDT] : Line:CAP_3 is at 107.82% of its emergency rating on phase B!
WARNING  [2000-09-01 12:00:33 PDT] : Line:CAP_2 is at 106.71% of its emergency rating on phase A!
WARNING  [2000-09-01 12:00:33 PDT] : Line:CAP_2 is at 104.06% of its emergency rating on phase B!
WARNING  [2000-09-01 12:00:33 PDT] : Line:LN6351510-1 is at 112.67% of its emergency rating on phase C!
WARNING  [2000-09-01 12:00:33 PDT] : Line:LN6350556-2 is at 105.34% of its emergency rating on phase A!
WARNING  [2000-09-01 12:00:33 PDT] : last warning message was repeated 11 times
WARNING  [2000-09-01 12:00:33 PDT] : Line:Tpx227944551C0 is at 153.41% of its emergency rating on phase 1!
WARNING  [2000-09-01 12:00:33 PDT] : Line:Tpx227944551C0 is at 153.41% of its emergency rating on phase 2!
WARNING  [2000-09-01 12:00:33 PDT] : Line:Tpx227944551A0 is at 135.35% of its emergency rating on phase 1!
WARNING  [2000-09-01 12:00:33 PDT] : Line:Tpx227944551A0 is at 135.35% of its emergency rating on phase 2!
WARNING  [2000-09-01 12:00:33 PDT] : Line:Tpx227944551B0 is at 148.38% of its emergency rating on phase 1!
WARNING  [2000-09-01 12:00:33 PDT] : Line:Tpx227944551B0 is at 148.38% of its emergency rating on phase 2!
[2025-07-10 21:10:28.685] [console] [debug] IEEE_8500node_fed[33]::setting value for gld_hlc_conn/Sa size 24
[2025-07-10 21:10:28.685] [console] [debug] IEEE_8500node_fed[33]::setting value for gld_hlc_conn/Sb size 24
[2025-07-10 21:10:28.685] [console] [debug] IEEE_8500node_fed[33]::setting value for gld_hlc_conn/Sc size 24
[2025-07-10 21:10:28.851] [console] [debug] IEEE_8500node_fed (131073)[33]::receive PUBLICATION pub:From (131072) handle(3) size 0 at 33 to 131073 from gridpack/Va
[2025-07-10 21:10:28.851] [console] [debug] IEEE_8500node_fed (131073)[33]::receive PUBLICATION pub:From (131072) handle(4) size 0 at 33 to 131073 from gridpack/Vb
[2025-07-10 21:10:28.851] [console] [debug] IEEE_8500node_fed (131073)[33]::receive PUBLICATION pub:From (131072) handle(5) size 0 at 33 to 131073 from gridpack/Vc
[2025-07-10 21:10:28.851] [console] [debug] IEEE_8500node_fed (131073)[34]::Granted Time=34
WARNING  [2000-09-01 12:00:34 PDT] : Regulator VREG3 has phase A at the maximum tap value
WARNING  [2000-09-01 12:00:34 PDT] : Line:HVMV_Sub_connector is at 113.25% of its emergency rating on phase A!
WARNING  [2000-09-01 12:00:34 PDT] : Line:HVMV_Sub_connector is at 107.82% of its emergency rating on phase B!
WARNING  [2000-09-01 12:00:34 PDT] : Line:HVMV_Sub_connector is at 100.10% of its emergency rating on phase C!
WARNING  [2000-09-01 12:00:34 PDT] : Line:CAP_3 is at 113.20% of its emergency rating on phase A!
WARNING  [2000-09-01 12:00:34 PDT] : Line:CAP_3 is at 107.82% of its emergency rating on phase B!
WARNING  [2000-09-01 12:00:34 PDT] : Line:CAP_2 is at 106.71% of its emergency rating on phase A!
WARNING  [2000-09-01 12:00:34 PDT] : Line:CAP_2 is at 104.06% of its emergency rating on phase B!
WARNING  [2000-09-01 12:00:34 PDT] : Line:LN6351510-1 is at 112.67% of its emergency rating on phase C!
WARNING  [2000-09-01 12:00:34 PDT] : Line:LN6350556-2 is at 105.34% of its emergency rating on phase A!
WARNING  [2000-09-01 12:00:34 PDT] : last warning message was repeated 11 times
WARNING  [2000-09-01 12:00:34 PDT] : Line:Tpx227944551C0 is at 153.41% of its emergency rating on phase 1!
WARNING  [2000-09-01 12:00:34 PDT] : Line:Tpx227944551C0 is at 153.41% of its emergency rating on phase 2!
WARNING  [2000-09-01 12:00:34 PDT] : Line:Tpx227944551A0 is at 135.35% of its emergency rating on phase 1!
WARNING  [2000-09-01 12:00:34 PDT] : Line:Tpx227944551A0 is at 135.35% of its emergency rating on phase 2!
WARNING  [2000-09-01 12:00:34 PDT] : Line:Tpx227944551B0 is at 148.38% of its emergency rating on phase 1!
WARNING  [2000-09-01 12:00:34 PDT] : Line:Tpx227944551B0 is at 148.38% of its emergency rating on phase 2!
[2025-07-10 21:10:28.894] [console] [debug] IEEE_8500node_fed[34]::setting value for gld_hlc_conn/Sa size 24
[2025-07-10 21:10:28.894] [console] [debug] IEEE_8500node_fed[34]::setting value for gld_hlc_conn/Sb size 24
[2025-07-10 21:10:28.894] [console] [debug] IEEE_8500node_fed[34]::setting value for gld_hlc_conn/Sc size 24
[2025-07-10 21:10:29.067] [console] [debug] IEEE_8500node_fed (131073)[34]::receive PUBLICATION pub:From (131072) handle(3) size 0 at 34 to 131073 from gridpack/Va
[2025-07-10 21:10:29.067] [console] [debug] IEEE_8500node_fed (131073)[34]::receive PUBLICATION pub:From (131072) handle(4) size 0 at 34 to 131073 from gridpack/Vb
[2025-07-10 21:10:29.067] [console] [debug] IEEE_8500node_fed (131073)[34]::receive PUBLICATION pub:From (131072) handle(5) size 0 at 34 to 131073 from gridpack/Vc
[2025-07-10 21:10:29.067] [console] [debug] IEEE_8500node_fed (131073)[35]::Granted Time=35
WARNING  [2000-09-01 12:00:35 PDT] : Regulator VREG3 has phase A at the maximum tap value
WARNING  [2000-09-01 12:00:35 PDT] : Line:HVMV_Sub_connector is at 113.25% of its emergency rating on phase A!
WARNING  [2000-09-01 12:00:35 PDT] : Line:HVMV_Sub_connector is at 107.82% of its emergency rating on phase B!
WARNING  [2000-09-01 12:00:35 PDT] : Line:HVMV_Sub_connector is at 100.10% of its emergency rating on phase C!
WARNING  [2000-09-01 12:00:35 PDT] : Line:CAP_3 is at 113.20% of its emergency rating on phase A!
WARNING  [2000-09-01 12:00:35 PDT] : Line:CAP_3 is at 107.82% of its emergency rating on phase B!
WARNING  [2000-09-01 12:00:35 PDT] : Line:CAP_2 is at 106.71% of its emergency rating on phase A!
WARNING  [2000-09-01 12:00:35 PDT] : Line:CAP_2 is at 104.06% of its emergency rating on phase B!
WARNING  [2000-09-01 12:00:35 PDT] : Line:LN6351510-1 is at 112.67% of its emergency rating on phase C!
WARNING  [2000-09-01 12:00:35 PDT] : Line:LN6350556-2 is at 105.34% of its emergency rating on phase A!
WARNING  [2000-09-01 12:00:35 PDT] : last warning message was repeated 11 times
WARNING  [2000-09-01 12:00:35 PDT] : Line:Tpx227944551C0 is at 153.41% of its emergency rating on phase 1!
WARNING  [2000-09-01 12:00:35 PDT] : Line:Tpx227944551C0 is at 153.41% of its emergency rating on phase 2!
WARNING  [2000-09-01 12:00:35 PDT] : Line:Tpx227944551A0 is at 135.35% of its emergency rating on phase 1!
WARNING  [2000-09-01 12:00:35 PDT] : Line:Tpx227944551A0 is at 135.35% of its emergency rating on phase 2!
WARNING  [2000-09-01 12:00:35 PDT] : Line:Tpx227944551B0 is at 148.38% of its emergency rating on phase 1!
WARNING  [2000-09-01 12:00:35 PDT] : Line:Tpx227944551B0 is at 148.38% of its emergency rating on phase 2!
                                      Processing 2000-09-01 12:00:35 PDT...[2025-07-10 21:10:29.106] [console] [debug] IEEE_8500node_fed[35]::setting value for gld_hlc_conn/Sa size 24
[2025-07-10 21:10:29.106] [console] [debug] IEEE_8500node_fed[35]::setting value for gld_hlc_conn/Sb size 24
[2025-07-10 21:10:29.106] [console] [debug] IEEE_8500node_fed[35]::setting value for gld_hlc_conn/Sc size 24
[2025-07-10 21:10:29.297] [console] [debug] IEEE_8500node_fed (131073)[35]::receive PUBLICATION pub:From (131072) handle(3) size 0 at 35 to 131073 from gridpack/Va
[2025-07-10 21:10:29.297] [console] [debug] IEEE_8500node_fed (131073)[35]::receive PUBLICATION pub:From (131072) handle(4) size 0 at 35 to 131073 from gridpack/Vb
[2025-07-10 21:10:29.297] [console] [debug] IEEE_8500node_fed (131073)[35]::receive PUBLICATION pub:From (131072) handle(5) size 0 at 35 to 131073 from gridpack/Vc
[2025-07-10 21:10:29.298] [console] [debug] IEEE_8500node_fed (131073)[36]::Granted Time=36
WARNING  [2000-09-01 12:00:36 PDT] : Regulator VREG3 has phase A at the maximum tap value
WARNING  [2000-09-01 12:00:36 PDT] : Line:HVMV_Sub_connector is at 113.25% of its emergency rating on phase A!
WARNING  [2000-09-01 12:00:36 PDT] : Line:HVMV_Sub_connector is at 107.82% of its emergency rating on phase B!
WARNING  [2000-09-01 12:00:36 PDT] : Line:HVMV_Sub_connector is at 100.10% of its emergency rating on phase C!
WARNING  [2000-09-01 12:00:36 PDT] : Line:CAP_3 is at 113.20% of its emergency rating on phase A!
WARNING  [2000-09-01 12:00:36 PDT] : Line:CAP_3 is at 107.82% of its emergency rating on phase B!
WARNING  [2000-09-01 12:00:36 PDT] : Line:CAP_2 is at 106.71% of its emergency rating on phase A!
WARNING  [2000-09-01 12:00:36 PDT] : Line:CAP_2 is at 104.06% of its emergency rating on phase B!
WARNING  [2000-09-01 12:00:36 PDT] : Line:LN6351510-1 is at 112.67% of its emergency rating on phase C!
WARNING  [2000-09-01 12:00:36 PDT] : Line:LN6350556-2 is at 105.34% of its emergency rating on phase A!
WARNING  [2000-09-01 12:00:36 PDT] : last warning message was repeated 11 times
WARNING  [2000-09-01 12:00:36 PDT] : Line:Tpx227944551C0 is at 153.41% of its emergency rating on phase 1!
WARNING  [2000-09-01 12:00:36 PDT] : Line:Tpx227944551C0 is at 153.41% of its emergency rating on phase 2!
WARNING  [2000-09-01 12:00:36 PDT] : Line:Tpx227944551A0 is at 135.35% of its emergency rating on phase 1!
WARNING  [2000-09-01 12:00:36 PDT] : Line:Tpx227944551A0 is at 135.35% of its emergency rating on phase 2!
WARNING  [2000-09-01 12:00:36 PDT] : Line:Tpx227944551B0 is at 148.38% of its emergency rating on phase 1!
WARNING  [2000-09-01 12:00:36 PDT] : Line:Tpx227944551B0 is at 148.38% of its emergency rating on phase 2!
[2025-07-10 21:10:29.350] [console] [debug] IEEE_8500node_fed[36]::setting value for gld_hlc_conn/Sa size 24
[2025-07-10 21:10:29.350] [console] [debug] IEEE_8500node_fed[36]::setting value for gld_hlc_conn/Sb size 24
[2025-07-10 21:10:29.350] [console] [debug] IEEE_8500node_fed[36]::setting value for gld_hlc_conn/Sc size 24
[2025-07-10 21:10:29.514] [console] [debug] IEEE_8500node_fed (131073)[36]::receive PUBLICATION pub:From (131072) handle(3) size 0 at 36 to 131073 from gridpack/Va
[2025-07-10 21:10:29.514] [console] [debug] IEEE_8500node_fed (131073)[36]::receive PUBLICATION pub:From (131072) handle(4) size 0 at 36 to 131073 from gridpack/Vb
[2025-07-10 21:10:29.514] [console] [debug] IEEE_8500node_fed (131073)[36]::receive PUBLICATION pub:From (131072) handle(5) size 0 at 36 to 131073 from gridpack/Vc
[2025-07-10 21:10:29.514] [console] [debug] IEEE_8500node_fed (131073)[37]::Granted Time=37
WARNING  [2000-09-01 12:00:37 PDT] : Regulator VREG3 has phase A at the maximum tap value
WARNING  [2000-09-01 12:00:37 PDT] : Line:HVMV_Sub_connector is at 113.25% of its emergency rating on phase A!
WARNING  [2000-09-01 12:00:37 PDT] : Line:HVMV_Sub_connector is at 107.82% of its emergency rating on phase B!
WARNING  [2000-09-01 12:00:37 PDT] : Line:HVMV_Sub_connector is at 100.10% of its emergency rating on phase C!
WARNING  [2000-09-01 12:00:37 PDT] : Line:CAP_3 is at 113.20% of its emergency rating on phase A!
WARNING  [2000-09-01 12:00:37 PDT] : Line:CAP_3 is at 107.82% of its emergency rating on phase B!
WARNING  [2000-09-01 12:00:37 PDT] : Line:CAP_2 is at 106.71% of its emergency rating on phase A!
WARNING  [2000-09-01 12:00:37 PDT] : Line:CAP_2 is at 104.06% of its emergency rating on phase B!
WARNING  [2000-09-01 12:00:37 PDT] : Line:LN6351510-1 is at 112.67% of its emergency rating on phase C!
WARNING  [2000-09-01 12:00:37 PDT] : Line:LN6350556-2 is at 105.34% of its emergency rating on phase A!
WARNING  [2000-09-01 12:00:37 PDT] : last warning message was repeated 11 times
WARNING  [2000-09-01 12:00:37 PDT] : Line:Tpx227944551C0 is at 153.41% of its emergency rating on phase 1!
WARNING  [2000-09-01 12:00:37 PDT] : Line:Tpx227944551C0 is at 153.41% of its emergency rating on phase 2!
WARNING  [2000-09-01 12:00:37 PDT] : Line:Tpx227944551A0 is at 135.35% of its emergency rating on phase 1!
WARNING  [2000-09-01 12:00:37 PDT] : Line:Tpx227944551A0 is at 135.35% of its emergency rating on phase 2!
WARNING  [2000-09-01 12:00:37 PDT] : Line:Tpx227944551B0 is at 148.38% of its emergency rating on phase 1!
WARNING  [2000-09-01 12:00:37 PDT] : Line:Tpx227944551B0 is at 148.38% of its emergency rating on phase 2!
[2025-07-10 21:10:29.557] [console] [debug] IEEE_8500node_fed[37]::setting value for gld_hlc_conn/Sa size 24
[2025-07-10 21:10:29.557] [console] [debug] IEEE_8500node_fed[37]::setting value for gld_hlc_conn/Sb size 24
[2025-07-10 21:10:29.557] [console] [debug] IEEE_8500node_fed[37]::setting value for gld_hlc_conn/Sc size 24
[2025-07-10 21:10:29.713] [console] [debug] IEEE_8500node_fed (131073)[37]::receive PUBLICATION pub:From (131072) handle(3) size 0 at 37 to 131073 from gridpack/Va
[2025-07-10 21:10:29.713] [console] [debug] IEEE_8500node_fed (131073)[37]::receive PUBLICATION pub:From (131072) handle(4) size 0 at 37 to 131073 from gridpack/Vb
[2025-07-10 21:10:29.713] [console] [debug] IEEE_8500node_fed (131073)[37]::receive PUBLICATION pub:From (131072) handle(5) size 0 at 37 to 131073 from gridpack/Vc
[2025-07-10 21:10:29.713] [console] [debug] IEEE_8500node_fed (131073)[38]::Granted Time=38
WARNING  [2000-09-01 12:00:38 PDT] : Regulator VREG3 has phase A at the maximum tap value
WARNING  [2000-09-01 12:00:38 PDT] : Line:HVMV_Sub_connector is at 113.25% of its emergency rating on phase A!
WARNING  [2000-09-01 12:00:38 PDT] : Line:HVMV_Sub_connector is at 107.82% of its emergency rating on phase B!
WARNING  [2000-09-01 12:00:38 PDT] : Line:HVMV_Sub_connector is at 100.10% of its emergency rating on phase C!
WARNING  [2000-09-01 12:00:38 PDT] : Line:CAP_3 is at 113.20% of its emergency rating on phase A!
WARNING  [2000-09-01 12:00:38 PDT] : Line:CAP_3 is at 107.82% of its emergency rating on phase B!
WARNING  [2000-09-01 12:00:38 PDT] : Line:CAP_2 is at 106.71% of its emergency rating on phase A!
WARNING  [2000-09-01 12:00:38 PDT] : Line:CAP_2 is at 104.06% of its emergency rating on phase B!
WARNING  [2000-09-01 12:00:38 PDT] : Line:LN6351510-1 is at 112.67% of its emergency rating on phase C!
WARNING  [2000-09-01 12:00:38 PDT] : Line:LN6350556-2 is at 105.34% of its emergency rating on phase A!
WARNING  [2000-09-01 12:00:38 PDT] : last warning message was repeated 11 times
WARNING  [2000-09-01 12:00:38 PDT] : Line:Tpx227944551C0 is at 153.41% of its emergency rating on phase 1!
WARNING  [2000-09-01 12:00:38 PDT] : Line:Tpx227944551C0 is at 153.41% of its emergency rating on phase 2!
WARNING  [2000-09-01 12:00:38 PDT] : Line:Tpx227944551A0 is at 135.35% of its emergency rating on phase 1!
WARNING  [2000-09-01 12:00:38 PDT] : Line:Tpx227944551A0 is at 135.35% of its emergency rating on phase 2!
WARNING  [2000-09-01 12:00:38 PDT] : Line:Tpx227944551B0 is at 148.38% of its emergency rating on phase 1!
WARNING  [2000-09-01 12:00:38 PDT] : Line:Tpx227944551B0 is at 148.38% of its emergency rating on phase 2!
[2025-07-10 21:10:29.753] [console] [debug] IEEE_8500node_fed[38]::setting value for gld_hlc_conn/Sa size 24
[2025-07-10 21:10:29.753] [console] [debug] IEEE_8500node_fed[38]::setting value for gld_hlc_conn/Sb size 24
[2025-07-10 21:10:29.753] [console] [debug] IEEE_8500node_fed[38]::setting value for gld_hlc_conn/Sc size 24
[2025-07-10 21:10:29.925] [console] [debug] IEEE_8500node_fed (131073)[38]::receive PUBLICATION pub:From (131072) handle(3) size 0 at 38 to 131073 from gridpack/Va
[2025-07-10 21:10:29.925] [console] [debug] IEEE_8500node_fed (131073)[38]::receive PUBLICATION pub:From (131072) handle(4) size 0 at 38 to 131073 from gridpack/Vb
[2025-07-10 21:10:29.925] [console] [debug] IEEE_8500node_fed (131073)[38]::receive PUBLICATION pub:From (131072) handle(5) size 0 at 38 to 131073 from gridpack/Vc
[2025-07-10 21:10:29.925] [console] [debug] IEEE_8500node_fed (131073)[39]::Granted Time=39
WARNING  [2000-09-01 12:00:39 PDT] : Regulator VREG3 has phase A at the maximum tap value
WARNING  [2000-09-01 12:00:39 PDT] : Line:HVMV_Sub_connector is at 113.25% of its emergency rating on phase A!
WARNING  [2000-09-01 12:00:39 PDT] : Line:HVMV_Sub_connector is at 107.82% of its emergency rating on phase B!
WARNING  [2000-09-01 12:00:39 PDT] : Line:HVMV_Sub_connector is at 100.10% of its emergency rating on phase C!
WARNING  [2000-09-01 12:00:39 PDT] : Line:CAP_3 is at 113.20% of its emergency rating on phase A!
WARNING  [2000-09-01 12:00:39 PDT] : Line:CAP_3 is at 107.82% of its emergency rating on phase B!
WARNING  [2000-09-01 12:00:39 PDT] : Line:CAP_2 is at 106.71% of its emergency rating on phase A!
WARNING  [2000-09-01 12:00:39 PDT] : Line:CAP_2 is at 104.06% of its emergency rating on phase B!
WARNING  [2000-09-01 12:00:39 PDT] : Line:LN6351510-1 is at 112.67% of its emergency rating on phase C!
WARNING  [2000-09-01 12:00:39 PDT] : Line:LN6350556-2 is at 105.34% of its emergency rating on phase A!
WARNING  [2000-09-01 12:00:39 PDT] : last warning message was repeated 11 times
WARNING  [2000-09-01 12:00:39 PDT] : Line:Tpx227944551C0 is at 153.41% of its emergency rating on phase 1!
WARNING  [2000-09-01 12:00:39 PDT] : Line:Tpx227944551C0 is at 153.41% of its emergency rating on phase 2!
WARNING  [2000-09-01 12:00:39 PDT] : Line:Tpx227944551A0 is at 135.35% of its emergency rating on phase 1!
WARNING  [2000-09-01 12:00:39 PDT] : Line:Tpx227944551A0 is at 135.35% of its emergency rating on phase 2!
WARNING  [2000-09-01 12:00:39 PDT] : Line:Tpx227944551B0 is at 148.38% of its emergency rating on phase 1!
WARNING  [2000-09-01 12:00:39 PDT] : Line:Tpx227944551B0 is at 148.38% of its emergency rating on phase 2!
[2025-07-10 21:10:29.974] [console] [debug] IEEE_8500node_fed[39]::setting value for gld_hlc_conn/Sa size 24
[2025-07-10 21:10:29.974] [console] [debug] IEEE_8500node_fed[39]::setting value for gld_hlc_conn/Sb size 24
[2025-07-10 21:10:29.974] [console] [debug] IEEE_8500node_fed[39]::setting value for gld_hlc_conn/Sc size 24
[2025-07-10 21:10:30.132] [console] [debug] IEEE_8500node_fed (131073)[39]::receive PUBLICATION pub:From (131072) handle(3) size 0 at 39 to 131073 from gridpack/Va
[2025-07-10 21:10:30.132] [console] [debug] IEEE_8500node_fed (131073)[39]::receive PUBLICATION pub:From (131072) handle(4) size 0 at 39 to 131073 from gridpack/Vb
[2025-07-10 21:10:30.132] [console] [debug] IEEE_8500node_fed (131073)[39]::receive PUBLICATION pub:From (131072) handle(5) size 0 at 39 to 131073 from gridpack/Vc
[2025-07-10 21:10:30.132] [console] [debug] IEEE_8500node_fed (131073)[40]::Granted Time=40
WARNING  [2000-09-01 12:00:40 PDT] : Regulator VREG3 has phase A at the maximum tap value
WARNING  [2000-09-01 12:00:40 PDT] : Line:HVMV_Sub_connector is at 113.25% of its emergency rating on phase A!
WARNING  [2000-09-01 12:00:40 PDT] : Line:HVMV_Sub_connector is at 107.82% of its emergency rating on phase B!
WARNING  [2000-09-01 12:00:40 PDT] : Line:HVMV_Sub_connector is at 100.10% of its emergency rating on phase C!
WARNING  [2000-09-01 12:00:40 PDT] : Line:CAP_3 is at 113.20% of its emergency rating on phase A!
WARNING  [2000-09-01 12:00:40 PDT] : Line:CAP_3 is at 107.82% of its emergency rating on phase B!
WARNING  [2000-09-01 12:00:40 PDT] : Line:CAP_2 is at 106.71% of its emergency rating on phase A!
WARNING  [2000-09-01 12:00:40 PDT] : Line:CAP_2 is at 104.06% of its emergency rating on phase B!
WARNING  [2000-09-01 12:00:40 PDT] : Line:LN6351510-1 is at 112.67% of its emergency rating on phase C!
WARNING  [2000-09-01 12:00:40 PDT] : Line:LN6350556-2 is at 105.34% of its emergency rating on phase A!
WARNING  [2000-09-01 12:00:40 PDT] : last warning message was repeated 11 times
WARNING  [2000-09-01 12:00:40 PDT] : Line:Tpx227944551C0 is at 153.41% of its emergency rating on phase 1!
WARNING  [2000-09-01 12:00:40 PDT] : Line:Tpx227944551C0 is at 153.41% of its emergency rating on phase 2!
WARNING  [2000-09-01 12:00:40 PDT] : Line:Tpx227944551A0 is at 135.35% of its emergency rating on phase 1!
WARNING  [2000-09-01 12:00:40 PDT] : Line:Tpx227944551A0 is at 135.35% of its emergency rating on phase 2!
WARNING  [2000-09-01 12:00:40 PDT] : Line:Tpx227944551B0 is at 148.38% of its emergency rating on phase 1!
WARNING  [2000-09-01 12:00:40 PDT] : Line:Tpx227944551B0 is at 148.38% of its emergency rating on phase 2!
                                      Processing 2000-09-01 12:00:40 PDT...[2025-07-10 21:10:30.174] [console] [debug] IEEE_8500node_fed[40]::setting value for gld_hlc_conn/Sa size 24
[2025-07-10 21:10:30.174] [console] [debug] IEEE_8500node_fed[40]::setting value for gld_hlc_conn/Sb size 24
[2025-07-10 21:10:30.174] [console] [debug] IEEE_8500node_fed[40]::setting value for gld_hlc_conn/Sc size 24
[2025-07-10 21:10:30.341] [console] [debug] IEEE_8500node_fed (131073)[40]::receive PUBLICATION pub:From (131072) handle(3) size 0 at 40 to 131073 from gridpack/Va
[2025-07-10 21:10:30.341] [console] [debug] IEEE_8500node_fed (131073)[40]::receive PUBLICATION pub:From (131072) handle(4) size 0 at 40 to 131073 from gridpack/Vb
[2025-07-10 21:10:30.341] [console] [debug] IEEE_8500node_fed (131073)[40]::receive PUBLICATION pub:From (131072) handle(5) size 0 at 40 to 131073 from gridpack/Vc
[2025-07-10 21:10:30.341] [console] [debug] IEEE_8500node_fed (131073)[41]::Granted Time=41
WARNING  [2000-09-01 12:00:41 PDT] : Regulator VREG3 has phase A at the maximum tap value
WARNING  [2000-09-01 12:00:41 PDT] : Line:HVMV_Sub_connector is at 113.25% of its emergency rating on phase A!
WARNING  [2000-09-01 12:00:41 PDT] : Line:HVMV_Sub_connector is at 107.82% of its emergency rating on phase B!
WARNING  [2000-09-01 12:00:41 PDT] : Line:HVMV_Sub_connector is at 100.10% of its emergency rating on phase C!
WARNING  [2000-09-01 12:00:41 PDT] : Line:CAP_3 is at 113.20% of its emergency rating on phase A!
WARNING  [2000-09-01 12:00:41 PDT] : Line:CAP_3 is at 107.82% of its emergency rating on phase B!
WARNING  [2000-09-01 12:00:41 PDT] : Line:CAP_2 is at 106.71% of its emergency rating on phase A!
WARNING  [2000-09-01 12:00:41 PDT] : Line:CAP_2 is at 104.06% of its emergency rating on phase B!
WARNING  [2000-09-01 12:00:41 PDT] : Line:LN6351510-1 is at 112.67% of its emergency rating on phase C!
WARNING  [2000-09-01 12:00:41 PDT] : Line:LN6350556-2 is at 105.34% of its emergency rating on phase A!
WARNING  [2000-09-01 12:00:41 PDT] : last warning message was repeated 11 times
WARNING  [2000-09-01 12:00:41 PDT] : Line:Tpx227944551C0 is at 153.41% of its emergency rating on phase 1!
WARNING  [2000-09-01 12:00:41 PDT] : Line:Tpx227944551C0 is at 153.41% of its emergency rating on phase 2!
WARNING  [2000-09-01 12:00:41 PDT] : Line:Tpx227944551A0 is at 135.35% of its emergency rating on phase 1!
WARNING  [2000-09-01 12:00:41 PDT] : Line:Tpx227944551A0 is at 135.35% of its emergency rating on phase 2!
WARNING  [2000-09-01 12:00:41 PDT] : Line:Tpx227944551B0 is at 148.38% of its emergency rating on phase 1!
WARNING  [2000-09-01 12:00:41 PDT] : Line:Tpx227944551B0 is at 148.38% of its emergency rating on phase 2!
[2025-07-10 21:10:30.382] [console] [debug] IEEE_8500node_fed[41]::setting value for gld_hlc_conn/Sa size 24
[2025-07-10 21:10:30.382] [console] [debug] IEEE_8500node_fed[41]::setting value for gld_hlc_conn/Sb size 24
[2025-07-10 21:10:30.382] [console] [debug] IEEE_8500node_fed[41]::setting value for gld_hlc_conn/Sc size 24
[2025-07-10 21:10:30.555] [console] [debug] IEEE_8500node_fed (131073)[41]::receive PUBLICATION pub:From (131072) handle(3) size 0 at 41 to 131073 from gridpack/Va
[2025-07-10 21:10:30.555] [console] [debug] IEEE_8500node_fed (131073)[41]::receive PUBLICATION pub:From (131072) handle(4) size 0 at 41 to 131073 from gridpack/Vb
[2025-07-10 21:10:30.555] [console] [debug] IEEE_8500node_fed (131073)[41]::receive PUBLICATION pub:From (131072) handle(5) size 0 at 41 to 131073 from gridpack/Vc
[2025-07-10 21:10:30.555] [console] [debug] IEEE_8500node_fed (131073)[42]::Granted Time=42
WARNING  [2000-09-01 12:00:42 PDT] : Regulator VREG3 has phase A at the maximum tap value
WARNING  [2000-09-01 12:00:42 PDT] : Line:HVMV_Sub_connector is at 113.25% of its emergency rating on phase A!
WARNING  [2000-09-01 12:00:42 PDT] : Line:HVMV_Sub_connector is at 107.82% of its emergency rating on phase B!
WARNING  [2000-09-01 12:00:42 PDT] : Line:HVMV_Sub_connector is at 100.10% of its emergency rating on phase C!
WARNING  [2000-09-01 12:00:42 PDT] : Line:CAP_3 is at 113.20% of its emergency rating on phase A!
WARNING  [2000-09-01 12:00:42 PDT] : Line:CAP_3 is at 107.82% of its emergency rating on phase B!
WARNING  [2000-09-01 12:00:42 PDT] : Line:CAP_2 is at 106.71% of its emergency rating on phase A!
WARNING  [2000-09-01 12:00:42 PDT] : Line:CAP_2 is at 104.06% of its emergency rating on phase B!
WARNING  [2000-09-01 12:00:42 PDT] : Line:LN6351510-1 is at 112.67% of its emergency rating on phase C!
WARNING  [2000-09-01 12:00:42 PDT] : Line:LN6350556-2 is at 105.34% of its emergency rating on phase A!
WARNING  [2000-09-01 12:00:42 PDT] : last warning message was repeated 11 times
WARNING  [2000-09-01 12:00:42 PDT] : Line:Tpx227944551C0 is at 153.41% of its emergency rating on phase 1!
WARNING  [2000-09-01 12:00:42 PDT] : Line:Tpx227944551C0 is at 153.41% of its emergency rating on phase 2!
WARNING  [2000-09-01 12:00:42 PDT] : Line:Tpx227944551A0 is at 135.35% of its emergency rating on phase 1!
WARNING  [2000-09-01 12:00:42 PDT] : Line:Tpx227944551A0 is at 135.35% of its emergency rating on phase 2!
WARNING  [2000-09-01 12:00:42 PDT] : Line:Tpx227944551B0 is at 148.38% of its emergency rating on phase 1!
WARNING  [2000-09-01 12:00:42 PDT] : Line:Tpx227944551B0 is at 148.38% of its emergency rating on phase 2!
[2025-07-10 21:10:30.593] [console] [debug] IEEE_8500node_fed[42]::setting value for gld_hlc_conn/Sa size 24
[2025-07-10 21:10:30.593] [console] [debug] IEEE_8500node_fed[42]::setting value for gld_hlc_conn/Sb size 24
[2025-07-10 21:10:30.593] [console] [debug] IEEE_8500node_fed[42]::setting value for gld_hlc_conn/Sc size 24
[2025-07-10 21:10:30.774] [console] [debug] IEEE_8500node_fed (131073)[42]::receive PUBLICATION pub:From (131072) handle(3) size 0 at 42 to 131073 from gridpack/Va
[2025-07-10 21:10:30.774] [console] [debug] IEEE_8500node_fed (131073)[42]::receive PUBLICATION pub:From (131072) handle(4) size 0 at 42 to 131073 from gridpack/Vb
[2025-07-10 21:10:30.774] [console] [debug] IEEE_8500node_fed (131073)[42]::receive PUBLICATION pub:From (131072) handle(5) size 0 at 42 to 131073 from gridpack/Vc
[2025-07-10 21:10:30.774] [console] [debug] IEEE_8500node_fed (131073)[43]::Granted Time=43
WARNING  [2000-09-01 12:00:43 PDT] : Regulator VREG3 has phase A at the maximum tap value
WARNING  [2000-09-01 12:00:43 PDT] : Line:HVMV_Sub_connector is at 113.25% of its emergency rating on phase A!
WARNING  [2000-09-01 12:00:43 PDT] : Line:HVMV_Sub_connector is at 107.82% of its emergency rating on phase B!
WARNING  [2000-09-01 12:00:43 PDT] : Line:HVMV_Sub_connector is at 100.10% of its emergency rating on phase C!
WARNING  [2000-09-01 12:00:43 PDT] : Line:CAP_3 is at 113.20% of its emergency rating on phase A!
WARNING  [2000-09-01 12:00:43 PDT] : Line:CAP_3 is at 107.82% of its emergency rating on phase B!
WARNING  [2000-09-01 12:00:43 PDT] : Line:CAP_2 is at 106.71% of its emergency rating on phase A!
WARNING  [2000-09-01 12:00:43 PDT] : Line:CAP_2 is at 104.06% of its emergency rating on phase B!
WARNING  [2000-09-01 12:00:43 PDT] : Line:LN6351510-1 is at 112.67% of its emergency rating on phase C!
WARNING  [2000-09-01 12:00:43 PDT] : Line:LN6350556-2 is at 105.34% of its emergency rating on phase A!
WARNING  [2000-09-01 12:00:43 PDT] : last warning message was repeated 11 times
WARNING  [2000-09-01 12:00:43 PDT] : Line:Tpx227944551C0 is at 153.41% of its emergency rating on phase 1!
WARNING  [2000-09-01 12:00:43 PDT] : Line:Tpx227944551C0 is at 153.41% of its emergency rating on phase 2!
WARNING  [2000-09-01 12:00:43 PDT] : Line:Tpx227944551A0 is at 135.35% of its emergency rating on phase 1!
WARNING  [2000-09-01 12:00:43 PDT] : Line:Tpx227944551A0 is at 135.35% of its emergency rating on phase 2!
WARNING  [2000-09-01 12:00:43 PDT] : Line:Tpx227944551B0 is at 148.38% of its emergency rating on phase 1!
WARNING  [2000-09-01 12:00:43 PDT] : Line:Tpx227944551B0 is at 148.38% of its emergency rating on phase 2!
[2025-07-10 21:10:30.815] [console] [debug] IEEE_8500node_fed[43]::setting value for gld_hlc_conn/Sa size 24
[2025-07-10 21:10:30.815] [console] [debug] IEEE_8500node_fed[43]::setting value for gld_hlc_conn/Sb size 24
[2025-07-10 21:10:30.815] [console] [debug] IEEE_8500node_fed[43]::setting value for gld_hlc_conn/Sc size 24
[2025-07-10 21:10:31.056] [console] [debug] IEEE_8500node_fed (131073)[43]::receive PUBLICATION pub:From (131072) handle(3) size 0 at 43 to 131073 from gridpack/Va
[2025-07-10 21:10:31.056] [console] [debug] IEEE_8500node_fed (131073)[43]::receive PUBLICATION pub:From (131072) handle(4) size 0 at 43 to 131073 from gridpack/Vb
[2025-07-10 21:10:31.056] [console] [debug] IEEE_8500node_fed (131073)[43]::receive PUBLICATION pub:From (131072) handle(5) size 0 at 43 to 131073 from gridpack/Vc
[2025-07-10 21:10:31.057] [console] [debug] IEEE_8500node_fed (131073)[44]::Granted Time=44
WARNING  [2000-09-01 12:00:44 PDT] : Regulator VREG3 has phase A at the maximum tap value
WARNING  [2000-09-01 12:00:44 PDT] : Line:HVMV_Sub_connector is at 113.25% of its emergency rating on phase A!
WARNING  [2000-09-01 12:00:44 PDT] : Line:HVMV_Sub_connector is at 107.82% of its emergency rating on phase B!
WARNING  [2000-09-01 12:00:44 PDT] : Line:HVMV_Sub_connector is at 100.10% of its emergency rating on phase C!
WARNING  [2000-09-01 12:00:44 PDT] : Line:CAP_3 is at 113.20% of its emergency rating on phase A!
WARNING  [2000-09-01 12:00:44 PDT] : Line:CAP_3 is at 107.82% of its emergency rating on phase B!
WARNING  [2000-09-01 12:00:44 PDT] : Line:CAP_2 is at 106.71% of its emergency rating on phase A!
WARNING  [2000-09-01 12:00:44 PDT] : Line:CAP_2 is at 104.06% of its emergency rating on phase B!
WARNING  [2000-09-01 12:00:44 PDT] : Line:LN6351510-1 is at 112.67% of its emergency rating on phase C!
WARNING  [2000-09-01 12:00:44 PDT] : Line:LN6350556-2 is at 105.34% of its emergency rating on phase A!
WARNING  [2000-09-01 12:00:44 PDT] : last warning message was repeated 11 times
WARNING  [2000-09-01 12:00:44 PDT] : Line:Tpx227944551C0 is at 153.41% of its emergency rating on phase 1!
WARNING  [2000-09-01 12:00:44 PDT] : Line:Tpx227944551C0 is at 153.41% of its emergency rating on phase 2!
WARNING  [2000-09-01 12:00:44 PDT] : Line:Tpx227944551A0 is at 135.35% of its emergency rating on phase 1!
WARNING  [2000-09-01 12:00:44 PDT] : Line:Tpx227944551A0 is at 135.35% of its emergency rating on phase 2!
WARNING  [2000-09-01 12:00:44 PDT] : Line:Tpx227944551B0 is at 148.38% of its emergency rating on phase 1!
WARNING  [2000-09-01 12:00:44 PDT] : Line:Tpx227944551B0 is at 148.38% of its emergency rating on phase 2!
                                      Processing 2000-09-01 12:00:44 PDT...[2025-07-10 21:10:31.118] [console] [debug] IEEE_8500node_fed[44]::setting value for gld_hlc_conn/Sa size 24
[2025-07-10 21:10:31.118] [console] [debug] IEEE_8500node_fed[44]::setting value for gld_hlc_conn/Sb size 24
[2025-07-10 21:10:31.118] [console] [debug] IEEE_8500node_fed[44]::setting value for gld_hlc_conn/Sc size 24
[2025-07-10 21:10:31.349] [console] [debug] IEEE_8500node_fed (131073)[44]::receive PUBLICATION pub:From (131072) handle(3) size 0 at 44 to 131073 from gridpack/Va
[2025-07-10 21:10:31.349] [console] [debug] IEEE_8500node_fed (131073)[44]::receive PUBLICATION pub:From (131072) handle(4) size 0 at 44 to 131073 from gridpack/Vb
[2025-07-10 21:10:31.349] [console] [debug] IEEE_8500node_fed (131073)[44]::receive PUBLICATION pub:From (131072) handle(5) size 0 at 44 to 131073 from gridpack/Vc
[2025-07-10 21:10:31.349] [console] [debug] IEEE_8500node_fed (131073)[45]::Granted Time=45
WARNING  [2000-09-01 12:00:45 PDT] : Regulator VREG3 has phase A at the maximum tap value
WARNING  [2000-09-01 12:00:45 PDT] : Line:HVMV_Sub_connector is at 113.25% of its emergency rating on phase A!
WARNING  [2000-09-01 12:00:45 PDT] : Line:HVMV_Sub_connector is at 107.82% of its emergency rating on phase B!
WARNING  [2000-09-01 12:00:45 PDT] : Line:HVMV_Sub_connector is at 100.10% of its emergency rating on phase C!
WARNING  [2000-09-01 12:00:45 PDT] : Line:CAP_3 is at 113.20% of its emergency rating on phase A!
WARNING  [2000-09-01 12:00:45 PDT] : Line:CAP_3 is at 107.82% of its emergency rating on phase B!
WARNING  [2000-09-01 12:00:45 PDT] : Line:CAP_2 is at 106.71% of its emergency rating on phase A!
WARNING  [2000-09-01 12:00:45 PDT] : Line:CAP_2 is at 104.06% of its emergency rating on phase B!
WARNING  [2000-09-01 12:00:45 PDT] : Line:LN6351510-1 is at 112.67% of its emergency rating on phase C!
WARNING  [2000-09-01 12:00:45 PDT] : Line:LN6350556-2 is at 105.34% of its emergency rating on phase A!
WARNING  [2000-09-01 12:00:45 PDT] : last warning message was repeated 11 times
WARNING  [2000-09-01 12:00:45 PDT] : Line:Tpx227944551C0 is at 153.41% of its emergency rating on phase 1!
WARNING  [2000-09-01 12:00:45 PDT] : Line:Tpx227944551C0 is at 153.41% of its emergency rating on phase 2!
WARNING  [2000-09-01 12:00:45 PDT] : Line:Tpx227944551A0 is at 135.35% of its emergency rating on phase 1!
WARNING  [2000-09-01 12:00:45 PDT] : Line:Tpx227944551A0 is at 135.35% of its emergency rating on phase 2!
WARNING  [2000-09-01 12:00:45 PDT] : Line:Tpx227944551B0 is at 148.38% of its emergency rating on phase 1!
WARNING  [2000-09-01 12:00:45 PDT] : Line:Tpx227944551B0 is at 148.38% of its emergency rating on phase 2!
[2025-07-10 21:10:31.392] [console] [debug] IEEE_8500node_fed[45]::setting value for gld_hlc_conn/Sa size 24
[2025-07-10 21:10:31.392] [console] [debug] IEEE_8500node_fed[45]::setting value for gld_hlc_conn/Sb size 24
[2025-07-10 21:10:31.392] [console] [debug] IEEE_8500node_fed[45]::setting value for gld_hlc_conn/Sc size 24
[2025-07-10 21:10:31.619] [console] [debug] IEEE_8500node_fed (131073)[45]::receive PUBLICATION pub:From (131072) handle(3) size 0 at 45 to 131073 from gridpack/Va
[2025-07-10 21:10:31.619] [console] [debug] IEEE_8500node_fed (131073)[45]::receive PUBLICATION pub:From (131072) handle(4) size 0 at 45 to 131073 from gridpack/Vb
[2025-07-10 21:10:31.619] [console] [debug] IEEE_8500node_fed (131073)[45]::receive PUBLICATION pub:From (131072) handle(5) size 0 at 45 to 131073 from gridpack/Vc
[2025-07-10 21:10:31.619] [console] [debug] IEEE_8500node_fed (131073)[46]::Granted Time=46
WARNING  [2000-09-01 12:00:46 PDT] : Regulator VREG3 has phase A at the maximum tap value
WARNING  [2000-09-01 12:00:46 PDT] : Line:HVMV_Sub_connector is at 113.25% of its emergency rating on phase A!
WARNING  [2000-09-01 12:00:46 PDT] : Line:HVMV_Sub_connector is at 107.82% of its emergency rating on phase B!
WARNING  [2000-09-01 12:00:46 PDT] : Line:HVMV_Sub_connector is at 100.10% of its emergency rating on phase C!
WARNING  [2000-09-01 12:00:46 PDT] : Line:CAP_3 is at 113.20% of its emergency rating on phase A!
WARNING  [2000-09-01 12:00:46 PDT] : Line:CAP_3 is at 107.82% of its emergency rating on phase B!
WARNING  [2000-09-01 12:00:46 PDT] : Line:CAP_2 is at 106.71% of its emergency rating on phase A!
WARNING  [2000-09-01 12:00:46 PDT] : Line:CAP_2 is at 104.06% of its emergency rating on phase B!
WARNING  [2000-09-01 12:00:46 PDT] : Line:LN6351510-1 is at 112.67% of its emergency rating on phase C!
WARNING  [2000-09-01 12:00:46 PDT] : Line:LN6350556-2 is at 105.34% of its emergency rating on phase A!
WARNING  [2000-09-01 12:00:46 PDT] : last warning message was repeated 11 times
WARNING  [2000-09-01 12:00:46 PDT] : Line:Tpx227944551C0 is at 153.41% of its emergency rating on phase 1!
WARNING  [2000-09-01 12:00:46 PDT] : Line:Tpx227944551C0 is at 153.41% of its emergency rating on phase 2!
WARNING  [2000-09-01 12:00:46 PDT] : Line:Tpx227944551A0 is at 135.35% of its emergency rating on phase 1!
WARNING  [2000-09-01 12:00:46 PDT] : Line:Tpx227944551A0 is at 135.35% of its emergency rating on phase 2!
WARNING  [2000-09-01 12:00:46 PDT] : Line:Tpx227944551B0 is at 148.38% of its emergency rating on phase 1!
WARNING  [2000-09-01 12:00:46 PDT] : Line:Tpx227944551B0 is at 148.38% of its emergency rating on phase 2!
[2025-07-10 21:10:31.671] [console] [debug] IEEE_8500node_fed[46]::setting value for gld_hlc_conn/Sa size 24
[2025-07-10 21:10:31.671] [console] [debug] IEEE_8500node_fed[46]::setting value for gld_hlc_conn/Sb size 24
[2025-07-10 21:10:31.671] [console] [debug] IEEE_8500node_fed[46]::setting value for gld_hlc_conn/Sc size 24
[2025-07-10 21:10:31.895] [console] [debug] IEEE_8500node_fed (131073)[46]::receive PUBLICATION pub:From (131072) handle(3) size 0 at 46 to 131073 from gridpack/Va
[2025-07-10 21:10:31.895] [console] [debug] IEEE_8500node_fed (131073)[46]::receive PUBLICATION pub:From (131072) handle(4) size 0 at 46 to 131073 from gridpack/Vb
[2025-07-10 21:10:31.895] [console] [debug] IEEE_8500node_fed (131073)[46]::receive PUBLICATION pub:From (131072) handle(5) size 0 at 46 to 131073 from gridpack/Vc
[2025-07-10 21:10:31.895] [console] [debug] IEEE_8500node_fed (131073)[47]::Granted Time=47
WARNING  [2000-09-01 12:00:47 PDT] : Regulator VREG3 has phase A at the maximum tap value
WARNING  [2000-09-01 12:00:47 PDT] : Line:HVMV_Sub_connector is at 113.25% of its emergency rating on phase A!
WARNING  [2000-09-01 12:00:47 PDT] : Line:HVMV_Sub_connector is at 107.82% of its emergency rating on phase B!
WARNING  [2000-09-01 12:00:47 PDT] : Line:HVMV_Sub_connector is at 100.10% of its emergency rating on phase C!
WARNING  [2000-09-01 12:00:47 PDT] : Line:CAP_3 is at 113.20% of its emergency rating on phase A!
WARNING  [2000-09-01 12:00:47 PDT] : Line:CAP_3 is at 107.82% of its emergency rating on phase B!
WARNING  [2000-09-01 12:00:47 PDT] : Line:CAP_2 is at 106.71% of its emergency rating on phase A!
WARNING  [2000-09-01 12:00:47 PDT] : Line:CAP_2 is at 104.06% of its emergency rating on phase B!
WARNING  [2000-09-01 12:00:47 PDT] : Line:LN6351510-1 is at 112.67% of its emergency rating on phase C!
WARNING  [2000-09-01 12:00:47 PDT] : Line:LN6350556-2 is at 105.34% of its emergency rating on phase A!
WARNING  [2000-09-01 12:00:47 PDT] : last warning message was repeated 11 times
WARNING  [2000-09-01 12:00:47 PDT] : Line:Tpx227944551C0 is at 153.41% of its emergency rating on phase 1!
WARNING  [2000-09-01 12:00:47 PDT] : Line:Tpx227944551C0 is at 153.41% of its emergency rating on phase 2!
WARNING  [2000-09-01 12:00:47 PDT] : Line:Tpx227944551A0 is at 135.35% of its emergency rating on phase 1!
WARNING  [2000-09-01 12:00:47 PDT] : Line:Tpx227944551A0 is at 135.35% of its emergency rating on phase 2!
WARNING  [2000-09-01 12:00:47 PDT] : Line:Tpx227944551B0 is at 148.38% of its emergency rating on phase 1!
WARNING  [2000-09-01 12:00:47 PDT] : Line:Tpx227944551B0 is at 148.38% of its emergency rating on phase 2!
[2025-07-10 21:10:31.938] [console] [debug] IEEE_8500node_fed[47]::setting value for gld_hlc_conn/Sa size 24
[2025-07-10 21:10:31.938] [console] [debug] IEEE_8500node_fed[47]::setting value for gld_hlc_conn/Sb size 24
[2025-07-10 21:10:31.938] [console] [debug] IEEE_8500node_fed[47]::setting value for gld_hlc_conn/Sc size 24
[2025-07-10 21:10:32.147] [console] [debug] IEEE_8500node_fed (131073)[47]::receive PUBLICATION pub:From (131072) handle(3) size 0 at 47 to 131073 from gridpack/Va
[2025-07-10 21:10:32.147] [console] [debug] IEEE_8500node_fed (131073)[47]::receive PUBLICATION pub:From (131072) handle(4) size 0 at 47 to 131073 from gridpack/Vb
[2025-07-10 21:10:32.147] [console] [debug] IEEE_8500node_fed (131073)[47]::receive PUBLICATION pub:From (131072) handle(5) size 0 at 47 to 131073 from gridpack/Vc
[2025-07-10 21:10:32.147] [console] [debug] IEEE_8500node_fed (131073)[48]::Granted Time=48
WARNING  [2000-09-01 12:00:48 PDT] : Regulator VREG3 has phase A at the maximum tap value
WARNING  [2000-09-01 12:00:48 PDT] : Line:HVMV_Sub_connector is at 113.25% of its emergency rating on phase A!
WARNING  [2000-09-01 12:00:48 PDT] : Line:HVMV_Sub_connector is at 107.82% of its emergency rating on phase B!
WARNING  [2000-09-01 12:00:48 PDT] : Line:HVMV_Sub_connector is at 100.10% of its emergency rating on phase C!
WARNING  [2000-09-01 12:00:48 PDT] : Line:CAP_3 is at 113.20% of its emergency rating on phase A!
WARNING  [2000-09-01 12:00:48 PDT] : Line:CAP_3 is at 107.82% of its emergency rating on phase B!
WARNING  [2000-09-01 12:00:48 PDT] : Line:CAP_2 is at 106.71% of its emergency rating on phase A!
WARNING  [2000-09-01 12:00:48 PDT] : Line:CAP_2 is at 104.06% of its emergency rating on phase B!
WARNING  [2000-09-01 12:00:48 PDT] : Line:LN6351510-1 is at 112.67% of its emergency rating on phase C!
WARNING  [2000-09-01 12:00:48 PDT] : Line:LN6350556-2 is at 105.34% of its emergency rating on phase A!
WARNING  [2000-09-01 12:00:48 PDT] : last warning message was repeated 11 times
WARNING  [2000-09-01 12:00:48 PDT] : Line:Tpx227944551C0 is at 153.41% of its emergency rating on phase 1!
WARNING  [2000-09-01 12:00:48 PDT] : Line:Tpx227944551C0 is at 153.41% of its emergency rating on phase 2!
WARNING  [2000-09-01 12:00:48 PDT] : Line:Tpx227944551A0 is at 135.35% of its emergency rating on phase 1!
WARNING  [2000-09-01 12:00:48 PDT] : Line:Tpx227944551A0 is at 135.35% of its emergency rating on phase 2!
WARNING  [2000-09-01 12:00:48 PDT] : Line:Tpx227944551B0 is at 148.38% of its emergency rating on phase 1!
WARNING  [2000-09-01 12:00:48 PDT] : Line:Tpx227944551B0 is at 148.38% of its emergency rating on phase 2!
                                      Processing 2000-09-01 12:00:48 PDT...[2025-07-10 21:10:32.196] [console] [debug] IEEE_8500node_fed[48]::setting value for gld_hlc_conn/Sa size 24
[2025-07-10 21:10:32.196] [console] [debug] IEEE_8500node_fed[48]::setting value for gld_hlc_conn/Sb size 24
[2025-07-10 21:10:32.196] [console] [debug] IEEE_8500node_fed[48]::setting value for gld_hlc_conn/Sc size 24
[2025-07-10 21:10:32.399] [console] [debug] IEEE_8500node_fed (131073)[48]::receive PUBLICATION pub:From (131072) handle(3) size 0 at 48 to 131073 from gridpack/Va
[2025-07-10 21:10:32.399] [console] [debug] IEEE_8500node_fed (131073)[48]::receive PUBLICATION pub:From (131072) handle(4) size 0 at 48 to 131073 from gridpack/Vb
[2025-07-10 21:10:32.399] [console] [debug] IEEE_8500node_fed (131073)[48]::receive PUBLICATION pub:From (131072) handle(5) size 0 at 48 to 131073 from gridpack/Vc
[2025-07-10 21:10:32.399] [console] [debug] IEEE_8500node_fed (131073)[49]::Granted Time=49
WARNING  [2000-09-01 12:00:49 PDT] : Regulator VREG3 has phase A at the maximum tap value
WARNING  [2000-09-01 12:00:49 PDT] : Line:HVMV_Sub_connector is at 113.25% of its emergency rating on phase A!
WARNING  [2000-09-01 12:00:49 PDT] : Line:HVMV_Sub_connector is at 107.82% of its emergency rating on phase B!
WARNING  [2000-09-01 12:00:49 PDT] : Line:HVMV_Sub_connector is at 100.10% of its emergency rating on phase C!
WARNING  [2000-09-01 12:00:49 PDT] : Line:CAP_3 is at 113.20% of its emergency rating on phase A!
WARNING  [2000-09-01 12:00:49 PDT] : Line:CAP_3 is at 107.82% of its emergency rating on phase B!
WARNING  [2000-09-01 12:00:49 PDT] : Line:CAP_2 is at 106.71% of its emergency rating on phase A!
WARNING  [2000-09-01 12:00:49 PDT] : Line:CAP_2 is at 104.06% of its emergency rating on phase B!
WARNING  [2000-09-01 12:00:49 PDT] : Line:LN6351510-1 is at 112.67% of its emergency rating on phase C!
WARNING  [2000-09-01 12:00:49 PDT] : Line:LN6350556-2 is at 105.34% of its emergency rating on phase A!
WARNING  [2000-09-01 12:00:49 PDT] : last warning message was repeated 11 times
WARNING  [2000-09-01 12:00:49 PDT] : Line:Tpx227944551C0 is at 153.41% of its emergency rating on phase 1!
WARNING  [2000-09-01 12:00:49 PDT] : Line:Tpx227944551C0 is at 153.41% of its emergency rating on phase 2!
WARNING  [2000-09-01 12:00:49 PDT] : Line:Tpx227944551A0 is at 135.35% of its emergency rating on phase 1!
WARNING  [2000-09-01 12:00:49 PDT] : Line:Tpx227944551A0 is at 135.35% of its emergency rating on phase 2!
WARNING  [2000-09-01 12:00:49 PDT] : Line:Tpx227944551B0 is at 148.38% of its emergency rating on phase 1!
WARNING  [2000-09-01 12:00:49 PDT] : Line:Tpx227944551B0 is at 148.38% of its emergency rating on phase 2!
[2025-07-10 21:10:32.448] [console] [debug] IEEE_8500node_fed[49]::setting value for gld_hlc_conn/Sa size 24
[2025-07-10 21:10:32.448] [console] [debug] IEEE_8500node_fed[49]::setting value for gld_hlc_conn/Sb size 24
[2025-07-10 21:10:32.448] [console] [debug] IEEE_8500node_fed[49]::setting value for gld_hlc_conn/Sc size 24
[2025-07-10 21:10:32.655] [console] [debug] IEEE_8500node_fed (131073)[49]::receive PUBLICATION pub:From (131072) handle(3) size 0 at 49 to 131073 from gridpack/Va
[2025-07-10 21:10:32.655] [console] [debug] IEEE_8500node_fed (131073)[49]::receive PUBLICATION pub:From (131072) handle(4) size 0 at 49 to 131073 from gridpack/Vb
[2025-07-10 21:10:32.655] [console] [debug] IEEE_8500node_fed (131073)[49]::receive PUBLICATION pub:From (131072) handle(5) size 0 at 49 to 131073 from gridpack/Vc
[2025-07-10 21:10:32.655] [console] [debug] IEEE_8500node_fed (131073)[50]::Granted Time=50
WARNING  [2000-09-01 12:00:50 PDT] : Regulator VREG3 has phase A at the maximum tap value
WARNING  [2000-09-01 12:00:50 PDT] : Line:HVMV_Sub_connector is at 113.25% of its emergency rating on phase A!
WARNING  [2000-09-01 12:00:50 PDT] : Line:HVMV_Sub_connector is at 107.82% of its emergency rating on phase B!
WARNING  [2000-09-01 12:00:50 PDT] : Line:HVMV_Sub_connector is at 100.10% of its emergency rating on phase C!
WARNING  [2000-09-01 12:00:50 PDT] : Line:CAP_3 is at 113.20% of its emergency rating on phase A!
WARNING  [2000-09-01 12:00:50 PDT] : Line:CAP_3 is at 107.82% of its emergency rating on phase B!
WARNING  [2000-09-01 12:00:50 PDT] : Line:CAP_2 is at 106.71% of its emergency rating on phase A!
WARNING  [2000-09-01 12:00:50 PDT] : Line:CAP_2 is at 104.06% of its emergency rating on phase B!
WARNING  [2000-09-01 12:00:50 PDT] : Line:LN6351510-1 is at 112.67% of its emergency rating on phase C!
WARNING  [2000-09-01 12:00:50 PDT] : Line:LN6350556-2 is at 105.34% of its emergency rating on phase A!
WARNING  [2000-09-01 12:00:50 PDT] : last warning message was repeated 11 times
WARNING  [2000-09-01 12:00:50 PDT] : Line:Tpx227944551C0 is at 153.41% of its emergency rating on phase 1!
WARNING  [2000-09-01 12:00:50 PDT] : Line:Tpx227944551C0 is at 153.41% of its emergency rating on phase 2!
WARNING  [2000-09-01 12:00:50 PDT] : Line:Tpx227944551A0 is at 135.35% of its emergency rating on phase 1!
WARNING  [2000-09-01 12:00:50 PDT] : Line:Tpx227944551A0 is at 135.35% of its emergency rating on phase 2!
WARNING  [2000-09-01 12:00:50 PDT] : Line:Tpx227944551B0 is at 148.38% of its emergency rating on phase 1!
WARNING  [2000-09-01 12:00:50 PDT] : Line:Tpx227944551B0 is at 148.38% of its emergency rating on phase 2!
[2025-07-10 21:10:32.695] [console] [debug] IEEE_8500node_fed[50]::setting value for gld_hlc_conn/Sa size 24
[2025-07-10 21:10:32.695] [console] [debug] IEEE_8500node_fed[50]::setting value for gld_hlc_conn/Sb size 24
[2025-07-10 21:10:32.695] [console] [debug] IEEE_8500node_fed[50]::setting value for gld_hlc_conn/Sc size 24
[2025-07-10 21:10:32.908] [console] [debug] IEEE_8500node_fed (131073)[50]::receive PUBLICATION pub:From (131072) handle(3) size 0 at 50 to 131073 from gridpack/Va
[2025-07-10 21:10:32.908] [console] [debug] IEEE_8500node_fed (131073)[50]::receive PUBLICATION pub:From (131072) handle(4) size 0 at 50 to 131073 from gridpack/Vb
[2025-07-10 21:10:32.908] [console] [debug] IEEE_8500node_fed (131073)[50]::receive PUBLICATION pub:From (131072) handle(5) size 0 at 50 to 131073 from gridpack/Vc
[2025-07-10 21:10:32.908] [console] [debug] IEEE_8500node_fed (131073)[51]::Granted Time=51
WARNING  [2000-09-01 12:00:51 PDT] : Regulator VREG3 has phase A at the maximum tap value
WARNING  [2000-09-01 12:00:51 PDT] : Line:HVMV_Sub_connector is at 113.25% of its emergency rating on phase A!
WARNING  [2000-09-01 12:00:51 PDT] : Line:HVMV_Sub_connector is at 107.82% of its emergency rating on phase B!
WARNING  [2000-09-01 12:00:51 PDT] : Line:HVMV_Sub_connector is at 100.10% of its emergency rating on phase C!
WARNING  [2000-09-01 12:00:51 PDT] : Line:CAP_3 is at 113.20% of its emergency rating on phase A!
WARNING  [2000-09-01 12:00:51 PDT] : Line:CAP_3 is at 107.82% of its emergency rating on phase B!
WARNING  [2000-09-01 12:00:51 PDT] : Line:CAP_2 is at 106.71% of its emergency rating on phase A!
WARNING  [2000-09-01 12:00:51 PDT] : Line:CAP_2 is at 104.06% of its emergency rating on phase B!
WARNING  [2000-09-01 12:00:51 PDT] : Line:LN6351510-1 is at 112.67% of its emergency rating on phase C!
WARNING  [2000-09-01 12:00:51 PDT] : Line:LN6350556-2 is at 105.34% of its emergency rating on phase A!
WARNING  [2000-09-01 12:00:51 PDT] : last warning message was repeated 11 times
WARNING  [2000-09-01 12:00:51 PDT] : Line:Tpx227944551C0 is at 153.41% of its emergency rating on phase 1!
WARNING  [2000-09-01 12:00:51 PDT] : Line:Tpx227944551C0 is at 153.41% of its emergency rating on phase 2!
WARNING  [2000-09-01 12:00:51 PDT] : Line:Tpx227944551A0 is at 135.35% of its emergency rating on phase 1!
WARNING  [2000-09-01 12:00:51 PDT] : Line:Tpx227944551A0 is at 135.35% of its emergency rating on phase 2!
WARNING  [2000-09-01 12:00:51 PDT] : Line:Tpx227944551B0 is at 148.38% of its emergency rating on phase 1!
WARNING  [2000-09-01 12:00:51 PDT] : Line:Tpx227944551B0 is at 148.38% of its emergency rating on phase 2!
[2025-07-10 21:10:32.950] [console] [debug] IEEE_8500node_fed[51]::setting value for gld_hlc_conn/Sa size 24
[2025-07-10 21:10:32.950] [console] [debug] IEEE_8500node_fed[51]::setting value for gld_hlc_conn/Sb size 24
[2025-07-10 21:10:32.950] [console] [debug] IEEE_8500node_fed[51]::setting value for gld_hlc_conn/Sc size 24
[2025-07-10 21:10:33.162] [console] [debug] IEEE_8500node_fed (131073)[51]::receive PUBLICATION pub:From (131072) handle(3) size 0 at 51 to 131073 from gridpack/Va
[2025-07-10 21:10:33.162] [console] [debug] IEEE_8500node_fed (131073)[51]::receive PUBLICATION pub:From (131072) handle(4) size 0 at 51 to 131073 from gridpack/Vb
[2025-07-10 21:10:33.162] [console] [debug] IEEE_8500node_fed (131073)[51]::receive PUBLICATION pub:From (131072) handle(5) size 0 at 51 to 131073 from gridpack/Vc
[2025-07-10 21:10:33.162] [console] [debug] IEEE_8500node_fed (131073)[52]::Granted Time=52
WARNING  [2000-09-01 12:00:52 PDT] : Regulator VREG3 has phase A at the maximum tap value
WARNING  [2000-09-01 12:00:52 PDT] : Line:HVMV_Sub_connector is at 113.25% of its emergency rating on phase A!
WARNING  [2000-09-01 12:00:52 PDT] : Line:HVMV_Sub_connector is at 107.82% of its emergency rating on phase B!
WARNING  [2000-09-01 12:00:52 PDT] : Line:HVMV_Sub_connector is at 100.10% of its emergency rating on phase C!
WARNING  [2000-09-01 12:00:52 PDT] : Line:CAP_3 is at 113.20% of its emergency rating on phase A!
WARNING  [2000-09-01 12:00:52 PDT] : Line:CAP_3 is at 107.82% of its emergency rating on phase B!
WARNING  [2000-09-01 12:00:52 PDT] : Line:CAP_2 is at 106.71% of its emergency rating on phase A!
WARNING  [2000-09-01 12:00:52 PDT] : Line:CAP_2 is at 104.06% of its emergency rating on phase B!
WARNING  [2000-09-01 12:00:52 PDT] : Line:LN6351510-1 is at 112.67% of its emergency rating on phase C!
WARNING  [2000-09-01 12:00:52 PDT] : Line:LN6350556-2 is at 105.34% of its emergency rating on phase A!
WARNING  [2000-09-01 12:00:52 PDT] : last warning message was repeated 11 times
WARNING  [2000-09-01 12:00:52 PDT] : Line:Tpx227944551C0 is at 153.41% of its emergency rating on phase 1!
WARNING  [2000-09-01 12:00:52 PDT] : Line:Tpx227944551C0 is at 153.41% of its emergency rating on phase 2!
WARNING  [2000-09-01 12:00:52 PDT] : Line:Tpx227944551A0 is at 135.35% of its emergency rating on phase 1!
WARNING  [2000-09-01 12:00:52 PDT] : Line:Tpx227944551A0 is at 135.35% of its emergency rating on phase 2!
WARNING  [2000-09-01 12:00:52 PDT] : Line:Tpx227944551B0 is at 148.38% of its emergency rating on phase 1!
WARNING  [2000-09-01 12:00:52 PDT] : Line:Tpx227944551B0 is at 148.38% of its emergency rating on phase 2!
                                      Processing 2000-09-01 12:00:52 PDT...[2025-07-10 21:10:33.205] [console] [debug] IEEE_8500node_fed[52]::setting value for gld_hlc_conn/Sa size 24
[2025-07-10 21:10:33.205] [console] [debug] IEEE_8500node_fed[52]::setting value for gld_hlc_conn/Sb size 24
[2025-07-10 21:10:33.205] [console] [debug] IEEE_8500node_fed[52]::setting value for gld_hlc_conn/Sc size 24
[2025-07-10 21:10:33.396] [console] [debug] IEEE_8500node_fed (131073)[52]::receive PUBLICATION pub:From (131072) handle(3) size 0 at 52 to 131073 from gridpack/Va
[2025-07-10 21:10:33.396] [console] [debug] IEEE_8500node_fed (131073)[52]::receive PUBLICATION pub:From (131072) handle(4) size 0 at 52 to 131073 from gridpack/Vb
[2025-07-10 21:10:33.396] [console] [debug] IEEE_8500node_fed (131073)[52]::receive PUBLICATION pub:From (131072) handle(5) size 0 at 52 to 131073 from gridpack/Vc
[2025-07-10 21:10:33.396] [console] [debug] IEEE_8500node_fed (131073)[53]::Granted Time=53
WARNING  [2000-09-01 12:00:53 PDT] : Regulator VREG3 has phase A at the maximum tap value
WARNING  [2000-09-01 12:00:53 PDT] : Line:HVMV_Sub_connector is at 113.25% of its emergency rating on phase A!
WARNING  [2000-09-01 12:00:53 PDT] : Line:HVMV_Sub_connector is at 107.82% of its emergency rating on phase B!
WARNING  [2000-09-01 12:00:53 PDT] : Line:HVMV_Sub_connector is at 100.10% of its emergency rating on phase C!
WARNING  [2000-09-01 12:00:53 PDT] : Line:CAP_3 is at 113.20% of its emergency rating on phase A!
WARNING  [2000-09-01 12:00:53 PDT] : Line:CAP_3 is at 107.82% of its emergency rating on phase B!
WARNING  [2000-09-01 12:00:53 PDT] : Line:CAP_2 is at 106.71% of its emergency rating on phase A!
WARNING  [2000-09-01 12:00:53 PDT] : Line:CAP_2 is at 104.06% of its emergency rating on phase B!
WARNING  [2000-09-01 12:00:53 PDT] : Line:LN6351510-1 is at 112.67% of its emergency rating on phase C!
WARNING  [2000-09-01 12:00:53 PDT] : Line:LN6350556-2 is at 105.34% of its emergency rating on phase A!
WARNING  [2000-09-01 12:00:53 PDT] : last warning message was repeated 11 times
WARNING  [2000-09-01 12:00:53 PDT] : Line:Tpx227944551C0 is at 153.41% of its emergency rating on phase 1!
WARNING  [2000-09-01 12:00:53 PDT] : Line:Tpx227944551C0 is at 153.41% of its emergency rating on phase 2!
WARNING  [2000-09-01 12:00:53 PDT] : Line:Tpx227944551A0 is at 135.35% of its emergency rating on phase 1!
WARNING  [2000-09-01 12:00:53 PDT] : Line:Tpx227944551A0 is at 135.35% of its emergency rating on phase 2!
WARNING  [2000-09-01 12:00:53 PDT] : Line:Tpx227944551B0 is at 148.38% of its emergency rating on phase 1!
WARNING  [2000-09-01 12:00:53 PDT] : Line:Tpx227944551B0 is at 148.38% of its emergency rating on phase 2!
[2025-07-10 21:10:33.443] [console] [debug] IEEE_8500node_fed[53]::setting value for gld_hlc_conn/Sa size 24
[2025-07-10 21:10:33.443] [console] [debug] IEEE_8500node_fed[53]::setting value for gld_hlc_conn/Sb size 24
[2025-07-10 21:10:33.443] [console] [debug] IEEE_8500node_fed[53]::setting value for gld_hlc_conn/Sc size 24
[2025-07-10 21:10:33.660] [console] [debug] IEEE_8500node_fed (131073)[53]::receive PUBLICATION pub:From (131072) handle(3) size 0 at 53 to 131073 from gridpack/Va
[2025-07-10 21:10:33.660] [console] [debug] IEEE_8500node_fed (131073)[53]::receive PUBLICATION pub:From (131072) handle(4) size 0 at 53 to 131073 from gridpack/Vb
[2025-07-10 21:10:33.660] [console] [debug] IEEE_8500node_fed (131073)[53]::receive PUBLICATION pub:From (131072) handle(5) size 0 at 53 to 131073 from gridpack/Vc
[2025-07-10 21:10:33.660] [console] [debug] IEEE_8500node_fed (131073)[54]::Granted Time=54
WARNING  [2000-09-01 12:00:54 PDT] : Regulator VREG3 has phase A at the maximum tap value
WARNING  [2000-09-01 12:00:54 PDT] : Line:HVMV_Sub_connector is at 113.25% of its emergency rating on phase A!
WARNING  [2000-09-01 12:00:54 PDT] : Line:HVMV_Sub_connector is at 107.82% of its emergency rating on phase B!
WARNING  [2000-09-01 12:00:54 PDT] : Line:HVMV_Sub_connector is at 100.10% of its emergency rating on phase C!
WARNING  [2000-09-01 12:00:54 PDT] : Line:CAP_3 is at 113.20% of its emergency rating on phase A!
WARNING  [2000-09-01 12:00:54 PDT] : Line:CAP_3 is at 107.82% of its emergency rating on phase B!
WARNING  [2000-09-01 12:00:54 PDT] : Line:CAP_2 is at 106.71% of its emergency rating on phase A!
WARNING  [2000-09-01 12:00:54 PDT] : Line:CAP_2 is at 104.06% of its emergency rating on phase B!
WARNING  [2000-09-01 12:00:54 PDT] : Line:LN6351510-1 is at 112.67% of its emergency rating on phase C!
WARNING  [2000-09-01 12:00:54 PDT] : Line:LN6350556-2 is at 105.34% of its emergency rating on phase A!
WARNING  [2000-09-01 12:00:54 PDT] : last warning message was repeated 11 times
WARNING  [2000-09-01 12:00:54 PDT] : Line:Tpx227944551C0 is at 153.41% of its emergency rating on phase 1!
WARNING  [2000-09-01 12:00:54 PDT] : Line:Tpx227944551C0 is at 153.41% of its emergency rating on phase 2!
WARNING  [2000-09-01 12:00:54 PDT] : Line:Tpx227944551A0 is at 135.35% of its emergency rating on phase 1!
WARNING  [2000-09-01 12:00:54 PDT] : Line:Tpx227944551A0 is at 135.35% of its emergency rating on phase 2!
WARNING  [2000-09-01 12:00:54 PDT] : Line:Tpx227944551B0 is at 148.38% of its emergency rating on phase 1!
WARNING  [2000-09-01 12:00:54 PDT] : Line:Tpx227944551B0 is at 148.38% of its emergency rating on phase 2!
[2025-07-10 21:10:33.697] [console] [debug] IEEE_8500node_fed[54]::setting value for gld_hlc_conn/Sa size 24
[2025-07-10 21:10:33.697] [console] [debug] IEEE_8500node_fed[54]::setting value for gld_hlc_conn/Sb size 24
[2025-07-10 21:10:33.697] [console] [debug] IEEE_8500node_fed[54]::setting value for gld_hlc_conn/Sc size 24
[2025-07-10 21:10:33.898] [console] [debug] IEEE_8500node_fed (131073)[54]::receive PUBLICATION pub:From (131072) handle(3) size 0 at 54 to 131073 from gridpack/Va
[2025-07-10 21:10:33.898] [console] [debug] IEEE_8500node_fed (131073)[54]::receive PUBLICATION pub:From (131072) handle(4) size 0 at 54 to 131073 from gridpack/Vb
[2025-07-10 21:10:33.898] [console] [debug] IEEE_8500node_fed (131073)[54]::receive PUBLICATION pub:From (131072) handle(5) size 0 at 54 to 131073 from gridpack/Vc
[2025-07-10 21:10:33.898] [console] [debug] IEEE_8500node_fed (131073)[55]::Granted Time=55
WARNING  [2000-09-01 12:00:55 PDT] : Regulator VREG3 has phase A at the maximum tap value
WARNING  [2000-09-01 12:00:55 PDT] : Line:HVMV_Sub_connector is at 113.25% of its emergency rating on phase A!
WARNING  [2000-09-01 12:00:55 PDT] : Line:HVMV_Sub_connector is at 107.82% of its emergency rating on phase B!
WARNING  [2000-09-01 12:00:55 PDT] : Line:HVMV_Sub_connector is at 100.10% of its emergency rating on phase C!
WARNING  [2000-09-01 12:00:55 PDT] : Line:CAP_3 is at 113.20% of its emergency rating on phase A!
WARNING  [2000-09-01 12:00:55 PDT] : Line:CAP_3 is at 107.82% of its emergency rating on phase B!
WARNING  [2000-09-01 12:00:55 PDT] : Line:CAP_2 is at 106.71% of its emergency rating on phase A!
WARNING  [2000-09-01 12:00:55 PDT] : Line:CAP_2 is at 104.06% of its emergency rating on phase B!
WARNING  [2000-09-01 12:00:55 PDT] : Line:LN6351510-1 is at 112.67% of its emergency rating on phase C!
WARNING  [2000-09-01 12:00:55 PDT] : Line:LN6350556-2 is at 105.34% of its emergency rating on phase A!
WARNING  [2000-09-01 12:00:55 PDT] : last warning message was repeated 11 times
WARNING  [2000-09-01 12:00:55 PDT] : Line:Tpx227944551C0 is at 153.41% of its emergency rating on phase 1!
WARNING  [2000-09-01 12:00:55 PDT] : Line:Tpx227944551C0 is at 153.41% of its emergency rating on phase 2!
WARNING  [2000-09-01 12:00:55 PDT] : Line:Tpx227944551A0 is at 135.35% of its emergency rating on phase 1!
WARNING  [2000-09-01 12:00:55 PDT] : Line:Tpx227944551A0 is at 135.35% of its emergency rating on phase 2!
WARNING  [2000-09-01 12:00:55 PDT] : Line:Tpx227944551B0 is at 148.38% of its emergency rating on phase 1!
WARNING  [2000-09-01 12:00:55 PDT] : Line:Tpx227944551B0 is at 148.38% of its emergency rating on phase 2!
[2025-07-10 21:10:33.935] [console] [debug] IEEE_8500node_fed[55]::setting value for gld_hlc_conn/Sa size 24
[2025-07-10 21:10:33.935] [console] [debug] IEEE_8500node_fed[55]::setting value for gld_hlc_conn/Sb size 24
[2025-07-10 21:10:33.935] [console] [debug] IEEE_8500node_fed[55]::setting value for gld_hlc_conn/Sc size 24
[2025-07-10 21:10:34.149] [console] [debug] IEEE_8500node_fed (131073)[55]::receive PUBLICATION pub:From (131072) handle(3) size 0 at 55 to 131073 from gridpack/Va
[2025-07-10 21:10:34.149] [console] [debug] IEEE_8500node_fed (131073)[55]::receive PUBLICATION pub:From (131072) handle(4) size 0 at 55 to 131073 from gridpack/Vb
[2025-07-10 21:10:34.149] [console] [debug] IEEE_8500node_fed (131073)[55]::receive PUBLICATION pub:From (131072) handle(5) size 0 at 55 to 131073 from gridpack/Vc
[2025-07-10 21:10:34.149] [console] [debug] IEEE_8500node_fed (131073)[56]::Granted Time=56
WARNING  [2000-09-01 12:00:56 PDT] : Regulator VREG3 has phase A at the maximum tap value
WARNING  [2000-09-01 12:00:56 PDT] : Line:HVMV_Sub_connector is at 113.25% of its emergency rating on phase A!
WARNING  [2000-09-01 12:00:56 PDT] : Line:HVMV_Sub_connector is at 107.82% of its emergency rating on phase B!
WARNING  [2000-09-01 12:00:56 PDT] : Line:HVMV_Sub_connector is at 100.10% of its emergency rating on phase C!
WARNING  [2000-09-01 12:00:56 PDT] : Line:CAP_3 is at 113.20% of its emergency rating on phase A!
WARNING  [2000-09-01 12:00:56 PDT] : Line:CAP_3 is at 107.82% of its emergency rating on phase B!
WARNING  [2000-09-01 12:00:56 PDT] : Line:CAP_2 is at 106.71% of its emergency rating on phase A!
WARNING  [2000-09-01 12:00:56 PDT] : Line:CAP_2 is at 104.06% of its emergency rating on phase B!
WARNING  [2000-09-01 12:00:56 PDT] : Line:LN6351510-1 is at 112.67% of its emergency rating on phase C!
WARNING  [2000-09-01 12:00:56 PDT] : Line:LN6350556-2 is at 105.34% of its emergency rating on phase A!
WARNING  [2000-09-01 12:00:56 PDT] : last warning message was repeated 11 times
WARNING  [2000-09-01 12:00:56 PDT] : Line:Tpx227944551C0 is at 153.41% of its emergency rating on phase 1!
WARNING  [2000-09-01 12:00:56 PDT] : Line:Tpx227944551C0 is at 153.41% of its emergency rating on phase 2!
WARNING  [2000-09-01 12:00:56 PDT] : Line:Tpx227944551A0 is at 135.35% of its emergency rating on phase 1!
WARNING  [2000-09-01 12:00:56 PDT] : Line:Tpx227944551A0 is at 135.35% of its emergency rating on phase 2!
WARNING  [2000-09-01 12:00:56 PDT] : Line:Tpx227944551B0 is at 148.38% of its emergency rating on phase 1!
WARNING  [2000-09-01 12:00:56 PDT] : Line:Tpx227944551B0 is at 148.38% of its emergency rating on phase 2!
                                      Processing 2000-09-01 12:00:56 PDT...[2025-07-10 21:10:34.197] [console] [debug] IEEE_8500node_fed[56]::setting value for gld_hlc_conn/Sa size 24
[2025-07-10 21:10:34.197] [console] [debug] IEEE_8500node_fed[56]::setting value for gld_hlc_conn/Sb size 24
[2025-07-10 21:10:34.197] [console] [debug] IEEE_8500node_fed[56]::setting value for gld_hlc_conn/Sc size 24
[2025-07-10 21:10:34.405] [console] [debug] IEEE_8500node_fed (131073)[56]::receive PUBLICATION pub:From (131072) handle(3) size 0 at 56 to 131073 from gridpack/Va
[2025-07-10 21:10:34.405] [console] [debug] IEEE_8500node_fed (131073)[56]::receive PUBLICATION pub:From (131072) handle(4) size 0 at 56 to 131073 from gridpack/Vb
[2025-07-10 21:10:34.405] [console] [debug] IEEE_8500node_fed (131073)[56]::receive PUBLICATION pub:From (131072) handle(5) size 0 at 56 to 131073 from gridpack/Vc
[2025-07-10 21:10:34.405] [console] [debug] IEEE_8500node_fed (131073)[57]::Granted Time=57
WARNING  [2000-09-01 12:00:57 PDT] : Regulator VREG3 has phase A at the maximum tap value
WARNING  [2000-09-01 12:00:57 PDT] : Line:HVMV_Sub_connector is at 113.25% of its emergency rating on phase A!
WARNING  [2000-09-01 12:00:57 PDT] : Line:HVMV_Sub_connector is at 107.82% of its emergency rating on phase B!
WARNING  [2000-09-01 12:00:57 PDT] : Line:HVMV_Sub_connector is at 100.10% of its emergency rating on phase C!
WARNING  [2000-09-01 12:00:57 PDT] : Line:CAP_3 is at 113.20% of its emergency rating on phase A!
WARNING  [2000-09-01 12:00:57 PDT] : Line:CAP_3 is at 107.82% of its emergency rating on phase B!
WARNING  [2000-09-01 12:00:57 PDT] : Line:CAP_2 is at 106.71% of its emergency rating on phase A!
WARNING  [2000-09-01 12:00:57 PDT] : Line:CAP_2 is at 104.06% of its emergency rating on phase B!
WARNING  [2000-09-01 12:00:57 PDT] : Line:LN6351510-1 is at 112.67% of its emergency rating on phase C!
WARNING  [2000-09-01 12:00:57 PDT] : Line:LN6350556-2 is at 105.34% of its emergency rating on phase A!
WARNING  [2000-09-01 12:00:57 PDT] : last warning message was repeated 11 times
WARNING  [2000-09-01 12:00:57 PDT] : Line:Tpx227944551C0 is at 153.41% of its emergency rating on phase 1!
WARNING  [2000-09-01 12:00:57 PDT] : Line:Tpx227944551C0 is at 153.41% of its emergency rating on phase 2!
WARNING  [2000-09-01 12:00:57 PDT] : Line:Tpx227944551A0 is at 135.35% of its emergency rating on phase 1!
WARNING  [2000-09-01 12:00:57 PDT] : Line:Tpx227944551A0 is at 135.35% of its emergency rating on phase 2!
WARNING  [2000-09-01 12:00:57 PDT] : Line:Tpx227944551B0 is at 148.38% of its emergency rating on phase 1!
WARNING  [2000-09-01 12:00:57 PDT] : Line:Tpx227944551B0 is at 148.38% of its emergency rating on phase 2!
[2025-07-10 21:10:34.444] [console] [debug] IEEE_8500node_fed[57]::setting value for gld_hlc_conn/Sa size 24
[2025-07-10 21:10:34.444] [console] [debug] IEEE_8500node_fed[57]::setting value for gld_hlc_conn/Sb size 24
[2025-07-10 21:10:34.444] [console] [debug] IEEE_8500node_fed[57]::setting value for gld_hlc_conn/Sc size 24
[2025-07-10 21:10:34.648] [console] [debug] IEEE_8500node_fed (131073)[57]::receive PUBLICATION pub:From (131072) handle(3) size 0 at 57 to 131073 from gridpack/Va
[2025-07-10 21:10:34.648] [console] [debug] IEEE_8500node_fed (131073)[57]::receive PUBLICATION pub:From (131072) handle(4) size 0 at 57 to 131073 from gridpack/Vb
[2025-07-10 21:10:34.648] [console] [debug] IEEE_8500node_fed (131073)[57]::receive PUBLICATION pub:From (131072) handle(5) size 0 at 57 to 131073 from gridpack/Vc
[2025-07-10 21:10:34.648] [console] [debug] IEEE_8500node_fed (131073)[58]::Granted Time=58
WARNING  [2000-09-01 12:00:58 PDT] : Regulator VREG3 has phase A at the maximum tap value
WARNING  [2000-09-01 12:00:58 PDT] : Line:HVMV_Sub_connector is at 113.25% of its emergency rating on phase A!
WARNING  [2000-09-01 12:00:58 PDT] : Line:HVMV_Sub_connector is at 107.82% of its emergency rating on phase B!
WARNING  [2000-09-01 12:00:58 PDT] : Line:HVMV_Sub_connector is at 100.10% of its emergency rating on phase C!
WARNING  [2000-09-01 12:00:58 PDT] : Line:CAP_3 is at 113.20% of its emergency rating on phase A!
WARNING  [2000-09-01 12:00:58 PDT] : Line:CAP_3 is at 107.82% of its emergency rating on phase B!
WARNING  [2000-09-01 12:00:58 PDT] : Line:CAP_2 is at 106.71% of its emergency rating on phase A!
WARNING  [2000-09-01 12:00:58 PDT] : Line:CAP_2 is at 104.06% of its emergency rating on phase B!
WARNING  [2000-09-01 12:00:58 PDT] : Line:LN6351510-1 is at 112.67% of its emergency rating on phase C!
WARNING  [2000-09-01 12:00:58 PDT] : Line:LN6350556-2 is at 105.34% of its emergency rating on phase A!
WARNING  [2000-09-01 12:00:58 PDT] : last warning message was repeated 11 times
WARNING  [2000-09-01 12:00:58 PDT] : Line:Tpx227944551C0 is at 153.41% of its emergency rating on phase 1!
WARNING  [2000-09-01 12:00:58 PDT] : Line:Tpx227944551C0 is at 153.41% of its emergency rating on phase 2!
WARNING  [2000-09-01 12:00:58 PDT] : Line:Tpx227944551A0 is at 135.35% of its emergency rating on phase 1!
WARNING  [2000-09-01 12:00:58 PDT] : Line:Tpx227944551A0 is at 135.35% of its emergency rating on phase 2!
WARNING  [2000-09-01 12:00:58 PDT] : Line:Tpx227944551B0 is at 148.38% of its emergency rating on phase 1!
WARNING  [2000-09-01 12:00:58 PDT] : Line:Tpx227944551B0 is at 148.38% of its emergency rating on phase 2!
[2025-07-10 21:10:34.692] [console] [debug] IEEE_8500node_fed[58]::setting value for gld_hlc_conn/Sa size 24
[2025-07-10 21:10:34.692] [console] [debug] IEEE_8500node_fed[58]::setting value for gld_hlc_conn/Sb size 24
[2025-07-10 21:10:34.692] [console] [debug] IEEE_8500node_fed[58]::setting value for gld_hlc_conn/Sc size 24
[2025-07-10 21:10:34.885] [console] [debug] IEEE_8500node_fed (131073)[58]::receive PUBLICATION pub:From (131072) handle(3) size 0 at 58 to 131073 from gridpack/Va
[2025-07-10 21:10:34.885] [console] [debug] IEEE_8500node_fed (131073)[58]::receive PUBLICATION pub:From (131072) handle(4) size 0 at 58 to 131073 from gridpack/Vb
[2025-07-10 21:10:34.885] [console] [debug] IEEE_8500node_fed (131073)[58]::receive PUBLICATION pub:From (131072) handle(5) size 0 at 58 to 131073 from gridpack/Vc
[2025-07-10 21:10:34.885] [console] [debug] IEEE_8500node_fed (131073)[59]::Granted Time=59
WARNING  [2000-09-01 12:00:59 PDT] : Regulator VREG3 has phase A at the maximum tap value
WARNING  [2000-09-01 12:00:59 PDT] : Line:HVMV_Sub_connector is at 113.25% of its emergency rating on phase A!
WARNING  [2000-09-01 12:00:59 PDT] : Line:HVMV_Sub_connector is at 107.82% of its emergency rating on phase B!
WARNING  [2000-09-01 12:00:59 PDT] : Line:HVMV_Sub_connector is at 100.10% of its emergency rating on phase C!
WARNING  [2000-09-01 12:00:59 PDT] : Line:CAP_3 is at 113.20% of its emergency rating on phase A!
WARNING  [2000-09-01 12:00:59 PDT] : Line:CAP_3 is at 107.82% of its emergency rating on phase B!
WARNING  [2000-09-01 12:00:59 PDT] : Line:CAP_2 is at 106.71% of its emergency rating on phase A!
WARNING  [2000-09-01 12:00:59 PDT] : Line:CAP_2 is at 104.06% of its emergency rating on phase B!
WARNING  [2000-09-01 12:00:59 PDT] : Line:LN6351510-1 is at 112.67% of its emergency rating on phase C!
WARNING  [2000-09-01 12:00:59 PDT] : Line:LN6350556-2 is at 105.34% of its emergency rating on phase A!
WARNING  [2000-09-01 12:00:59 PDT] : last warning message was repeated 11 times
WARNING  [2000-09-01 12:00:59 PDT] : Line:Tpx227944551C0 is at 153.41% of its emergency rating on phase 1!
WARNING  [2000-09-01 12:00:59 PDT] : Line:Tpx227944551C0 is at 153.41% of its emergency rating on phase 2!
WARNING  [2000-09-01 12:00:59 PDT] : Line:Tpx227944551A0 is at 135.35% of its emergency rating on phase 1!
WARNING  [2000-09-01 12:00:59 PDT] : Line:Tpx227944551A0 is at 135.35% of its emergency rating on phase 2!
WARNING  [2000-09-01 12:00:59 PDT] : Line:Tpx227944551B0 is at 148.38% of its emergency rating on phase 1!
WARNING  [2000-09-01 12:00:59 PDT] : Line:Tpx227944551B0 is at 148.38% of its emergency rating on phase 2!
[2025-07-10 21:10:34.927] [console] [debug] IEEE_8500node_fed[59]::setting value for gld_hlc_conn/Sa size 24
[2025-07-10 21:10:34.927] [console] [debug] IEEE_8500node_fed[59]::setting value for gld_hlc_conn/Sb size 24
[2025-07-10 21:10:34.927] [console] [debug] IEEE_8500node_fed[59]::setting value for gld_hlc_conn/Sc size 24
[2025-07-10 21:10:35.129] [console] [debug] IEEE_8500node_fed (131073)[59]::receive PUBLICATION pub:From (131072) handle(3) size 0 at 59 to 131073 from gridpack/Va
[2025-07-10 21:10:35.129] [console] [debug] IEEE_8500node_fed (131073)[59]::receive PUBLICATION pub:From (131072) handle(4) size 0 at 59 to 131073 from gridpack/Vb
[2025-07-10 21:10:35.129] [console] [debug] IEEE_8500node_fed (131073)[59]::receive PUBLICATION pub:From (131072) handle(5) size 0 at 59 to 131073 from gridpack/Vc
[2025-07-10 21:10:35.129] [console] [debug] IEEE_8500node_fed (131073)[60]::Granted Time=60
WARNING  [2000-09-01 12:01:00 PDT] : Regulator VREG3 has phase A at the maximum tap value
WARNING  [2000-09-01 12:01:00 PDT] : Line:HVMV_Sub_connector is at 113.25% of its emergency rating on phase A!
WARNING  [2000-09-01 12:01:00 PDT] : Line:HVMV_Sub_connector is at 107.82% of its emergency rating on phase B!
WARNING  [2000-09-01 12:01:00 PDT] : Line:HVMV_Sub_connector is at 100.10% of its emergency rating on phase C!
WARNING  [2000-09-01 12:01:00 PDT] : Line:CAP_3 is at 113.20% of its emergency rating on phase A!
WARNING  [2000-09-01 12:01:00 PDT] : Line:CAP_3 is at 107.82% of its emergency rating on phase B!
WARNING  [2000-09-01 12:01:00 PDT] : Line:CAP_2 is at 106.71% of its emergency rating on phase A!
WARNING  [2000-09-01 12:01:00 PDT] : Line:CAP_2 is at 104.06% of its emergency rating on phase B!
WARNING  [2000-09-01 12:01:00 PDT] : Line:LN6351510-1 is at 112.67% of its emergency rating on phase C!
WARNING  [2000-09-01 12:01:00 PDT] : Line:LN6350556-2 is at 105.34% of its emergency rating on phase A!
WARNING  [2000-09-01 12:01:00 PDT] : last warning message was repeated 11 times
WARNING  [2000-09-01 12:01:00 PDT] : Line:Tpx227944551C0 is at 153.41% of its emergency rating on phase 1!
WARNING  [2000-09-01 12:01:00 PDT] : Line:Tpx227944551C0 is at 153.41% of its emergency rating on phase 2!
WARNING  [2000-09-01 12:01:00 PDT] : Line:Tpx227944551A0 is at 135.35% of its emergency rating on phase 1!
WARNING  [2000-09-01 12:01:00 PDT] : Line:Tpx227944551A0 is at 135.35% of its emergency rating on phase 2!
WARNING  [2000-09-01 12:01:00 PDT] : Line:Tpx227944551B0 is at 148.38% of its emergency rating on phase 1!
WARNING  [2000-09-01 12:01:00 PDT] : Line:Tpx227944551B0 is at 148.38% of its emergency rating on phase 2!
                                      Processing 2000-09-01 12:01:00 PDT...[2025-07-10 21:10:35.167] [console] [debug] IEEE_8500node_fed[60]::setting value for gld_hlc_conn/Sa size 24
[2025-07-10 21:10:35.167] [console] [debug] IEEE_8500node_fed[60]::setting value for gld_hlc_conn/Sb size 24
[2025-07-10 21:10:35.167] [console] [debug] IEEE_8500node_fed[60]::setting value for gld_hlc_conn/Sc size 24
[2025-07-10 21:10:35.371] [console] [debug] IEEE_8500node_fed (131073)[60]::receive PUBLICATION pub:From (131072) handle(3) size 0 at 60 to 131073 from gridpack/Va
[2025-07-10 21:10:35.371] [console] [debug] IEEE_8500node_fed (131073)[60]::receive PUBLICATION pub:From (131072) handle(4) size 0 at 60 to 131073 from gridpack/Vb
[2025-07-10 21:10:35.371] [console] [debug] IEEE_8500node_fed (131073)[60]::receive PUBLICATION pub:From (131072) handle(5) size 0 at 60 to 131073 from gridpack/Vc
[2025-07-10 21:10:35.374] [console] [debug] IEEE_8500node_fed (131073)[61]::Granted Time=61
WARNING  [2000-09-01 12:01:01 PDT] : Regulator VREG3 has phase A at the maximum tap value
WARNING  [2000-09-01 12:01:01 PDT] : Line:HVMV_Sub_connector is at 113.25% of its emergency rating on phase A!
WARNING  [2000-09-01 12:01:01 PDT] : Line:HVMV_Sub_connector is at 107.82% of its emergency rating on phase B!
WARNING  [2000-09-01 12:01:01 PDT] : Line:HVMV_Sub_connector is at 100.10% of its emergency rating on phase C!
WARNING  [2000-09-01 12:01:01 PDT] : Line:CAP_3 is at 113.20% of its emergency rating on phase A!
WARNING  [2000-09-01 12:01:01 PDT] : Line:CAP_3 is at 107.82% of its emergency rating on phase B!
WARNING  [2000-09-01 12:01:01 PDT] : Line:CAP_2 is at 106.71% of its emergency rating on phase A!
WARNING  [2000-09-01 12:01:01 PDT] : Line:CAP_2 is at 104.06% of its emergency rating on phase B!
WARNING  [2000-09-01 12:01:01 PDT] : Line:LN6351510-1 is at 112.67% of its emergency rating on phase C!
WARNING  [2000-09-01 12:01:01 PDT] : Line:LN6350556-2 is at 105.34% of its emergency rating on phase A!
WARNING  [2000-09-01 12:01:01 PDT] : last warning message was repeated 11 times
WARNING  [2000-09-01 12:01:01 PDT] : Line:Tpx227944551C0 is at 153.41% of its emergency rating on phase 1!
WARNING  [2000-09-01 12:01:01 PDT] : Line:Tpx227944551C0 is at 153.41% of its emergency rating on phase 2!
WARNING  [2000-09-01 12:01:01 PDT] : Line:Tpx227944551A0 is at 135.35% of its emergency rating on phase 1!
WARNING  [2000-09-01 12:01:01 PDT] : Line:Tpx227944551A0 is at 135.35% of its emergency rating on phase 2!
WARNING  [2000-09-01 12:01:01 PDT] : Line:Tpx227944551B0 is at 148.38% of its emergency rating on phase 1!
WARNING  [2000-09-01 12:01:01 PDT] : Line:Tpx227944551B0 is at 148.38% of its emergency rating on phase 2!
[2025-07-10 21:10:35.423] [console] [debug] IEEE_8500node_fed (131073)[61]::Terminating
[2025-07-10 21:10:35.423] [console] [debug] IEEE_8500node_fed (131073)[61]::Granted Time=61

Core profiler results
======================

Total objects               9888 objects
Parallelism                    1 thread
Total time                  15.0 seconds
  Core time                 11.6 seconds (77.3%)
    Compiler                 2.1 seconds (14.0%)
    Instances                0.0 seconds (0.0%)
    Random variables         0.0 seconds (0.0%)
    Schedules                0.0 seconds (0.0%)
    Loadshapes               0.0 seconds (0.0%)
    Enduses                  0.0 seconds (0.0%)
    Transforms               0.0 seconds (0.0%)
  Model time                 3.4 seconds/thread (22.7%)
Simulation time                0 days
Simulation speed              11 object.hours/second
Passes completed              95 passes
Time steps completed          62 timesteps
Convergence efficiency      1.53 passes/timestep
Read lock contention        0.0%
Write lock contention       0.0%
Average timestep              1 seconds/timestep
Simulation rate               4 x realtime


Model profiler results
======================

Class            Time (s) Time (%) msec/obj
---------------- -------- -------- --------
overhead_line      0.915     26.9%      0.4
node               0.727     21.4%      0.3
triplex_node       0.615     18.1%      0.3
triplex_line       0.478     14.1%      0.4
transformer        0.474     14.0%      0.4
helics_msg         0.127      3.7%    126.6
currdump           0.019      0.6%     19.3
switch             0.018      0.5%      0.4
voltdump           0.009      0.3%      9.3
recorder           0.004      0.1%      2.1
multi_recorder     0.004      0.1%      2.1
capacitor          0.004      0.1%      1.0
regulator          0.003      0.1%      0.8
meter              0.002      0.1%      2.2
line_configurati   0.000      0.0%      0.0
transformer_conf   0.000      0.0%      0.0
regulator_config   0.000      0.0%      0.0
overhead_line_co   0.000      0.0%      0.0
triplex_line_con   0.000      0.0%      0.0
line_spacing       0.000      0.0%      0.0
================ ======== ======== ========
Total              3.399    100.0%      0.3

